trainee_id,salary,retention_months,job_changes,district,course_category,qualification
TRN_MH_2026_1000,19238.5,4.5,0,Chhatrapati Sambhajinagar,Apparel,ITI Diploma
TRN_MH_2026_1001,17016.07,9.7,0,Mumbai,Healthcare,10th Pass
TRN_MH_2026_1002,19766.91,11.9,0,Amravati,IT-ITeS,10th Pass
TRN_MH_2026_1003,22830.6,23.4,0,Solapur,Automotive,Below 10th
TRN_MH_2026_1004,16680.46,16.8,1,Thane,Apparel,10th Pass
TRN_MH_2026_1005,16680.52,7.3,0,Nashik,Construction,10th Pass
TRN_MH_2026_1006,23027.24,16.4,0,Solapur,Construction,12th Pass
TRN_MH_2026_1007,20186.02,6.3,0,Solapur,IT-ITeS,Below 10th
TRN_MH_2026_1008,15856.84,19.4,2,Gadchiroli,Construction,Graduate
TRN_MH_2026_1009,19398.96,11.6,2,Thane,Apparel,Below 10th
TRN_MH_2026_1010,15878.04,13.5,1,Thane,IT-ITeS,ITI Diploma
TRN_MH_2026_1011,15869.95,20.6,2,Nagpur,IT-ITeS,10th Pass
TRN_MH_2026_1012,18346.87,7.6,2,Nagpur,Automotive,12th Pass
TRN_MH_2026_1013,10803.52,7.0,1,Amravati,Construction,Below 10th
TRN_MH_2026_1014,11462.79,,2,Chhatrapati Sambhajinagar,Automotive,10th Pass
TRN_MH_2026_1015,15531.99,19.2,0,Gadchiroli,IT-ITeS,ITI Diploma
TRN_MH_2026_1016,13955.09,6.4,1,Nagpur,Electronics and Hardware,12th Pass
TRN_MH_2026_1017,18599.87,1.0,0,Chhatrapati Sambhajinagar,Construction,12th Pass
TRN_MH_2026_1018,14321.92,,1,Mumbai,Automotive,Below 10th
TRN_MH_2026_1019,12556.94,16.8,0,Pune,Healthcare,10th Pass
TRN_MH_2026_1020,22629.77,20.0,0,Nashik,Automotive,Graduate
TRN_MH_2026_1021,16709.78,11.7,0,Gadchiroli,Electronics and Hardware,12th Pass
TRN_MH_2026_1022,17736.35,0.5,12,Nashik,Automotive,10th Pass
TRN_MH_2026_1023,12513.38,19.8,0,Amravati,Electronics and Hardware,10th Pass
TRN_MH_2026_1024,15594.66,4.7,0,Chhatrapati Sambhajinagar,Healthcare,12th Pass
TRN_MH_2026_1025,17888.23,12.1,1,Gadchiroli,Electronics and Hardware,Below 10th
TRN_MH_2026_1026,13471.52,15.0,0,Thane,Healthcare,ITI Diploma
TRN_MH_2026_1027,18814.94,16.2,0,Thane,IT-ITeS,Below 10th
TRN_MH_2026_1028,15397.76,11.5,3,Nagpur,Construction,ITI Diploma
TRN_MH_2026_1029,,14.2,1,Thane,Construction,10th Pass
TRN_MH_2026_1030,15394.03,1.6,1,Pune,Healthcare,ITI Diploma
TRN_MH_2026_1031,23982.97,10.7,2,Pune,Healthcare,12th Pass
TRN_MH_2026_1032,17452.76,,0,Pune,Electronics and Hardware,10th Pass
TRN_MH_2026_1033,13798.01,9.1,0,Solapur,IT-ITeS,10th Pass
TRN_MH_2026_1034,20378.91,14.3,1,Thane,IT-ITeS,Below 10th
TRN_MH_2026_1035,13227.05,16.2,1,Gadchiroli,IT-ITeS,12th Pass
TRN_MH_2026_1036,18231.02,12.3,1,Thane,Automotive,10th Pass
TRN_MH_2026_1037,10641.15,0.5,8,Mumbai,Automotive,12th Pass
TRN_MH_2026_1038,12851.35,9.2,1,Nashik,IT-ITeS,Graduate
TRN_MH_2026_1039,18189.01,13.0,1,Mumbai,IT-ITeS,10th Pass
TRN_MH_2026_1040,20084.63,17.1,0,Chhatrapati Sambhajinagar,Electronics and Hardware,Graduate
TRN_MH_2026_1041,18099.79,14.8,2,Amravati,Healthcare,12th Pass
TRN_MH_2026_1042,17095.23,11.1,1,Chhatrapati Sambhajinagar,Construction,10th Pass
TRN_MH_2026_1043,16446.14,15.1,2,Nagpur,Automotive,ITI Diploma
TRN_MH_2026_1044,12325.17,17.6,0,Solapur,Healthcare,ITI Diploma
TRN_MH_2026_1045,14980.55,,1,Thane,IT-ITeS,10th Pass
TRN_MH_2026_1046,15887.76,19.8,1,Nashik,IT-ITeS,10th Pass
TRN_MH_2026_1047,21199.93,12.3,2,Thane,Electronics and Hardware,12th Pass
TRN_MH_2026_1048,18702.66,16.1,0,Amravati,Apparel,Graduate
TRN_MH_2026_1049,11329.36,20.0,1,Mumbai,IT-ITeS,Below 10th
TRN_MH_2026_1050,18634.29,7.1,0,Amravati,Electronics and Hardware,ITI Diploma
TRN_MH_2026_1051,16152.21,10.5,3,Pune,Automotive,Graduate
TRN_MH_2026_1052,15130.77,12.6,0,Pune,Electronics and Hardware,10th Pass
TRN_MH_2026_1053,19640.87,0.5,17,Nagpur,Construction,ITI Diploma
TRN_MH_2026_1054,21108.5,22.7,1,Solapur,Automotive,10th Pass
TRN_MH_2026_1055,20759.48,9.7,2,Nagpur,Electronics and Hardware,ITI Diploma
TRN_MH_2026_1056,14562.74,11.2,0,Nagpur,Electronics and Hardware,Graduate
TRN_MH_2026_1057,16417.76,15.0,0,Chhatrapati Sambhajinagar,Construction,Below 10th
TRN_MH_2026_1058,18659.42,8.0,0,Solapur,Automotive,ITI Diploma
TRN_MH_2026_1059,20914.41,12.0,0,Nagpur,Apparel,Graduate
TRN_MH_2026_1060,15822.89,15.6,1,Amravati,Electronics and Hardware,Below 10th
TRN_MH_2026_1061,16850.19,12.3,1,Amravati,Apparel,12th Pass
TRN_MH_2026_1062,13627.83,13.5,3,Nashik,Electronics and Hardware,10th Pass
TRN_MH_2026_1063,13313.28,11.4,2,Nashik,Construction,Graduate
TRN_MH_2026_1064,20343.84,6.4,0,Mumbai,Apparel,10th Pass
TRN_MH_2026_1065,22246.84,15.6,0,Mumbai,Construction,12th Pass
TRN_MH_2026_1066,17247.96,22.8,2,Nagpur,Apparel,Graduate
TRN_MH_2026_1067,21012.37,14.1,0,Mumbai,IT-ITeS,Graduate
TRN_MH_2026_1068,18765.73,15.1,0,Nagpur,Construction,Below 10th
TRN_MH_2026_1069,15242.08,17.5,1,Nashik,IT-ITeS,ITI Diploma
TRN_MH_2026_1070,18764.88,7.7,2,Amravati,Healthcare,10th Pass
TRN_MH_2026_1071,22883.13,22.5,1,Nagpur,Electronics and Hardware,Below 10th
TRN_MH_2026_1072,17374.61,15.0,1,Mumbai,Construction,ITI Diploma
TRN_MH_2026_1073,22976.25,22.2,1,Pune,Electronics and Hardware,ITI Diploma
TRN_MH_2026_1074,8330.89,10.3,1,Solapur,Apparel,10th Pass
TRN_MH_2026_1075,20376.66,23.1,0,Amravati,Construction,10th Pass
TRN_MH_2026_1076,17804.66,17.9,1,Pune,Apparel,Below 10th
TRN_MH_2026_1077,16453.47,16.8,1,Chhatrapati Sambhajinagar,Automotive,Graduate
TRN_MH_2026_1078,17821.16,15.2,1,Nagpur,Healthcare,Graduate
TRN_MH_2026_1079,10543.51,12.8,0,Amravati,Apparel,Below 10th
TRN_MH_2026_1080,165843.76,20.0,0,Chhatrapati Sambhajinagar,Construction,12th Pass
TRN_MH_2026_1081,18749.89,14.7,1,Nashik,Construction,10th Pass
TRN_MH_2026_1082,22672.63,4.2,2,Gadchiroli,IT-ITeS,12th Pass
TRN_MH_2026_1083,15686.05,8.4,1,Nashik,Automotive,Graduate
TRN_MH_2026_1084,14670.27,13.1,0,Mumbai,Construction,10th Pass
TRN_MH_2026_1085,15743.85,15.5,2,Chhatrapati Sambhajinagar,Electronics and Hardware,12th Pass
TRN_MH_2026_1086,20703.91,13.7,0,Chhatrapati Sambhajinagar,Construction,ITI Diploma
TRN_MH_2026_1087,18650.63,20.1,0,Nashik,IT-ITeS,12th Pass
TRN_MH_2026_1088,15645.84,4.2,0,Mumbai,Apparel,Graduate
TRN_MH_2026_1089,19296.44,14.7,1,Pune,Automotive,10th Pass
TRN_MH_2026_1090,17839.77,4.9,1,Pune,Construction,12th Pass
TRN_MH_2026_1091,20890.26,17.8,0,Nagpur,Apparel,Below 10th
TRN_MH_2026_1092,15042.81,13.5,0,Amravati,Construction,Graduate
TRN_MH_2026_1093,16353.18,16.1,0,Nagpur,Healthcare,Graduate
TRN_MH_2026_1094,16127.62,9.7,0,Thane,Automotive,Below 10th
TRN_MH_2026_1095,12377.7,20.4,2,Mumbai,Electronics and Hardware,Graduate
TRN_MH_2026_1096,18536.42,19.2,1,Thane,Apparel,Below 10th
TRN_MH_2026_1097,18413.69,16.9,1,Nagpur,Automotive,12th Pass
TRN_MH_2026_1098,17517.9,13.4,2,Gadchiroli,Construction,ITI Diploma
TRN_MH_2026_1099,16678.95,16.9,1,Chhatrapati Sambhajinagar,IT-ITeS,Below 10th
TRN_MH_2026_1100,12546.2,10.5,1,Nashik,Electronics and Hardware,Below 10th
TRN_MH_2026_1101,16027.74,18.3,0,Nagpur,Healthcare,Graduate
TRN_MH_2026_1102,16300.5,22.2,0,Mumbai,Apparel,Below 10th
TRN_MH_2026_1103,14692.03,19.4,2,Nashik,Construction,Below 10th
TRN_MH_2026_1104,16935.5,10.4,1,Solapur,Electronics and Hardware,12th Pass
TRN_MH_2026_1105,18914.18,15.8,0,Nashik,Construction,12th Pass
TRN_MH_2026_1106,183906.27,7.5,0,Solapur,Construction,Graduate
TRN_MH_2026_1107,18111.02,16.9,0,Nashik,Electronics and Hardware,12th Pass
TRN_MH_2026_1108,,16.3,0,Gadchiroli,IT-ITeS,Below 10th
TRN_MH_2026_1109,17239.44,4.7,1,Chhatrapati Sambhajinagar,Electronics and Hardware,10th Pass
TRN_MH_2026_1110,10784.3,8.2,0,Nashik,IT-ITeS,12th Pass
TRN_MH_2026_1111,17407.2,12.6,0,Chhatrapati Sambhajinagar,Electronics and Hardware,Below 10th
TRN_MH_2026_1112,17710.81,12.5,2,Thane,Electronics and Hardware,10th Pass
TRN_MH_2026_1113,26121.35,8.0,0,Pune,Electronics and Hardware,Below 10th
TRN_MH_2026_1114,16826.74,15.9,0,Amravati,Healthcare,Below 10th
TRN_MH_2026_1115,18555.42,15.3,0,Nashik,Healthcare,10th Pass
TRN_MH_2026_1116,17378.51,13.0,0,Pune,Automotive,Graduate
TRN_MH_2026_1117,13409.63,10.2,0,Pune,Electronics and Hardware,10th Pass
TRN_MH_2026_1118,21499.88,19.2,0,Gadchiroli,Healthcare,10th Pass
TRN_MH_2026_1119,131925.51,22.3,1,Pune,IT-ITeS,Below 10th
TRN_MH_2026_1120,20268.61,11.6,3,Nashik,Electronics and Hardware,ITI Diploma
TRN_MH_2026_1121,14317.14,10.9,0,Mumbai,IT-ITeS,Graduate
TRN_MH_2026_1122,22409.78,16.5,0,Nagpur,Construction,Below 10th
TRN_MH_2026_1123,200269.43,12.2,1,Pune,Apparel,12th Pass
TRN_MH_2026_1124,19554.0,13.3,2,Solapur,Construction,Graduate
TRN_MH_2026_1125,25166.59,17.7,1,Mumbai,Construction,12th Pass
TRN_MH_2026_1126,14033.12,4.5,0,Solapur,Automotive,12th Pass
TRN_MH_2026_1127,235110.13,20.6,0,Pune,Construction,ITI Diploma
TRN_MH_2026_1128,17848.78,14.4,0,Solapur,Construction,10th Pass
TRN_MH_2026_1129,15737.84,11.9,1,Amravati,Automotive,Below 10th
TRN_MH_2026_1130,12072.68,13.6,1,Amravati,Construction,12th Pass
TRN_MH_2026_1131,17739.97,13.8,1,Nagpur,Electronics and Hardware,Below 10th
TRN_MH_2026_1132,13781.94,0.5,9,Nashik,Construction,12th Pass
TRN_MH_2026_1133,19157.57,21.5,0,Nagpur,Healthcare,12th Pass
TRN_MH_2026_1134,14282.02,14.2,1,Pune,IT-ITeS,10th Pass
TRN_MH_2026_1135,119612.15,16.2,2,Nagpur,Healthcare,10th Pass
TRN_MH_2026_1136,14758.61,18.8,0,Pune,Automotive,ITI Diploma
TRN_MH_2026_1137,16372.78,8.9,0,Chhatrapati Sambhajinagar,Healthcare,Graduate
TRN_MH_2026_1138,20347.31,16.4,0,Gadchiroli,Electronics and Hardware,ITI Diploma
TRN_MH_2026_1139,13191.97,,2,Thane,Automotive,Graduate
TRN_MH_2026_1140,18296.11,18.2,1,Amravati,Apparel,12th Pass
TRN_MH_2026_1141,22075.0,3.4,0,Mumbai,Construction,10th Pass
TRN_MH_2026_1142,11873.81,13.5,0,Pune,Healthcare,12th Pass
TRN_MH_2026_1143,18146.22,,0,Solapur,Electronics and Hardware,10th Pass
TRN_MH_2026_1144,18409.59,16.2,0,Gadchiroli,Apparel,Below 10th
TRN_MH_2026_1145,,16.4,0,Solapur,Electronics and Hardware,Graduate
TRN_MH_2026_1146,13170.67,10.5,0,Gadchiroli,IT-ITeS,Below 10th
TRN_MH_2026_1147,12878.4,10.4,0,Chhatrapati Sambhajinagar,Construction,ITI Diploma
TRN_MH_2026_1148,,13.4,1,Nashik,Construction,10th Pass
TRN_MH_2026_1149,18539.45,9.5,1,Nashik,Apparel,Graduate
TRN_MH_2026_1150,18376.72,18.2,0,Thane,Apparel,ITI Diploma
TRN_MH_2026_1151,138641.92,12.2,0,Mumbai,Construction,10th Pass
TRN_MH_2026_1152,15119.91,1.0,0,Amravati,Healthcare,10th Pass
TRN_MH_2026_1153,18312.89,12.1,1,Gadchiroli,IT-ITeS,Graduate
TRN_MH_2026_1154,18525.75,8.8,2,Pune,IT-ITeS,10th Pass
TRN_MH_2026_1155,14999.77,5.8,1,Gadchiroli,Healthcare,Below 10th
TRN_MH_2026_1156,24030.21,7.8,0,Nashik,Electronics and Hardware,12th Pass
TRN_MH_2026_1157,19158.42,14.5,1,Chhatrapati Sambhajinagar,Healthcare,12th Pass
TRN_MH_2026_1158,13330.44,20.6,0,Gadchiroli,Healthcare,10th Pass
TRN_MH_2026_1159,19797.94,15.6,1,Amravati,Construction,Graduate
TRN_MH_2026_1160,14088.61,11.0,1,Solapur,Healthcare,10th Pass
TRN_MH_2026_1161,20254.8,16.3,1,Mumbai,IT-ITeS,Graduate
TRN_MH_2026_1162,21555.08,11.7,0,Amravati,Apparel,Below 10th
TRN_MH_2026_1163,14627.61,10.5,0,Chhatrapati Sambhajinagar,Apparel,10th Pass
TRN_MH_2026_1164,20871.82,8.2,0,Gadchiroli,Construction,Below 10th
TRN_MH_2026_1165,202713.73,5.2,0,Gadchiroli,Automotive,10th Pass
TRN_MH_2026_1166,20377.21,12.1,1,Amravati,Healthcare,Graduate
TRN_MH_2026_1167,24138.78,0.5,17,Nagpur,Electronics and Hardware,Below 10th
TRN_MH_2026_1168,16641.14,13.5,1,Nashik,Electronics and Hardware,10th Pass
TRN_MH_2026_1169,14861.92,11.9,1,Thane,Automotive,Below 10th
TRN_MH_2026_1170,14386.7,9.3,0,Gadchiroli,Construction,ITI Diploma
TRN_MH_2026_1171,14644.66,17.0,2,Thane,Electronics and Hardware,12th Pass
TRN_MH_2026_1172,17230.14,0.5,14,Pune,Healthcare,10th Pass
TRN_MH_2026_1173,18694.03,17.9,1,Thane,Apparel,ITI Diploma
TRN_MH_2026_1174,18468.42,9.0,1,Pune,Electronics and Hardware,ITI Diploma
TRN_MH_2026_1175,20395.14,10.2,1,Nashik,Apparel,Graduate
TRN_MH_2026_1176,17545.51,6.7,1,Chhatrapati Sambhajinagar,Electronics and Hardware,Graduate
TRN_MH_2026_1177,22587.37,11.5,0,Solapur,Apparel,10th Pass
TRN_MH_2026_1178,16573.7,18.9,1,Nashik,Electronics and Hardware,Below 10th
TRN_MH_2026_1179,27020.59,16.6,0,Pune,IT-ITeS,10th Pass
TRN_MH_2026_1180,19689.84,18.9,0,Gadchiroli,IT-ITeS,10th Pass
TRN_MH_2026_1181,,16.6,1,Chhatrapati Sambhajinagar,Apparel,12th Pass
TRN_MH_2026_1182,234374.97,8.5,0,Thane,IT-ITeS,10th Pass
TRN_MH_2026_1183,19188.65,12.3,0,Pune,Electronics and Hardware,10th Pass
TRN_MH_2026_1184,16717.88,10.1,2,Chhatrapati Sambhajinagar,Healthcare,ITI Diploma
TRN_MH_2026_1185,19999.0,20.7,0,Mumbai,Healthcare,Graduate
TRN_MH_2026_1186,19156.33,8.0,1,Nashik,Automotive,10th Pass
TRN_MH_2026_1187,17245.1,18.5,3,Thane,Electronics and Hardware,10th Pass
TRN_MH_2026_1188,14536.22,18.5,2,Solapur,Construction,Below 10th
TRN_MH_2026_1189,12198.03,23.1,0,Nagpur,IT-ITeS,10th Pass
TRN_MH_2026_1190,15937.2,12.0,0,Mumbai,Electronics and Hardware,Below 10th
TRN_MH_2026_1191,20497.4,17.6,0,Nashik,Automotive,Below 10th
TRN_MH_2026_1192,18249.33,25.4,1,Gadchiroli,Electronics and Hardware,Below 10th
TRN_MH_2026_1193,13139.91,,0,Solapur,Construction,ITI Diploma
TRN_MH_2026_1194,18106.13,6.3,1,Nagpur,IT-ITeS,ITI Diploma
TRN_MH_2026_1195,18848.61,4.6,2,Thane,Electronics and Hardware,ITI Diploma
TRN_MH_2026_1196,14406.5,17.6,0,Thane,IT-ITeS,Below 10th
TRN_MH_2026_1197,18038.04,4.6,0,Thane,Construction,Graduate
TRN_MH_2026_1198,17703.73,12.1,2,Pune,IT-ITeS,Graduate
TRN_MH_2026_1199,13499.6,16.2,0,Thane,Electronics and Hardware,Below 10th
TRN_MH_2026_1200,18752.26,14.9,1,Nagpur,Apparel,Graduate
TRN_MH_2026_1201,19462.75,16.1,1,Thane,Electronics and Hardware,12th Pass
TRN_MH_2026_1202,21290.68,15.1,2,Nashik,Healthcare,12th Pass
TRN_MH_2026_1203,21188.31,20.4,1,Pune,Apparel,10th Pass
TRN_MH_2026_1204,12678.16,9.2,0,Pune,Electronics and Hardware,Below 10th
TRN_MH_2026_1205,14217.61,10.6,1,Chhatrapati Sambhajinagar,IT-ITeS,Graduate
TRN_MH_2026_1206,19302.62,10.1,0,Amravati,Apparel,Graduate
TRN_MH_2026_1207,19298.25,18.2,1,Chhatrapati Sambhajinagar,Construction,Below 10th
TRN_MH_2026_1208,19302.67,18.5,0,Amravati,Electronics and Hardware,Below 10th
TRN_MH_2026_1209,30984.56,16.3,0,Nagpur,Electronics and Hardware,10th Pass
TRN_MH_2026_1210,19498.12,19.9,0,Thane,Healthcare,Below 10th
TRN_MH_2026_1211,21474.48,8.1,0,Chhatrapati Sambhajinagar,Construction,Graduate
TRN_MH_2026_1212,,22.3,3,Pune,Construction,10th Pass
TRN_MH_2026_1213,19779.87,21.6,2,Thane,Automotive,ITI Diploma
TRN_MH_2026_1214,16396.56,17.7,3,Solapur,Healthcare,Graduate
TRN_MH_2026_1215,20156.39,22.9,0,Pune,Construction,12th Pass
TRN_MH_2026_1216,,,0,Amravati,Automotive,Below 10th
TRN_MH_2026_1217,16671.13,11.4,1,Amravati,Healthcare,12th Pass
TRN_MH_2026_1218,15801.23,10.3,0,Thane,Construction,12th Pass
TRN_MH_2026_1219,,17.6,2,Thane,IT-ITeS,10th Pass
TRN_MH_2026_1220,25601.3,8.7,2,Pune,Automotive,ITI Diploma
TRN_MH_2026_1221,10964.57,17.8,0,Gadchiroli,Electronics and Hardware,ITI Diploma
TRN_MH_2026_1222,19901.91,20.9,0,Gadchiroli,Electronics and Hardware,Below 10th
TRN_MH_2026_1223,11855.49,17.5,0,Thane,IT-ITeS,ITI Diploma
TRN_MH_2026_1224,15848.24,15.4,0,Nashik,Electronics and Hardware,10th Pass
TRN_MH_2026_1225,21311.33,0.5,14,Nagpur,Construction,12th Pass
TRN_MH_2026_1226,17724.98,9.8,0,Pune,Construction,12th Pass
TRN_MH_2026_1227,13727.89,20.2,1,Mumbai,Automotive,12th Pass
TRN_MH_2026_1228,14996.44,17.9,0,Chhatrapati Sambhajinagar,Healthcare,Below 10th
TRN_MH_2026_1229,19878.59,13.8,2,Solapur,Construction,Graduate
TRN_MH_2026_1230,14943.72,11.9,2,Pune,IT-ITeS,Graduate
TRN_MH_2026_1231,18257.61,3.9,1,Solapur,IT-ITeS,ITI Diploma
TRN_MH_2026_1232,17659.5,8.6,1,Gadchiroli,IT-ITeS,ITI Diploma
TRN_MH_2026_1233,15219.4,23.6,1,Chhatrapati Sambhajinagar,Electronics and Hardware,Graduate
TRN_MH_2026_1234,25003.8,0.5,9,Nagpur,Electronics and Hardware,Below 10th
TRN_MH_2026_1235,19718.72,14.9,2,Amravati,Healthcare,ITI Diploma
TRN_MH_2026_1236,10412.0,19.0,1,Pune,Construction,Graduate
TRN_MH_2026_1237,18152.59,7.7,1,Pune,Electronics and Hardware,12th Pass
TRN_MH_2026_1238,15183.75,14.9,2,Chhatrapati Sambhajinagar,Automotive,10th Pass
TRN_MH_2026_1239,20483.52,18.7,0,Nashik,Healthcare,12th Pass
TRN_MH_2026_1240,14726.18,14.1,0,Nashik,Apparel,Below 10th
TRN_MH_2026_1241,,28.3,1,Pune,Healthcare,Below 10th
TRN_MH_2026_1242,19267.46,5.7,1,Nashik,Healthcare,10th Pass
TRN_MH_2026_1243,20530.14,19.3,0,Chhatrapati Sambhajinagar,Electronics and Hardware,Graduate
TRN_MH_2026_1244,13298.96,13.1,1,Gadchiroli,Automotive,12th Pass
TRN_MH_2026_1245,,17.9,0,Nashik,Healthcare,ITI Diploma
TRN_MH_2026_1246,15837.69,16.2,1,Nagpur,Automotive,Graduate
TRN_MH_2026_1247,15213.35,10.3,0,Gadchiroli,Automotive,Below 10th
TRN_MH_2026_1248,23679.09,15.1,1,Thane,Construction,Graduate
TRN_MH_2026_1249,18917.44,4.7,2,Mumbai,Electronics and Hardware,12th Pass
TRN_MH_2026_1250,13086.91,,0,Thane,Construction,10th Pass
TRN_MH_2026_1251,20712.52,15.5,1,Gadchiroli,Construction,10th Pass
TRN_MH_2026_1252,24927.55,17.2,0,Pune,Healthcare,Below 10th
TRN_MH_2026_1253,21113.63,19.3,1,Gadchiroli,Construction,10th Pass
TRN_MH_2026_1254,12182.21,15.8,1,Nashik,Apparel,Below 10th
TRN_MH_2026_1255,15805.18,14.7,0,Nagpur,Construction,12th Pass
TRN_MH_2026_1256,21934.19,9.6,0,Pune,Apparel,Below 10th
TRN_MH_2026_1257,15023.16,10.4,3,Pune,IT-ITeS,Below 10th
TRN_MH_2026_1258,19053.37,19.9,0,Solapur,Apparel,ITI Diploma
TRN_MH_2026_1259,20211.22,21.2,0,Nagpur,Automotive,ITI Diploma
TRN_MH_2026_1260,14255.74,12.8,1,Amravati,Electronics and Hardware,ITI Diploma
TRN_MH_2026_1261,17291.66,14.2,1,Gadchiroli,Apparel,Graduate
TRN_MH_2026_1262,8000.0,9.5,1,Solapur,IT-ITeS,10th Pass
TRN_MH_2026_1263,13914.64,19.9,1,Solapur,Automotive,12th Pass
TRN_MH_2026_1264,16616.01,17.3,1,Nagpur,Healthcare,12th Pass
TRN_MH_2026_1265,13132.76,,0,Solapur,Automotive,12th Pass
TRN_MH_2026_1266,23213.44,9.6,1,Amravati,Healthcare,10th Pass
TRN_MH_2026_1267,12494.51,12.1,0,Chhatrapati Sambhajinagar,Automotive,Graduate
TRN_MH_2026_1268,15959.84,15.2,2,Pune,Automotive,10th Pass
TRN_MH_2026_1269,17957.59,17.2,0,Pune,Electronics and Hardware,Below 10th
TRN_MH_2026_1270,22544.46,12.9,1,Nashik,Electronics and Hardware,Below 10th
TRN_MH_2026_1271,12474.48,9.6,0,Gadchiroli,Healthcare,12th Pass
TRN_MH_2026_1272,21571.07,18.4,1,Solapur,Construction,ITI Diploma
TRN_MH_2026_1273,17535.82,17.6,0,Nagpur,Construction,ITI Diploma
TRN_MH_2026_1274,14064.72,9.4,0,Solapur,IT-ITeS,Below 10th
TRN_MH_2026_1275,,20.8,0,Nashik,Construction,12th Pass
TRN_MH_2026_1276,18196.71,19.9,2,Nagpur,Automotive,Graduate
TRN_MH_2026_1277,15399.24,14.7,1,Nagpur,Apparel,Below 10th
TRN_MH_2026_1278,17744.31,14.4,2,Amravati,IT-ITeS,Below 10th
TRN_MH_2026_1279,16151.4,,2,Nagpur,IT-ITeS,Graduate
TRN_MH_2026_1280,17897.31,9.7,1,Thane,Healthcare,10th Pass
TRN_MH_2026_1281,19817.46,14.2,0,Nagpur,IT-ITeS,12th Pass
TRN_MH_2026_1282,,3.2,0,Amravati,Apparel,12th Pass
TRN_MH_2026_1283,13167.65,18.4,3,Pune,Apparel,ITI Diploma
TRN_MH_2026_1284,24965.62,6.2,0,Mumbai,Automotive,Below 10th
TRN_MH_2026_1285,10667.69,0.5,17,Thane,Automotive,ITI Diploma
TRN_MH_2026_1286,16968.75,12.3,1,Chhatrapati Sambhajinagar,IT-ITeS,Below 10th
TRN_MH_2026_1287,19559.11,12.9,1,Nashik,Construction,10th Pass
TRN_MH_2026_1288,18483.47,10.9,0,Solapur,Construction,10th Pass
TRN_MH_2026_1289,15320.55,12.6,2,Amravati,Automotive,Below 10th
TRN_MH_2026_1290,16771.57,21.1,0,Nagpur,Construction,Graduate
TRN_MH_2026_1291,15774.5,1.6,1,Amravati,Automotive,ITI Diploma
TRN_MH_2026_1292,15437.22,20.4,0,Thane,Healthcare,Graduate
TRN_MH_2026_1293,20473.61,15.7,1,Chhatrapati Sambhajinagar,Healthcare,ITI Diploma
TRN_MH_2026_1294,18749.55,8.0,1,Pune,Automotive,ITI Diploma
TRN_MH_2026_1295,15074.82,8.6,1,Pune,Automotive,12th Pass
TRN_MH_2026_1296,20648.6,22.4,0,Pune,IT-ITeS,ITI Diploma
TRN_MH_2026_1297,18575.55,9.3,0,Thane,Electronics and Hardware,Below 10th
TRN_MH_2026_1298,20345.02,8.2,2,Gadchiroli,Automotive,Graduate
TRN_MH_2026_1299,19703.7,19.7,3,Solapur,Healthcare,12th Pass
TRN_MH_2026_1300,14598.52,15.7,1,Solapur,IT-ITeS,Graduate
TRN_MH_2026_1301,15539.37,9.3,0,Nashik,Construction,10th Pass
TRN_MH_2026_1302,20115.53,15.1,2,Pune,Electronics and Hardware,Below 10th
TRN_MH_2026_1303,19636.3,8.9,0,Thane,Apparel,Below 10th
TRN_MH_2026_1304,17426.84,19.5,2,Nagpur,Construction,Below 10th
TRN_MH_2026_1305,17910.65,19.3,1,Pune,Automotive,10th Pass
TRN_MH_2026_1306,21971.83,16.7,0,Gadchiroli,Healthcare,10th Pass
TRN_MH_2026_1307,15429.5,,1,Pune,Healthcare,Below 10th
TRN_MH_2026_1308,19414.84,22.8,0,Pune,Healthcare,10th Pass
TRN_MH_2026_1309,16792.33,14.0,1,Thane,Electronics and Hardware,10th Pass
TRN_MH_2026_1310,16738.12,8.1,0,Amravati,Apparel,10th Pass
TRN_MH_2026_1311,21345.72,16.2,2,Gadchiroli,IT-ITeS,ITI Diploma
TRN_MH_2026_1312,20388.96,,1,Mumbai,Construction,10th Pass
TRN_MH_2026_1313,20347.28,,0,Pune,Healthcare,Below 10th
TRN_MH_2026_1314,22069.18,12.2,2,Thane,Apparel,ITI Diploma
TRN_MH_2026_1315,17573.51,16.1,0,Thane,Automotive,Below 10th
TRN_MH_2026_1316,19886.84,13.7,1,Chhatrapati Sambhajinagar,Electronics and Hardware,Below 10th
TRN_MH_2026_1317,16414.07,,0,Amravati,Construction,12th Pass
TRN_MH_2026_1318,18634.58,19.6,0,Nashik,Construction,Graduate
TRN_MH_2026_1319,17044.5,25.6,1,Gadchiroli,IT-ITeS,12th Pass
TRN_MH_2026_1320,17839.49,15.0,0,Chhatrapati Sambhajinagar,Healthcare,12th Pass
TRN_MH_2026_1321,19583.05,9.5,2,Nashik,Electronics and Hardware,12th Pass
TRN_MH_2026_1322,14636.23,6.3,0,Pune,Electronics and Hardware,Below 10th
TRN_MH_2026_1323,24823.36,15.3,1,Thane,Apparel,ITI Diploma
TRN_MH_2026_1324,13978.94,19.5,0,Nashik,Apparel,Graduate
TRN_MH_2026_1325,13250.34,16.4,1,Gadchiroli,IT-ITeS,Graduate
TRN_MH_2026_1326,21553.39,14.0,0,Nagpur,Construction,12th Pass
TRN_MH_2026_1327,20270.82,11.1,0,Mumbai,Construction,10th Pass
TRN_MH_2026_1328,19684.42,8.5,0,Chhatrapati Sambhajinagar,Automotive,12th Pass
TRN_MH_2026_1329,19699.21,18.2,0,Amravati,Electronics and Hardware,12th Pass
TRN_MH_2026_1330,17457.14,18.6,1,Pune,Apparel,Graduate
TRN_MH_2026_1331,14359.61,6.3,0,Mumbai,Electronics and Hardware,ITI Diploma
TRN_MH_2026_1332,17765.32,21.9,0,Amravati,Automotive,12th Pass
TRN_MH_2026_1333,,16.9,2,Pune,Electronics and Hardware,10th Pass
TRN_MH_2026_1334,20912.92,21.0,1,Nagpur,Construction,Below 10th
TRN_MH_2026_1335,16985.3,7.3,0,Pune,Electronics and Hardware,10th Pass
TRN_MH_2026_1336,14610.76,7.2,0,Mumbai,Healthcare,10th Pass
TRN_MH_2026_1337,16375.15,13.3,0,Solapur,Apparel,Below 10th
TRN_MH_2026_1338,18945.26,,0,Solapur,Apparel,Below 10th
TRN_MH_2026_1339,15526.96,23.0,1,Pune,IT-ITeS,Below 10th
TRN_MH_2026_1340,14622.23,17.5,1,Amravati,Electronics and Hardware,Graduate
TRN_MH_2026_1341,,12.8,0,Amravati,Construction,Graduate
TRN_MH_2026_1342,18357.38,8.9,0,Solapur,Apparel,Graduate
TRN_MH_2026_1343,15725.7,20.2,1,Mumbai,Automotive,10th Pass
TRN_MH_2026_1344,15851.37,,1,Nagpur,Automotive,Below 10th
TRN_MH_2026_1345,18312.17,22.1,0,Pune,Apparel,Below 10th
TRN_MH_2026_1346,12431.7,12.6,0,Amravati,Automotive,12th Pass
TRN_MH_2026_1347,12573.88,22.0,0,Mumbai,Electronics and Hardware,12th Pass
TRN_MH_2026_1348,14985.45,17.4,0,Nagpur,Construction,10th Pass
TRN_MH_2026_1349,,13.3,0,Amravati,Construction,10th Pass
TRN_MH_2026_1350,18588.18,11.4,1,Pune,Construction,Below 10th
TRN_MH_2026_1351,22663.75,12.3,1,Mumbai,IT-ITeS,Graduate
TRN_MH_2026_1352,20501.81,16.1,1,Mumbai,Apparel,12th Pass
TRN_MH_2026_1353,16940.22,0.5,12,Mumbai,Electronics and Hardware,ITI Diploma
TRN_MH_2026_1354,17433.44,11.0,0,Gadchiroli,Automotive,Below 10th
TRN_MH_2026_1355,13991.15,13.2,2,Pune,Automotive,Graduate
TRN_MH_2026_1356,17435.2,14.4,0,Pune,Automotive,ITI Diploma
TRN_MH_2026_1357,16489.69,3.4,1,Chhatrapati Sambhajinagar,Construction,10th Pass
TRN_MH_2026_1358,18629.51,16.3,1,Pune,Electronics and Hardware,12th Pass
TRN_MH_2026_1359,14604.69,9.1,0,Thane,IT-ITeS,ITI Diploma
TRN_MH_2026_1360,19317.71,8.2,1,Gadchiroli,Electronics and Hardware,Graduate
TRN_MH_2026_1361,22864.59,5.6,0,Thane,Healthcare,10th Pass
TRN_MH_2026_1362,17119.34,5.0,1,Amravati,Healthcare,10th Pass
TRN_MH_2026_1363,,7.2,1,Nagpur,Construction,Below 10th
TRN_MH_2026_1364,19915.5,10.5,1,Chhatrapati Sambhajinagar,Electronics and Hardware,ITI Diploma
TRN_MH_2026_1365,16095.73,23.8,2,Nashik,Electronics and Hardware,12th Pass
TRN_MH_2026_1366,18284.32,11.4,2,Pune,Construction,ITI Diploma
TRN_MH_2026_1367,125514.11,14.9,0,Gadchiroli,Automotive,Graduate
TRN_MH_2026_1368,17841.87,16.0,0,Thane,Electronics and Hardware,ITI Diploma
TRN_MH_2026_1369,169591.68,,1,Nagpur,Construction,ITI Diploma
TRN_MH_2026_1370,17585.79,13.6,2,Solapur,Automotive,Below 10th
TRN_MH_2026_1371,19242.99,8.0,2,Solapur,Automotive,Below 10th
TRN_MH_2026_1372,,21.3,1,Mumbai,Construction,Below 10th
TRN_MH_2026_1373,20857.45,23.0,1,Mumbai,Electronics and Hardware,12th Pass
TRN_MH_2026_1374,25036.14,5.6,3,Gadchiroli,Healthcare,Below 10th
TRN_MH_2026_1375,14814.28,8.9,0,Nagpur,Automotive,ITI Diploma
TRN_MH_2026_1376,20553.12,12.6,1,Nagpur,IT-ITeS,10th Pass
TRN_MH_2026_1377,18141.7,9.2,1,Solapur,Healthcare,Graduate
TRN_MH_2026_1378,25164.31,16.5,1,Amravati,Apparel,12th Pass
TRN_MH_2026_1379,14670.96,10.4,1,Gadchiroli,Apparel,12th Pass
TRN_MH_2026_1380,14560.97,24.8,0,Gadchiroli,Apparel,12th Pass
TRN_MH_2026_1381,15402.13,20.0,0,Gadchiroli,IT-ITeS,ITI Diploma
TRN_MH_2026_1382,10066.36,15.1,0,Mumbai,Healthcare,10th Pass
TRN_MH_2026_1383,15659.86,19.1,1,Nashik,Healthcare,12th Pass
TRN_MH_2026_1384,14843.04,19.5,1,Thane,Apparel,10th Pass
TRN_MH_2026_1385,18026.38,11.2,0,Amravati,Healthcare,Graduate
TRN_MH_2026_1386,18696.15,9.9,0,Thane,Electronics and Hardware,10th Pass
TRN_MH_2026_1387,24066.6,14.4,0,Chhatrapati Sambhajinagar,Apparel,Below 10th
TRN_MH_2026_1388,20826.48,18.3,0,Chhatrapati Sambhajinagar,Construction,12th Pass
TRN_MH_2026_1389,15480.84,14.7,2,Thane,Automotive,Below 10th
TRN_MH_2026_1390,14355.55,6.1,2,Amravati,Construction,12th Pass
TRN_MH_2026_1391,19221.72,,0,Nagpur,Automotive,ITI Diploma
TRN_MH_2026_1392,12879.18,13.6,0,Solapur,Apparel,10th Pass
TRN_MH_2026_1393,23910.11,13.6,2,Chhatrapati Sambhajinagar,Automotive,Below 10th
TRN_MH_2026_1394,21628.04,23.9,0,Chhatrapati Sambhajinagar,IT-ITeS,10th Pass
TRN_MH_2026_1395,15857.89,7.1,0,Nashik,Construction,10th Pass
TRN_MH_2026_1396,11504.03,16.5,2,Mumbai,Construction,12th Pass
TRN_MH_2026_1397,22238.55,21.4,1,Gadchiroli,Automotive,10th Pass
TRN_MH_2026_1398,17099.11,25.4,2,Mumbai,Healthcare,12th Pass
TRN_MH_2026_1399,21832.36,12.0,1,Pune,IT-ITeS,ITI Diploma
TRN_MH_2026_1400,11919.5,16.5,0,Pune,Apparel,Graduate
TRN_MH_2026_1401,15402.19,16.8,0,Amravati,Healthcare,10th Pass
TRN_MH_2026_1402,17518.35,15.0,0,Gadchiroli,Healthcare,10th Pass
TRN_MH_2026_1403,17664.43,13.5,0,Nagpur,IT-ITeS,12th Pass
TRN_MH_2026_1404,15924.77,16.2,0,Chhatrapati Sambhajinagar,Apparel,ITI Diploma
TRN_MH_2026_1405,19679.97,1.3,1,Mumbai,Healthcare,Below 10th
TRN_MH_2026_1406,13763.33,17.4,0,Thane,Construction,ITI Diploma
TRN_MH_2026_1407,17001.67,14.6,0,Mumbai,Construction,Graduate
TRN_MH_2026_1408,17921.03,12.9,1,Thane,Apparel,12th Pass
TRN_MH_2026_1409,19300.54,24.2,0,Pune,IT-ITeS,10th Pass
TRN_MH_2026_1410,,10.6,3,Chhatrapati Sambhajinagar,Apparel,Graduate
TRN_MH_2026_1411,13563.75,12.0,0,Chhatrapati Sambhajinagar,Construction,10th Pass
TRN_MH_2026_1412,12130.6,,1,Solapur,IT-ITeS,10th Pass
TRN_MH_2026_1413,21971.87,9.8,0,Chhatrapati Sambhajinagar,IT-ITeS,10th Pass
TRN_MH_2026_1414,18663.1,11.2,0,Nagpur,Healthcare,Below 10th
TRN_MH_2026_1415,14880.3,13.3,1,Nashik,IT-ITeS,10th Pass
TRN_MH_2026_1416,22929.03,18.2,2,Thane,Healthcare,10th Pass
TRN_MH_2026_1417,17904.86,15.0,2,Mumbai,Apparel,Graduate
TRN_MH_2026_1418,21627.54,7.5,0,Pune,Construction,Graduate
TRN_MH_2026_1419,17736.31,11.3,1,Solapur,Electronics and Hardware,ITI Diploma
TRN_MH_2026_1420,24712.62,11.0,2,Mumbai,Healthcare,12th Pass
TRN_MH_2026_1421,23643.69,13.6,2,Mumbai,Apparel,Graduate
TRN_MH_2026_1422,16628.63,16.1,0,Amravati,IT-ITeS,Below 10th
TRN_MH_2026_1423,20900.5,16.1,2,Nagpur,Apparel,Below 10th
TRN_MH_2026_1424,19758.82,5.1,1,Thane,IT-ITeS,10th Pass
TRN_MH_2026_1425,22290.21,19.3,1,Amravati,Healthcare,Below 10th
TRN_MH_2026_1426,14122.77,15.3,1,Nashik,IT-ITeS,10th Pass
TRN_MH_2026_1427,19901.18,20.9,2,Amravati,Automotive,ITI Diploma
TRN_MH_2026_1428,21204.49,16.2,0,Mumbai,Electronics and Hardware,ITI Diploma
TRN_MH_2026_1429,11344.41,19.5,0,Nagpur,Construction,12th Pass
TRN_MH_2026_1430,13358.6,16.3,1,Thane,Apparel,10th Pass
TRN_MH_2026_1431,10362.69,,0,Nagpur,Healthcare,10th Pass
TRN_MH_2026_1432,16557.08,16.6,1,Nashik,Electronics and Hardware,Below 10th
TRN_MH_2026_1433,20011.4,13.5,0,Nagpur,Electronics and Hardware,10th Pass
TRN_MH_2026_1434,22758.25,25.4,1,Chhatrapati Sambhajinagar,IT-ITeS,Graduate
TRN_MH_2026_1435,17759.33,18.4,1,Nagpur,Apparel,10th Pass
TRN_MH_2026_1436,23200.15,16.9,2,Solapur,IT-ITeS,12th Pass
TRN_MH_2026_1437,12669.64,7.6,0,Solapur,Construction,Below 10th
TRN_MH_2026_1438,11538.16,,0,Nagpur,Apparel,ITI Diploma
TRN_MH_2026_1439,17305.58,15.5,0,Chhatrapati Sambhajinagar,Healthcare,ITI Diploma
TRN_MH_2026_1440,18844.23,14.7,1,Thane,Healthcare,ITI Diploma
TRN_MH_2026_1441,17385.57,10.9,0,Thane,Electronics and Hardware,10th Pass
TRN_MH_2026_1442,10263.95,14.7,0,Gadchiroli,Electronics and Hardware,ITI Diploma
TRN_MH_2026_1443,17188.08,21.9,0,Chhatrapati Sambhajinagar,Electronics and Hardware,12th Pass
TRN_MH_2026_1444,12934.36,17.5,1,Nagpur,Healthcare,10th Pass
TRN_MH_2026_1445,19843.85,8.3,1,Solapur,Electronics and Hardware,Below 10th
TRN_MH_2026_1446,18783.09,13.4,2,Chhatrapati Sambhajinagar,Apparel,Below 10th
TRN_MH_2026_1447,14210.42,10.0,2,Nagpur,Electronics and Hardware,Graduate
TRN_MH_2026_1448,15701.47,,1,Mumbai,Apparel,Below 10th
TRN_MH_2026_1449,13792.75,11.9,1,Gadchiroli,Construction,12th Pass
TRN_MH_2026_1450,17280.62,11.6,3,Solapur,Electronics and Hardware,10th Pass
TRN_MH_2026_1451,20843.0,7.7,1,Chhatrapati Sambhajinagar,Apparel,Graduate
TRN_MH_2026_1452,14049.96,13.4,2,Nagpur,Healthcare,ITI Diploma
TRN_MH_2026_1453,19264.16,11.2,2,Solapur,Construction,Below 10th
TRN_MH_2026_1454,,1.0,1,Nagpur,Automotive,Below 10th
TRN_MH_2026_1455,14724.95,24.3,0,Nagpur,Apparel,Below 10th
TRN_MH_2026_1456,17125.39,19.4,0,Nagpur,Electronics and Hardware,10th Pass
TRN_MH_2026_1457,13876.65,12.1,1,Gadchiroli,IT-ITeS,Below 10th
TRN_MH_2026_1458,15562.23,14.1,0,Thane,Healthcare,10th Pass
TRN_MH_2026_1459,13307.43,8.1,1,Pune,Apparel,Below 10th
TRN_MH_2026_1460,24376.54,22.5,1,Gadchiroli,Electronics and Hardware,Graduate
TRN_MH_2026_1461,17623.42,23.5,0,Gadchiroli,Construction,12th Pass
TRN_MH_2026_1462,15050.96,14.8,1,Gadchiroli,Construction,12th Pass
TRN_MH_2026_1463,18248.93,19.1,1,Nashik,Apparel,ITI Diploma
TRN_MH_2026_1464,17106.85,,1,Mumbai,Apparel,Below 10th
TRN_MH_2026_1465,16726.61,7.3,0,Thane,Apparel,Below 10th
TRN_MH_2026_1466,19649.58,11.9,0,Mumbai,Construction,Graduate
TRN_MH_2026_1467,20151.28,,0,Thane,Construction,Below 10th
TRN_MH_2026_1468,15643.25,11.7,0,Mumbai,Electronics and Hardware,10th Pass
TRN_MH_2026_1469,15484.64,12.9,0,Pune,Automotive,Graduate
TRN_MH_2026_1470,,13.5,1,Nagpur,Automotive,Graduate
TRN_MH_2026_1471,9443.28,13.6,0,Pune,Healthcare,Below 10th
TRN_MH_2026_1472,12196.83,14.3,0,Solapur,IT-ITeS,Graduate
TRN_MH_2026_1473,22284.06,8.7,1,Pune,Apparel,10th Pass
TRN_MH_2026_1474,23257.39,10.4,2,Mumbai,Automotive,ITI Diploma
TRN_MH_2026_1475,16628.37,7.6,1,Gadchiroli,Healthcare,ITI Diploma
TRN_MH_2026_1476,19517.95,18.9,1,Nagpur,Electronics and Hardware,ITI Diploma
TRN_MH_2026_1477,18589.38,3.5,0,Amravati,IT-ITeS,12th Pass
TRN_MH_2026_1478,28276.08,19.8,0,Chhatrapati Sambhajinagar,Apparel,Graduate
TRN_MH_2026_1479,21418.51,20.9,1,Nashik,Apparel,Below 10th
TRN_MH_2026_1480,17052.29,0.5,11,Mumbai,Apparel,ITI Diploma
TRN_MH_2026_1481,14155.61,1.0,1,Amravati,IT-ITeS,10th Pass
TRN_MH_2026_1482,11877.44,12.2,1,Solapur,Automotive,12th Pass
TRN_MH_2026_1483,18212.12,13.7,2,Amravati,IT-ITeS,Below 10th
TRN_MH_2026_1484,14852.77,8.9,1,Pune,Construction,Graduate
TRN_MH_2026_1485,12522.11,11.4,1,Pune,Automotive,ITI Diploma
TRN_MH_2026_1486,15236.99,21.7,1,Nagpur,Automotive,Graduate
TRN_MH_2026_1487,13714.58,17.3,1,Pune,Healthcare,10th Pass
TRN_MH_2026_1488,23405.0,9.4,2,Nagpur,Construction,Graduate
TRN_MH_2026_1489,20585.74,6.0,2,Thane,Automotive,Below 10th
TRN_MH_2026_1490,17472.1,12.4,0,Chhatrapati Sambhajinagar,Healthcare,Graduate
TRN_MH_2026_1491,22679.8,12.9,1,Chhatrapati Sambhajinagar,Electronics and Hardware,Graduate
TRN_MH_2026_1492,17770.79,16.5,0,Chhatrapati Sambhajinagar,Electronics and Hardware,Below 10th
TRN_MH_2026_1493,14485.51,11.3,0,Nagpur,Apparel,ITI Diploma
TRN_MH_2026_1494,22830.93,16.6,0,Solapur,Automotive,10th Pass
TRN_MH_2026_1495,19386.19,23.7,0,Gadchiroli,IT-ITeS,Graduate
TRN_MH_2026_1496,13869.64,18.1,0,Nashik,Construction,Below 10th
TRN_MH_2026_1497,16833.81,13.8,2,Chhatrapati Sambhajinagar,IT-ITeS,Below 10th
TRN_MH_2026_1498,14435.34,13.1,1,Amravati,Electronics and Hardware,10th Pass
TRN_MH_2026_1499,12660.2,12.2,1,Chhatrapati Sambhajinagar,Construction,ITI Diploma
TRN_MH_2026_1500,20741.62,19.9,0,Nagpur,Construction,ITI Diploma
TRN_MH_2026_1501,24182.96,10.9,4,Pune,Construction,10th Pass
TRN_MH_2026_1502,12605.01,14.2,1,Thane,Healthcare,Below 10th
TRN_MH_2026_1503,19470.39,14.3,0,Chhatrapati Sambhajinagar,Construction,12th Pass
TRN_MH_2026_1504,15222.75,11.5,1,Thane,Electronics and Hardware,Below 10th
TRN_MH_2026_1505,15795.06,7.1,1,Amravati,Healthcare,Below 10th
TRN_MH_2026_1506,15426.62,15.6,0,Nagpur,Electronics and Hardware,Below 10th
TRN_MH_2026_1507,14476.03,13.7,3,Solapur,Automotive,10th Pass
TRN_MH_2026_1508,17669.83,16.5,0,Gadchiroli,Healthcare,12th Pass
TRN_MH_2026_1509,14591.67,11.3,0,Pune,Electronics and Hardware,12th Pass
TRN_MH_2026_1510,18446.6,20.1,0,Mumbai,Automotive,Graduate
TRN_MH_2026_1511,17324.17,9.6,0,Pune,Healthcare,Below 10th
TRN_MH_2026_1512,16663.68,22.6,1,Pune,IT-ITeS,10th Pass
TRN_MH_2026_1513,14323.53,5.3,1,Nagpur,IT-ITeS,12th Pass
TRN_MH_2026_1514,15481.3,16.2,2,Gadchiroli,Electronics and Hardware,Graduate
TRN_MH_2026_1515,20143.87,16.4,0,Amravati,Apparel,ITI Diploma
TRN_MH_2026_1516,19253.21,10.0,2,Nashik,Construction,12th Pass
TRN_MH_2026_1517,14078.56,16.1,0,Gadchiroli,Automotive,10th Pass
TRN_MH_2026_1518,17847.66,20.4,0,Gadchiroli,Construction,Graduate
TRN_MH_2026_1519,20129.85,2.9,2,Amravati,IT-ITeS,ITI Diploma
TRN_MH_2026_1520,11657.08,16.5,1,Nashik,Healthcare,Below 10th
TRN_MH_2026_1521,19401.76,1.5,0,Solapur,Automotive,12th Pass
TRN_MH_2026_1522,15180.82,9.2,0,Amravati,Automotive,Graduate
TRN_MH_2026_1523,19497.1,22.1,0,Nashik,IT-ITeS,12th Pass
TRN_MH_2026_1524,14828.59,11.1,1,Solapur,IT-ITeS,10th Pass
TRN_MH_2026_1525,11182.91,8.1,0,Nashik,Healthcare,12th Pass
TRN_MH_2026_1526,11803.6,13.0,2,Nagpur,Automotive,Below 10th
TRN_MH_2026_1527,17668.3,24.3,1,Nashik,Construction,Below 10th
TRN_MH_2026_1528,,4.8,1,Amravati,IT-ITeS,ITI Diploma
TRN_MH_2026_1529,14334.89,8.7,1,Chhatrapati Sambhajinagar,Electronics and Hardware,ITI Diploma
TRN_MH_2026_1530,19735.07,21.5,0,Pune,Automotive,12th Pass
TRN_MH_2026_1531,11684.68,23.3,1,Nagpur,Apparel,Graduate
TRN_MH_2026_1532,17268.72,13.5,2,Gadchiroli,Construction,10th Pass
TRN_MH_2026_1533,13261.44,7.8,2,Chhatrapati Sambhajinagar,IT-ITeS,ITI Diploma
TRN_MH_2026_1534,15218.57,24.5,1,Nagpur,Construction,12th Pass
TRN_MH_2026_1535,17665.9,22.0,0,Chhatrapati Sambhajinagar,Construction,12th Pass
TRN_MH_2026_1536,14488.55,17.4,0,Nagpur,Automotive,Below 10th
TRN_MH_2026_1537,83743.34,9.9,0,Amravati,IT-ITeS,Graduate
TRN_MH_2026_1538,21022.02,13.8,1,Mumbai,Healthcare,12th Pass
TRN_MH_2026_1539,15480.88,13.2,1,Solapur,IT-ITeS,12th Pass
TRN_MH_2026_1540,20424.92,15.7,0,Nagpur,Electronics and Hardware,10th Pass
TRN_MH_2026_1541,13546.03,21.3,1,Mumbai,IT-ITeS,12th Pass
TRN_MH_2026_1542,19354.31,18.4,2,Thane,IT-ITeS,12th Pass
TRN_MH_2026_1543,,8.6,0,Thane,Electronics and Hardware,Below 10th
TRN_MH_2026_1544,8849.24,20.9,3,Nagpur,Electronics and Hardware,ITI Diploma
TRN_MH_2026_1545,14710.87,15.6,2,Amravati,Construction,Graduate
TRN_MH_2026_1546,19519.75,17.4,0,Solapur,Automotive,ITI Diploma
TRN_MH_2026_1547,16789.34,21.3,0,Chhatrapati Sambhajinagar,Automotive,Below 10th
TRN_MH_2026_1548,18799.01,8.4,0,Nagpur,Automotive,10th Pass
TRN_MH_2026_1549,15386.05,13.8,0,Nagpur,Construction,10th Pass
TRN_MH_2026_1550,17803.06,11.3,0,Gadchiroli,Automotive,10th Pass
TRN_MH_2026_1551,16955.13,6.2,0,Nagpur,Electronics and Hardware,Below 10th
TRN_MH_2026_1552,21587.24,15.7,1,Amravati,Automotive,12th Pass
TRN_MH_2026_1553,18390.47,,1,Amravati,Automotive,ITI Diploma
TRN_MH_2026_1554,18681.61,4.8,0,Chhatrapati Sambhajinagar,Automotive,10th Pass
TRN_MH_2026_1555,16058.43,,0,Pune,Apparel,Below 10th
TRN_MH_2026_1556,15793.38,17.2,0,Solapur,Healthcare,10th Pass
TRN_MH_2026_1557,15986.05,0.5,13,Nashik,IT-ITeS,12th Pass
TRN_MH_2026_1558,18880.58,13.4,1,Solapur,Healthcare,12th Pass
TRN_MH_2026_1559,16026.55,7.5,2,Solapur,Healthcare,Graduate
TRN_MH_2026_1560,18514.21,15.2,2,Nagpur,IT-ITeS,10th Pass
TRN_MH_2026_1561,24763.9,10.2,0,Gadchiroli,Automotive,Graduate
TRN_MH_2026_1562,20548.94,3.1,2,Solapur,IT-ITeS,Below 10th
TRN_MH_2026_1563,16358.92,20.0,1,Nashik,Construction,12th Pass
TRN_MH_2026_1564,21704.25,18.8,1,Amravati,Electronics and Hardware,Below 10th
TRN_MH_2026_1565,16071.74,14.3,0,Mumbai,Automotive,ITI Diploma
TRN_MH_2026_1566,10366.56,15.1,2,Nagpur,IT-ITeS,Below 10th
TRN_MH_2026_1567,13971.7,19.4,1,Amravati,Electronics and Hardware,10th Pass
TRN_MH_2026_1568,10952.23,15.1,1,Amravati,Healthcare,Below 10th
TRN_MH_2026_1569,16269.7,,2,Solapur,IT-ITeS,ITI Diploma
TRN_MH_2026_1570,17564.46,12.5,2,Nagpur,Construction,10th Pass
TRN_MH_2026_1571,23367.53,20.6,0,Mumbai,Construction,12th Pass
TRN_MH_2026_1572,18644.25,15.6,2,Mumbai,Apparel,12th Pass
TRN_MH_2026_1573,16733.15,0.5,16,Mumbai,Electronics and Hardware,10th Pass
TRN_MH_2026_1574,20402.92,7.6,0,Thane,Healthcare,12th Pass
TRN_MH_2026_1575,9761.03,15.4,1,Chhatrapati Sambhajinagar,IT-ITeS,10th Pass
TRN_MH_2026_1576,18324.65,9.8,1,Pune,Apparel,Graduate
TRN_MH_2026_1577,20198.03,10.8,0,Amravati,Healthcare,10th Pass
TRN_MH_2026_1578,12324.95,9.9,1,Solapur,IT-ITeS,ITI Diploma
TRN_MH_2026_1579,21503.14,8.7,1,Gadchiroli,Apparel,Below 10th
TRN_MH_2026_1580,18684.74,24.6,2,Pune,Construction,12th Pass
TRN_MH_2026_1581,16046.49,20.7,0,Nashik,Healthcare,ITI Diploma
TRN_MH_2026_1582,19714.74,0.5,13,Nashik,Electronics and Hardware,10th Pass
TRN_MH_2026_1583,25447.43,7.9,0,Amravati,Apparel,Graduate
TRN_MH_2026_1584,18136.53,14.4,2,Nashik,Construction,Graduate
TRN_MH_2026_1585,18368.77,7.5,1,Pune,Apparel,ITI Diploma
TRN_MH_2026_1586,15892.24,10.5,1,Solapur,Healthcare,Below 10th
TRN_MH_2026_1587,14525.54,9.4,0,Amravati,Construction,10th Pass
TRN_MH_2026_1588,20406.18,0.5,17,Pune,Apparel,ITI Diploma
TRN_MH_2026_1589,14503.71,12.0,1,Solapur,IT-ITeS,Below 10th
TRN_MH_2026_1590,17750.48,19.3,0,Nagpur,Construction,Below 10th
TRN_MH_2026_1591,15828.2,17.0,0,Nashik,Construction,10th Pass
TRN_MH_2026_1592,19176.43,25.5,1,Nashik,Healthcare,12th Pass
TRN_MH_2026_1593,18667.82,6.6,0,Amravati,IT-ITeS,ITI Diploma
TRN_MH_2026_1594,21131.39,20.3,0,Amravati,Electronics and Hardware,ITI Diploma
TRN_MH_2026_1595,15714.94,19.7,0,Pune,Electronics and Hardware,ITI Diploma
TRN_MH_2026_1596,16555.44,9.1,1,Nashik,Electronics and Hardware,12th Pass
TRN_MH_2026_1597,14074.33,19.0,0,Nagpur,IT-ITeS,12th Pass
TRN_MH_2026_1598,15944.97,15.7,1,Thane,Electronics and Hardware,ITI Diploma
TRN_MH_2026_1599,246888.8,12.9,0,Thane,Healthcare,10th Pass
TRN_MH_2026_1600,20149.46,9.9,1,Nagpur,IT-ITeS,12th Pass
TRN_MH_2026_1601,14272.42,10.4,0,Mumbai,Automotive,10th Pass
TRN_MH_2026_1602,20543.62,24.2,0,Chhatrapati Sambhajinagar,IT-ITeS,12th Pass
TRN_MH_2026_1603,22244.73,14.0,1,Nagpur,Automotive,Graduate
TRN_MH_2026_1604,,17.9,1,Solapur,Construction,Graduate
TRN_MH_2026_1605,24068.79,10.0,0,Amravati,Apparel,10th Pass
TRN_MH_2026_1606,14791.74,10.1,0,Pune,Healthcare,12th Pass
TRN_MH_2026_1607,13143.71,19.4,2,Nashik,Apparel,Below 10th
TRN_MH_2026_1608,11274.48,7.3,1,Chhatrapati Sambhajinagar,IT-ITeS,12th Pass
TRN_MH_2026_1609,22736.16,11.9,0,Solapur,Apparel,10th Pass
TRN_MH_2026_1610,19790.28,14.2,0,Amravati,IT-ITeS,12th Pass
TRN_MH_2026_1611,17305.45,14.6,0,Gadchiroli,IT-ITeS,Below 10th
TRN_MH_2026_1612,18479.89,13.1,1,Nagpur,Construction,12th Pass
TRN_MH_2026_1613,13560.79,16.0,0,Nashik,Automotive,ITI Diploma
TRN_MH_2026_1614,26060.13,17.5,0,Gadchiroli,Apparel,12th Pass
TRN_MH_2026_1615,17952.27,17.7,1,Amravati,Apparel,ITI Diploma
TRN_MH_2026_1616,17882.88,9.1,1,Solapur,Automotive,Graduate
TRN_MH_2026_1617,20040.18,12.6,1,Mumbai,IT-ITeS,Below 10th
TRN_MH_2026_1618,19183.53,20.0,0,Pune,Construction,ITI Diploma
TRN_MH_2026_1619,18283.59,18.5,0,Thane,Healthcare,10th Pass
TRN_MH_2026_1620,14733.34,7.1,0,Amravati,IT-ITeS,ITI Diploma
TRN_MH_2026_1621,19150.14,15.8,0,Gadchiroli,Automotive,Graduate
TRN_MH_2026_1622,24087.09,4.1,1,Solapur,Apparel,Graduate
TRN_MH_2026_1623,22208.97,14.2,0,Nagpur,IT-ITeS,Graduate
TRN_MH_2026_1624,23076.15,23.5,1,Thane,Construction,12th Pass
TRN_MH_2026_1625,15710.75,9.3,2,Solapur,IT-ITeS,Below 10th
TRN_MH_2026_1626,14036.38,9.8,2,Thane,Apparel,ITI Diploma
TRN_MH_2026_1627,17059.75,,0,Nagpur,Construction,ITI Diploma
TRN_MH_2026_1628,17695.04,6.3,0,Amravati,Apparel,10th Pass
TRN_MH_2026_1629,21329.67,10.8,0,Chhatrapati Sambhajinagar,Automotive,12th Pass
TRN_MH_2026_1630,11576.37,17.0,1,Gadchiroli,Electronics and Hardware,12th Pass
TRN_MH_2026_1631,22853.43,10.8,1,Nagpur,Healthcare,10th Pass
TRN_MH_2026_1632,16946.97,12.8,2,Gadchiroli,Automotive,10th Pass
TRN_MH_2026_1633,16005.92,17.7,1,Nagpur,Apparel,ITI Diploma
TRN_MH_2026_1634,244520.89,16.1,2,Chhatrapati Sambhajinagar,Apparel,12th Pass
TRN_MH_2026_1635,11708.0,15.3,2,Amravati,Healthcare,Below 10th
TRN_MH_2026_1636,20381.1,12.3,0,Thane,IT-ITeS,12th Pass
TRN_MH_2026_1637,17756.61,15.9,1,Solapur,Automotive,Graduate
TRN_MH_2026_1638,12985.14,13.4,0,Nashik,Electronics and Hardware,Graduate
TRN_MH_2026_1639,12967.22,16.3,2,Gadchiroli,Automotive,10th Pass
TRN_MH_2026_1640,16324.75,,0,Chhatrapati Sambhajinagar,Electronics and Hardware,Below 10th
TRN_MH_2026_1641,23341.58,13.1,0,Solapur,Construction,Graduate
TRN_MH_2026_1642,16591.43,9.1,0,Pune,Healthcare,Graduate
TRN_MH_2026_1643,12239.0,13.8,0,Thane,Apparel,Graduate
TRN_MH_2026_1644,16639.9,9.9,1,Chhatrapati Sambhajinagar,Construction,Below 10th
TRN_MH_2026_1645,16545.47,8.4,1,Nagpur,Healthcare,10th Pass
TRN_MH_2026_1646,8060.9,15.3,1,Chhatrapati Sambhajinagar,Automotive,10th Pass
TRN_MH_2026_1647,17309.97,15.1,0,Nagpur,Electronics and Hardware,Graduate
TRN_MH_2026_1648,,17.9,0,Pune,Electronics and Hardware,Graduate
TRN_MH_2026_1649,19936.72,11.8,1,Thane,IT-ITeS,10th Pass
TRN_MH_2026_1650,23971.35,16.0,0,Pune,Automotive,12th Pass
TRN_MH_2026_1651,21442.98,16.8,0,Thane,Healthcare,Below 10th
TRN_MH_2026_1652,16558.89,16.2,0,Thane,IT-ITeS,Below 10th
TRN_MH_2026_1653,13627.16,9.9,1,Gadchiroli,Construction,Graduate
TRN_MH_2026_1654,26506.76,14.7,0,Amravati,Apparel,ITI Diploma
TRN_MH_2026_1655,17707.26,15.8,0,Chhatrapati Sambhajinagar,Electronics and Hardware,12th Pass
TRN_MH_2026_1656,17548.75,14.0,0,Gadchiroli,Apparel,Graduate
TRN_MH_2026_1657,17415.56,3.6,0,Gadchiroli,Electronics and Hardware,12th Pass
TRN_MH_2026_1658,18193.3,14.8,1,Nashik,Electronics and Hardware,Graduate
TRN_MH_2026_1659,16994.74,25.1,0,Mumbai,Healthcare,Below 10th
TRN_MH_2026_1660,15492.18,12.2,0,Thane,IT-ITeS,12th Pass
TRN_MH_2026_1661,15585.99,10.4,2,Mumbai,Healthcare,Below 10th
TRN_MH_2026_1662,17385.36,15.9,0,Mumbai,Healthcare,Below 10th
TRN_MH_2026_1663,15598.01,15.6,0,Pune,Automotive,10th Pass
TRN_MH_2026_1664,15005.04,20.0,1,Nashik,Electronics and Hardware,ITI Diploma
TRN_MH_2026_1665,17872.51,7.7,1,Mumbai,Healthcare,12th Pass
TRN_MH_2026_1666,16607.58,17.7,1,Amravati,Apparel,ITI Diploma
TRN_MH_2026_1667,22763.98,17.0,2,Thane,Construction,Graduate
TRN_MH_2026_1668,8221.61,13.3,0,Chhatrapati Sambhajinagar,IT-ITeS,Graduate
TRN_MH_2026_1669,21320.27,15.7,0,Chhatrapati Sambhajinagar,Automotive,Graduate
TRN_MH_2026_1670,21861.3,19.1,0,Nagpur,Apparel,ITI Diploma
TRN_MH_2026_1671,10243.13,18.4,0,Chhatrapati Sambhajinagar,Healthcare,12th Pass
TRN_MH_2026_1672,16300.59,8.3,1,Thane,Automotive,Graduate
TRN_MH_2026_1673,16199.96,18.1,1,Solapur,IT-ITeS,Below 10th
TRN_MH_2026_1674,12573.71,13.7,1,Mumbai,Electronics and Hardware,Below 10th
TRN_MH_2026_1675,,14.4,1,Thane,Construction,Below 10th
TRN_MH_2026_1676,13612.98,14.4,0,Thane,Construction,10th Pass
TRN_MH_2026_1677,23632.95,13.2,1,Nagpur,Apparel,ITI Diploma
TRN_MH_2026_1678,20774.87,20.0,1,Chhatrapati Sambhajinagar,Healthcare,ITI Diploma
TRN_MH_2026_1679,21950.44,13.6,1,Mumbai,Electronics and Hardware,Graduate
TRN_MH_2026_1680,20025.85,8.4,1,Gadchiroli,Automotive,10th Pass
TRN_MH_2026_1681,13548.32,12.0,2,Pune,Automotive,Below 10th
TRN_MH_2026_1682,15664.18,14.9,0,Amravati,Apparel,10th Pass
TRN_MH_2026_1683,19212.81,20.1,1,Gadchiroli,Construction,10th Pass
TRN_MH_2026_1684,13222.55,17.0,0,Pune,Automotive,12th Pass
TRN_MH_2026_1685,19995.49,9.7,0,Solapur,IT-ITeS,Below 10th
TRN_MH_2026_1686,16658.86,26.4,1,Chhatrapati Sambhajinagar,IT-ITeS,ITI Diploma
TRN_MH_2026_1687,16188.13,15.3,1,Nashik,Apparel,ITI Diploma
TRN_MH_2026_1688,19988.36,20.4,0,Chhatrapati Sambhajinagar,IT-ITeS,Graduate
TRN_MH_2026_1689,19054.92,13.2,2,Pune,Electronics and Hardware,Graduate
TRN_MH_2026_1690,16236.62,16.7,1,Chhatrapati Sambhajinagar,Construction,12th Pass
TRN_MH_2026_1691,21557.65,18.2,1,Solapur,Electronics and Hardware,Graduate
TRN_MH_2026_1692,13716.28,20.1,0,Chhatrapati Sambhajinagar,Automotive,Below 10th
TRN_MH_2026_1693,19655.77,19.3,0,Nagpur,Construction,10th Pass
TRN_MH_2026_1694,19575.85,18.4,0,Gadchiroli,Apparel,10th Pass
TRN_MH_2026_1695,16416.59,12.4,1,Gadchiroli,Automotive,12th Pass
TRN_MH_2026_1696,18641.47,11.1,2,Amravati,Electronics and Hardware,ITI Diploma
TRN_MH_2026_1697,13121.1,15.7,0,Nagpur,Automotive,10th Pass
TRN_MH_2026_1698,20734.09,18.7,1,Thane,IT-ITeS,Graduate
TRN_MH_2026_1699,16852.84,12.9,0,Amravati,Construction,12th Pass
TRN_MH_2026_1700,15670.47,19.3,1,Mumbai,Automotive,Below 10th
TRN_MH_2026_1701,21171.53,21.3,0,Gadchiroli,IT-ITeS,12th Pass
TRN_MH_2026_1702,15034.8,9.4,1,Solapur,Construction,10th Pass
TRN_MH_2026_1703,12570.39,9.8,1,Pune,Automotive,ITI Diploma
TRN_MH_2026_1704,12051.8,13.3,0,Nashik,Automotive,Graduate
TRN_MH_2026_1705,19621.03,15.5,0,Amravati,Construction,Graduate
TRN_MH_2026_1706,13018.5,11.4,0,Nagpur,Automotive,Graduate
TRN_MH_2026_1707,23641.78,20.8,0,Nagpur,Apparel,10th Pass
TRN_MH_2026_1708,10213.25,16.1,1,Mumbai,Construction,Below 10th
TRN_MH_2026_1709,,14.2,1,Gadchiroli,Healthcare,Graduate
TRN_MH_2026_1710,18238.56,6.8,1,Mumbai,IT-ITeS,ITI Diploma
TRN_MH_2026_1711,119266.75,7.4,1,Solapur,Apparel,Graduate
TRN_MH_2026_1712,15592.78,,2,Chhatrapati Sambhajinagar,Automotive,Graduate
TRN_MH_2026_1713,18896.98,3.3,1,Solapur,Electronics and Hardware,12th Pass
TRN_MH_2026_1714,17368.28,19.1,2,Mumbai,Apparel,10th Pass
TRN_MH_2026_1715,21361.56,13.2,0,Pune,Healthcare,10th Pass
TRN_MH_2026_1716,17899.8,30.2,0,Chhatrapati Sambhajinagar,Apparel,Graduate
TRN_MH_2026_1717,18026.06,25.5,1,Solapur,Electronics and Hardware,Graduate
TRN_MH_2026_1718,16227.36,13.1,0,Thane,IT-ITeS,ITI Diploma
TRN_MH_2026_1719,17300.69,13.5,1,Amravati,Apparel,Graduate
TRN_MH_2026_1720,18577.31,19.0,0,Nashik,Automotive,ITI Diploma
TRN_MH_2026_1721,11514.41,22.5,0,Gadchiroli,IT-ITeS,12th Pass
TRN_MH_2026_1722,149160.06,5.8,0,Nashik,Apparel,10th Pass
TRN_MH_2026_1723,20101.42,5.1,1,Mumbai,Automotive,12th Pass
TRN_MH_2026_1724,18098.03,10.9,1,Pune,Electronics and Hardware,10th Pass
TRN_MH_2026_1725,16856.06,16.9,2,Nashik,Apparel,Below 10th
TRN_MH_2026_1726,17564.52,16.5,1,Pune,Apparel,10th Pass
TRN_MH_2026_1727,18716.54,19.3,1,Pune,Automotive,ITI Diploma
TRN_MH_2026_1728,15610.84,8.0,0,Mumbai,Electronics and Hardware,12th Pass
TRN_MH_2026_1729,14775.93,2.4,1,Mumbai,Healthcare,10th Pass
TRN_MH_2026_1730,18185.46,18.3,1,Solapur,Healthcare,ITI Diploma
TRN_MH_2026_1731,14075.7,9.9,1,Nashik,Healthcare,10th Pass
TRN_MH_2026_1732,18928.88,3.9,0,Solapur,Healthcare,12th Pass
TRN_MH_2026_1733,11540.96,14.7,0,Solapur,Automotive,12th Pass
TRN_MH_2026_1734,21102.04,18.0,0,Thane,Construction,Graduate
TRN_MH_2026_1735,19154.09,13.4,0,Nashik,Electronics and Hardware,10th Pass
TRN_MH_2026_1736,18396.1,11.7,1,Gadchiroli,Construction,Graduate
TRN_MH_2026_1737,20939.42,,0,Mumbai,IT-ITeS,Below 10th
TRN_MH_2026_1738,23329.16,12.1,0,Nashik,IT-ITeS,12th Pass
TRN_MH_2026_1739,21050.3,7.3,2,Nagpur,Construction,12th Pass
TRN_MH_2026_1740,11056.94,10.4,1,Amravati,Apparel,10th Pass
TRN_MH_2026_1741,13021.48,16.6,0,Pune,Construction,Graduate
TRN_MH_2026_1742,15313.13,15.6,0,Mumbai,Healthcare,10th Pass
TRN_MH_2026_1743,17591.32,14.8,2,Amravati,Apparel,Graduate
TRN_MH_2026_1744,19311.81,9.0,0,Pune,IT-ITeS,Graduate
TRN_MH_2026_1745,14959.9,13.1,0,Amravati,Apparel,ITI Diploma
TRN_MH_2026_1746,18153.68,3.1,0,Gadchiroli,Electronics and Hardware,10th Pass
TRN_MH_2026_1747,14856.16,14.9,1,Nagpur,Construction,10th Pass
TRN_MH_2026_1748,15359.69,,1,Thane,Electronics and Hardware,Graduate
TRN_MH_2026_1749,12576.69,6.6,3,Gadchiroli,Electronics and Hardware,Below 10th
TRN_MH_2026_1750,14268.68,11.1,1,Solapur,Construction,Graduate
TRN_MH_2026_1751,12769.1,15.6,1,Amravati,Construction,10th Pass
TRN_MH_2026_1752,14084.44,20.3,4,Chhatrapati Sambhajinagar,Construction,10th Pass
TRN_MH_2026_1753,21187.75,11.8,0,Mumbai,IT-ITeS,Graduate
TRN_MH_2026_1754,14177.1,0.5,9,Thane,Electronics and Hardware,10th Pass
TRN_MH_2026_1755,26713.34,4.2,1,Nashik,Automotive,12th Pass
TRN_MH_2026_1756,19226.61,14.5,1,Amravati,Apparel,12th Pass
TRN_MH_2026_1757,18146.93,24.2,0,Amravati,Healthcare,Below 10th
TRN_MH_2026_1758,14495.75,0.5,16,Amravati,IT-ITeS,ITI Diploma
TRN_MH_2026_1759,19951.08,,1,Nashik,Construction,Graduate
TRN_MH_2026_1760,15485.27,15.6,0,Gadchiroli,Apparel,Graduate
TRN_MH_2026_1761,17927.03,13.9,0,Mumbai,IT-ITeS,12th Pass
TRN_MH_2026_1762,26460.3,,1,Nashik,Construction,Graduate
TRN_MH_2026_1763,17163.79,18.1,0,Nagpur,Healthcare,Graduate
TRN_MH_2026_1764,,15.1,0,Pune,Construction,ITI Diploma
TRN_MH_2026_1765,15038.88,14.1,1,Solapur,Apparel,Below 10th
TRN_MH_2026_1766,17377.54,9.1,1,Solapur,Automotive,Below 10th
TRN_MH_2026_1767,23697.8,20.5,1,Gadchiroli,Automotive,10th Pass
TRN_MH_2026_1768,15305.62,17.3,0,Mumbai,Healthcare,ITI Diploma
TRN_MH_2026_1769,23843.57,11.2,1,Nashik,Apparel,10th Pass
TRN_MH_2026_1770,19977.13,19.0,2,Nagpur,Healthcare,Graduate
TRN_MH_2026_1771,15531.37,11.5,3,Mumbai,IT-ITeS,12th Pass
TRN_MH_2026_1772,19713.43,10.1,1,Pune,IT-ITeS,ITI Diploma
TRN_MH_2026_1773,20903.94,10.2,1,Chhatrapati Sambhajinagar,Apparel,10th Pass
TRN_MH_2026_1774,19676.33,5.1,1,Mumbai,Construction,12th Pass
TRN_MH_2026_1775,12004.21,16.4,0,Thane,IT-ITeS,12th Pass
TRN_MH_2026_1776,14955.02,4.8,2,Gadchiroli,Apparel,ITI Diploma
TRN_MH_2026_1777,16633.68,7.9,1,Nashik,Construction,12th Pass
TRN_MH_2026_1778,17239.48,3.6,1,Solapur,Automotive,Graduate
TRN_MH_2026_1779,19672.35,13.6,0,Gadchiroli,Electronics and Hardware,Below 10th
TRN_MH_2026_1780,18121.95,13.2,1,Thane,Construction,12th Pass
TRN_MH_2026_1781,12826.29,12.4,1,Mumbai,Healthcare,ITI Diploma
TRN_MH_2026_1782,18830.69,8.8,1,Pune,Apparel,Below 10th
TRN_MH_2026_1783,19637.05,8.1,0,Solapur,Apparel,Graduate
TRN_MH_2026_1784,19459.27,16.3,1,Chhatrapati Sambhajinagar,Automotive,12th Pass
TRN_MH_2026_1785,21282.73,11.2,0,Nagpur,Electronics and Hardware,ITI Diploma
TRN_MH_2026_1786,20418.73,15.6,0,Amravati,Apparel,ITI Diploma
TRN_MH_2026_1787,19107.13,9.6,1,Amravati,Electronics and Hardware,12th Pass
TRN_MH_2026_1788,17254.42,14.9,2,Nashik,Automotive,Below 10th
TRN_MH_2026_1789,11686.64,20.5,2,Thane,Construction,Below 10th
TRN_MH_2026_1790,19003.66,16.9,1,Nashik,Construction,ITI Diploma
TRN_MH_2026_1791,153043.2,11.9,1,Amravati,Electronics and Hardware,Below 10th
TRN_MH_2026_1792,18450.53,15.3,3,Thane,IT-ITeS,Below 10th
TRN_MH_2026_1793,13031.38,12.8,0,Pune,Electronics and Hardware,Graduate
TRN_MH_2026_1794,13716.3,14.0,0,Solapur,Automotive,Graduate
TRN_MH_2026_1795,21186.03,12.4,1,Nashik,Construction,12th Pass
TRN_MH_2026_1796,17361.56,13.2,1,Nagpur,Healthcare,10th Pass
TRN_MH_2026_1797,19885.25,15.1,1,Nagpur,IT-ITeS,ITI Diploma
TRN_MH_2026_1798,17599.11,9.0,2,Solapur,Apparel,10th Pass
TRN_MH_2026_1799,17604.15,8.9,1,Mumbai,Construction,Graduate
TRN_MH_2026_1800,20783.99,7.1,1,Thane,Healthcare,12th Pass
TRN_MH_2026_1801,15693.84,6.0,0,Gadchiroli,Healthcare,10th Pass
TRN_MH_2026_1802,17836.42,7.9,1,Thane,IT-ITeS,12th Pass
TRN_MH_2026_1803,15882.04,14.8,1,Chhatrapati Sambhajinagar,Apparel,Below 10th
TRN_MH_2026_1804,15979.26,9.5,0,Thane,Construction,Below 10th
TRN_MH_2026_1805,16417.9,16.6,0,Mumbai,Healthcare,Graduate
TRN_MH_2026_1806,18277.47,14.2,0,Thane,Apparel,10th Pass
TRN_MH_2026_1807,15824.38,4.2,0,Pune,Healthcare,ITI Diploma
TRN_MH_2026_1808,21895.15,17.3,0,Pune,IT-ITeS,12th Pass
TRN_MH_2026_1809,14368.87,18.1,0,Solapur,Automotive,Below 10th
TRN_MH_2026_1810,16845.95,9.0,1,Thane,Electronics and Hardware,Below 10th
TRN_MH_2026_1811,15960.94,16.1,1,Solapur,IT-ITeS,12th Pass
TRN_MH_2026_1812,22564.42,9.7,1,Nashik,Automotive,10th Pass
TRN_MH_2026_1813,18187.94,14.5,0,Amravati,IT-ITeS,Below 10th
TRN_MH_2026_1814,21111.46,7.7,1,Gadchiroli,Apparel,ITI Diploma
TRN_MH_2026_1815,12300.54,5.0,1,Nashik,IT-ITeS,10th Pass
TRN_MH_2026_1816,18434.68,12.1,1,Solapur,Automotive,12th Pass
TRN_MH_2026_1817,20613.71,13.4,0,Nashik,IT-ITeS,Graduate
TRN_MH_2026_1818,17787.99,12.0,1,Amravati,Automotive,ITI Diploma
TRN_MH_2026_1819,21229.18,8.1,1,Mumbai,Healthcare,ITI Diploma
TRN_MH_2026_1820,15689.49,12.0,1,Pune,Electronics and Hardware,Graduate
TRN_MH_2026_1821,22432.72,15.3,2,Amravati,Construction,ITI Diploma
TRN_MH_2026_1822,25546.14,13.8,0,Chhatrapati Sambhajinagar,Automotive,Below 10th
TRN_MH_2026_1823,16230.07,14.9,0,Solapur,Electronics and Hardware,10th Pass
TRN_MH_2026_1824,15940.74,10.6,1,Mumbai,Automotive,Graduate
TRN_MH_2026_1825,22586.85,19.9,1,Nashik,Construction,ITI Diploma
TRN_MH_2026_1826,23028.5,8.1,0,Solapur,Electronics and Hardware,Graduate
TRN_MH_2026_1827,15669.99,16.4,2,Solapur,Electronics and Hardware,ITI Diploma
TRN_MH_2026_1828,16029.35,19.9,1,Mumbai,Apparel,Below 10th
TRN_MH_2026_1829,16513.75,16.4,0,Nashik,Apparel,Below 10th
TRN_MH_2026_1830,12794.42,13.0,0,Amravati,Construction,Graduate
TRN_MH_2026_1831,14284.72,11.4,3,Solapur,Construction,ITI Diploma
TRN_MH_2026_1832,13985.51,19.2,0,Thane,Apparel,10th Pass
TRN_MH_2026_1833,14812.71,6.9,0,Chhatrapati Sambhajinagar,Construction,ITI Diploma
TRN_MH_2026_1834,17378.6,9.1,3,Chhatrapati Sambhajinagar,Apparel,Below 10th
TRN_MH_2026_1835,,12.0,1,Pune,Construction,Graduate
TRN_MH_2026_1836,22926.75,20.2,0,Nagpur,Construction,10th Pass
TRN_MH_2026_1837,14005.76,15.9,1,Chhatrapati Sambhajinagar,Automotive,Graduate
TRN_MH_2026_1838,20945.13,9.2,0,Thane,Healthcare,ITI Diploma
TRN_MH_2026_1839,16751.04,12.4,2,Nashik,Healthcare,Below 10th
TRN_MH_2026_1840,17326.88,,1,Chhatrapati Sambhajinagar,Automotive,Below 10th
TRN_MH_2026_1841,19861.87,10.5,2,Mumbai,Apparel,Graduate
TRN_MH_2026_1842,13570.47,,1,Solapur,Apparel,ITI Diploma
TRN_MH_2026_1843,18838.43,7.1,0,Nashik,Construction,Below 10th
TRN_MH_2026_1844,18082.58,22.0,1,Nashik,Apparel,Graduate
TRN_MH_2026_1845,,18.1,1,Chhatrapati Sambhajinagar,Apparel,12th Pass
TRN_MH_2026_1846,18512.09,19.5,0,Chhatrapati Sambhajinagar,Construction,ITI Diploma
TRN_MH_2026_1847,26093.55,11.7,0,Pune,Automotive,ITI Diploma
TRN_MH_2026_1848,15267.91,13.3,1,Amravati,Healthcare,ITI Diploma
TRN_MH_2026_1849,15641.51,6.8,1,Amravati,IT-ITeS,Graduate
TRN_MH_2026_1850,,11.4,0,Thane,Construction,12th Pass
TRN_MH_2026_1851,15555.83,16.5,1,Thane,IT-ITeS,12th Pass
TRN_MH_2026_1852,15269.15,20.5,1,Thane,Automotive,Below 10th
TRN_MH_2026_1853,21661.56,8.5,0,Solapur,IT-ITeS,Graduate
TRN_MH_2026_1854,,0.5,12,Amravati,Construction,10th Pass
TRN_MH_2026_1855,15502.39,13.2,1,Pune,Electronics and Hardware,Graduate
TRN_MH_2026_1856,215579.73,7.0,2,Thane,Apparel,Below 10th
TRN_MH_2026_1857,19149.95,17.0,1,Solapur,Construction,Graduate
TRN_MH_2026_1858,15567.22,10.4,0,Chhatrapati Sambhajinagar,Construction,12th Pass
TRN_MH_2026_1859,19715.26,0.5,16,Nashik,IT-ITeS,ITI Diploma
TRN_MH_2026_1860,18210.23,11.7,1,Gadchiroli,Healthcare,Graduate
TRN_MH_2026_1861,12194.9,10.1,2,Amravati,IT-ITeS,Below 10th
TRN_MH_2026_1862,22916.27,14.0,1,Mumbai,Healthcare,ITI Diploma
TRN_MH_2026_1863,23785.57,0.5,17,Mumbai,Construction,Below 10th
TRN_MH_2026_1864,15355.24,12.1,1,Chhatrapati Sambhajinagar,Apparel,12th Pass
TRN_MH_2026_1865,16143.04,10.4,4,Chhatrapati Sambhajinagar,Healthcare,10th Pass
TRN_MH_2026_1866,18500.53,15.6,2,Chhatrapati Sambhajinagar,Electronics and Hardware,ITI Diploma
TRN_MH_2026_1867,18670.6,22.3,1,Chhatrapati Sambhajinagar,Apparel,Graduate
TRN_MH_2026_1868,19804.9,14.7,1,Nashik,Automotive,12th Pass
TRN_MH_2026_1869,,19.0,1,Solapur,Construction,12th Pass
TRN_MH_2026_1870,16880.68,7.0,1,Nagpur,Construction,Below 10th
TRN_MH_2026_1871,14705.96,14.8,0,Mumbai,Apparel,Below 10th
TRN_MH_2026_1872,12672.38,8.5,1,Mumbai,Healthcare,12th Pass
TRN_MH_2026_1873,14941.74,6.6,1,Nashik,Healthcare,ITI Diploma
TRN_MH_2026_1874,17384.06,10.3,1,Nashik,IT-ITeS,12th Pass
TRN_MH_2026_1875,23780.95,20.0,0,Mumbai,Healthcare,Below 10th
TRN_MH_2026_1876,15688.36,18.8,0,Solapur,IT-ITeS,Below 10th
TRN_MH_2026_1877,18283.26,15.2,2,Amravati,Apparel,Below 10th
TRN_MH_2026_1878,17442.52,6.3,0,Pune,Electronics and Hardware,10th Pass
TRN_MH_2026_1879,21659.38,13.0,0,Chhatrapati Sambhajinagar,Automotive,Below 10th
TRN_MH_2026_1880,26344.26,15.5,0,Nashik,Electronics and Hardware,12th Pass
TRN_MH_2026_1881,15641.96,14.9,0,Thane,IT-ITeS,Graduate
TRN_MH_2026_1882,15786.96,4.8,1,Nagpur,Healthcare,ITI Diploma
TRN_MH_2026_1883,21154.56,9.5,1,Solapur,IT-ITeS,12th Pass
TRN_MH_2026_1884,19886.62,13.7,1,Chhatrapati Sambhajinagar,IT-ITeS,Below 10th
TRN_MH_2026_1885,23963.48,16.7,0,Gadchiroli,Healthcare,12th Pass
TRN_MH_2026_1886,19543.75,3.0,2,Pune,Healthcare,12th Pass
TRN_MH_2026_1887,16242.48,13.2,0,Mumbai,Electronics and Hardware,Graduate
TRN_MH_2026_1888,130319.07,,2,Nagpur,Construction,12th Pass
TRN_MH_2026_1889,21380.46,18.2,0,Thane,IT-ITeS,10th Pass
TRN_MH_2026_1890,20371.69,0.5,17,Mumbai,Automotive,12th Pass
TRN_MH_2026_1891,19275.46,16.9,0,Solapur,Construction,ITI Diploma
TRN_MH_2026_1892,21233.36,10.0,0,Nagpur,Automotive,Graduate
TRN_MH_2026_1893,21592.53,4.5,0,Nagpur,Construction,12th Pass
TRN_MH_2026_1894,22337.56,12.0,1,Nashik,Electronics and Hardware,ITI Diploma
TRN_MH_2026_1895,19770.48,19.0,0,Nagpur,Electronics and Hardware,Below 10th
TRN_MH_2026_1896,16915.09,21.0,0,Mumbai,Construction,12th Pass
TRN_MH_2026_1897,18013.5,17.6,0,Solapur,Apparel,Graduate
TRN_MH_2026_1898,21722.78,16.1,0,Pune,Electronics and Hardware,Graduate
TRN_MH_2026_1899,14640.73,15.9,2,Mumbai,Electronics and Hardware,Below 10th
TRN_MH_2026_1900,18790.36,11.2,0,Mumbai,IT-ITeS,Below 10th
TRN_MH_2026_1901,16123.31,13.3,0,Solapur,Automotive,ITI Diploma
TRN_MH_2026_1902,17600.61,22.3,0,Solapur,Apparel,ITI Diploma
TRN_MH_2026_1903,21974.58,9.3,2,Solapur,Electronics and Hardware,ITI Diploma
TRN_MH_2026_1904,18168.85,22.1,1,Pune,Electronics and Hardware,Below 10th
TRN_MH_2026_1905,17662.53,12.4,3,Thane,IT-ITeS,Below 10th
TRN_MH_2026_1906,12740.5,20.6,3,Amravati,Automotive,ITI Diploma
TRN_MH_2026_1907,20111.89,7.0,3,Pune,Automotive,ITI Diploma
TRN_MH_2026_1908,19759.19,16.9,1,Chhatrapati Sambhajinagar,Healthcare,10th Pass
TRN_MH_2026_1909,25071.39,10.3,1,Amravati,Electronics and Hardware,12th Pass
TRN_MH_2026_1910,16422.78,6.9,1,Chhatrapati Sambhajinagar,Construction,10th Pass
TRN_MH_2026_1911,75986.76,15.1,1,Thane,Apparel,12th Pass
TRN_MH_2026_1912,18372.84,19.0,2,Thane,Construction,12th Pass
TRN_MH_2026_1913,23021.09,9.8,1,Solapur,Apparel,Below 10th
TRN_MH_2026_1914,17166.47,6.5,0,Nagpur,Electronics and Hardware,Graduate
TRN_MH_2026_1915,18476.58,13.5,0,Nagpur,Apparel,10th Pass
TRN_MH_2026_1916,19627.64,13.6,0,Solapur,Automotive,Below 10th
TRN_MH_2026_1917,18153.13,16.7,2,Chhatrapati Sambhajinagar,Healthcare,10th Pass
TRN_MH_2026_1918,15937.48,0.5,13,Mumbai,Healthcare,ITI Diploma
TRN_MH_2026_1919,18179.31,13.7,0,Pune,Construction,Graduate
TRN_MH_2026_1920,155247.73,23.3,1,Chhatrapati Sambhajinagar,Apparel,Graduate
TRN_MH_2026_1921,91050.93,15.1,0,Thane,IT-ITeS,Graduate
TRN_MH_2026_1922,,12.3,2,Chhatrapati Sambhajinagar,Healthcare,ITI Diploma
TRN_MH_2026_1923,15049.58,5.9,1,Mumbai,Automotive,10th Pass
TRN_MH_2026_1924,21682.66,12.7,1,Nagpur,IT-ITeS,Below 10th
TRN_MH_2026_1925,12168.85,12.3,0,Amravati,Construction,10th Pass
TRN_MH_2026_1926,15543.77,18.8,1,Amravati,Healthcare,10th Pass
TRN_MH_2026_1927,18820.24,16.3,1,Solapur,Apparel,Graduate
TRN_MH_2026_1928,22979.33,8.1,0,Pune,Electronics and Hardware,Graduate
TRN_MH_2026_1929,17269.87,14.9,0,Mumbai,Construction,Below 10th
TRN_MH_2026_1930,15556.8,17.4,1,Amravati,IT-ITeS,Graduate
TRN_MH_2026_1931,24084.05,21.6,0,Chhatrapati Sambhajinagar,Electronics and Hardware,10th Pass
TRN_MH_2026_1932,12431.95,18.4,2,Thane,Construction,Below 10th
TRN_MH_2026_1933,9804.18,17.8,2,Mumbai,Apparel,10th Pass
TRN_MH_2026_1934,19040.05,14.3,1,Nagpur,Automotive,Below 10th
TRN_MH_2026_1935,15742.81,15.9,0,Mumbai,IT-ITeS,Below 10th
TRN_MH_2026_1936,13925.69,20.2,0,Solapur,Apparel,Graduate
TRN_MH_2026_1937,19979.25,,1,Chhatrapati Sambhajinagar,Apparel,Graduate
TRN_MH_2026_1938,18353.3,12.3,0,Pune,Apparel,10th Pass
TRN_MH_2026_1939,15525.72,0.5,13,Nagpur,Apparel,12th Pass
TRN_MH_2026_1940,13018.93,15.9,0,Nagpur,Automotive,12th Pass
TRN_MH_2026_1941,20553.6,20.2,0,Pune,IT-ITeS,12th Pass
TRN_MH_2026_1942,19775.7,11.0,1,Gadchiroli,Automotive,ITI Diploma
TRN_MH_2026_1943,136954.48,2.0,1,Amravati,Electronics and Hardware,10th Pass
TRN_MH_2026_1944,23963.23,11.9,1,Thane,Automotive,Below 10th
TRN_MH_2026_1945,13754.7,18.6,1,Nagpur,Automotive,10th Pass
TRN_MH_2026_1946,12160.66,16.7,0,Gadchiroli,IT-ITeS,10th Pass
TRN_MH_2026_1947,15078.32,16.1,0,Solapur,Apparel,10th Pass
TRN_MH_2026_1948,17340.45,12.6,0,Solapur,IT-ITeS,12th Pass
TRN_MH_2026_1949,18351.69,7.6,0,Thane,Construction,ITI Diploma
TRN_MH_2026_1950,,16.6,0,Chhatrapati Sambhajinagar,Apparel,Below 10th
TRN_MH_2026_1951,18732.19,9.8,1,Gadchiroli,Healthcare,Graduate
TRN_MH_2026_1952,13119.61,24.9,0,Nashik,Construction,ITI Diploma
TRN_MH_2026_1953,22553.18,16.9,1,Pune,Healthcare,Graduate
TRN_MH_2026_1954,17212.47,11.1,0,Nashik,Apparel,Below 10th
TRN_MH_2026_1955,21410.54,10.9,1,Gadchiroli,Apparel,12th Pass
TRN_MH_2026_1956,18699.54,0.5,14,Nagpur,IT-ITeS,Below 10th
TRN_MH_2026_1957,19098.64,12.8,0,Nashik,Healthcare,Below 10th
TRN_MH_2026_1958,19494.19,19.6,2,Thane,Construction,10th Pass
TRN_MH_2026_1959,19066.98,14.9,2,Nashik,Electronics and Hardware,10th Pass
TRN_MH_2026_1960,19749.53,10.3,1,Nashik,Apparel,ITI Diploma
TRN_MH_2026_1961,,,0,Gadchiroli,IT-ITeS,10th Pass
TRN_MH_2026_1962,18187.82,14.2,1,Amravati,Automotive,ITI Diploma
TRN_MH_2026_1963,19981.51,17.8,1,Nashik,Construction,Graduate
TRN_MH_2026_1964,17185.93,11.0,4,Nagpur,Healthcare,12th Pass
TRN_MH_2026_1965,22540.41,15.8,0,Solapur,Apparel,ITI Diploma
TRN_MH_2026_1966,15132.63,15.6,1,Nagpur,Automotive,10th Pass
TRN_MH_2026_1967,186549.98,4.6,1,Nagpur,Electronics and Hardware,Graduate
TRN_MH_2026_1968,17359.45,24.1,0,Gadchiroli,Construction,Graduate
TRN_MH_2026_1969,12492.29,20.5,0,Thane,Apparel,12th Pass
TRN_MH_2026_1970,17948.37,12.0,1,Pune,Construction,12th Pass
TRN_MH_2026_1971,15116.32,8.5,0,Mumbai,Construction,Graduate
TRN_MH_2026_1972,20442.25,15.7,0,Nashik,IT-ITeS,10th Pass
TRN_MH_2026_1973,15215.82,,0,Mumbai,Healthcare,ITI Diploma
TRN_MH_2026_1974,244101.51,15.8,1,Nagpur,Construction,Graduate
TRN_MH_2026_1975,10886.61,15.0,1,Solapur,Apparel,Below 10th
TRN_MH_2026_1976,15916.93,16.5,1,Thane,Construction,10th Pass
TRN_MH_2026_1977,9016.42,21.2,2,Pune,Healthcare,12th Pass
TRN_MH_2026_1978,11956.34,16.8,2,Pune,IT-ITeS,10th Pass
TRN_MH_2026_1979,20161.45,8.8,0,Nagpur,Automotive,Graduate
TRN_MH_2026_1980,20250.3,20.8,2,Nashik,Automotive,Graduate
TRN_MH_2026_1981,18989.1,22.2,0,Gadchiroli,Automotive,Below 10th
TRN_MH_2026_1982,14115.58,0.5,17,Chhatrapati Sambhajinagar,Healthcare,ITI Diploma
TRN_MH_2026_1983,17333.01,8.4,0,Nagpur,Construction,10th Pass
TRN_MH_2026_1984,17487.39,15.2,1,Nashik,Healthcare,12th Pass
TRN_MH_2026_1985,13445.72,3.6,0,Chhatrapati Sambhajinagar,Electronics and Hardware,Below 10th
TRN_MH_2026_1986,22761.89,16.8,2,Amravati,Construction,Below 10th
TRN_MH_2026_1987,217319.62,11.3,1,Pune,Automotive,Below 10th
TRN_MH_2026_1988,16726.63,23.6,2,Thane,Electronics and Hardware,10th Pass
TRN_MH_2026_1989,17594.1,10.1,0,Mumbai,Electronics and Hardware,Graduate
TRN_MH_2026_1990,18229.34,5.6,3,Mumbai,Apparel,Below 10th
TRN_MH_2026_1991,10353.93,11.6,1,Gadchiroli,IT-ITeS,Graduate
TRN_MH_2026_1992,16634.88,4.1,0,Chhatrapati Sambhajinagar,Construction,ITI Diploma
TRN_MH_2026_1993,15113.06,17.8,1,Mumbai,Healthcare,10th Pass
TRN_MH_2026_1994,13994.33,3.7,0,Nashik,Automotive,Graduate
TRN_MH_2026_1995,16516.15,14.1,2,Nashik,Construction,Graduate
TRN_MH_2026_1996,23791.9,3.6,2,Gadchiroli,Automotive,Below 10th
TRN_MH_2026_1997,19742.95,12.4,1,Gadchiroli,IT-ITeS,Graduate
TRN_MH_2026_1998,,22.2,0,Gadchiroli,Automotive,Graduate
TRN_MH_2026_1999,19504.04,15.8,0,Nashik,Apparel,10th Pass
TRN_MH_2026_2000,22397.74,0.5,15,Pune,Electronics and Hardware,Graduate
TRN_MH_2026_2001,20736.22,13.8,2,Mumbai,Healthcare,12th Pass
TRN_MH_2026_2002,17708.71,14.1,1,Mumbai,Automotive,Below 10th
TRN_MH_2026_2003,15235.72,16.4,0,Nashik,Healthcare,Below 10th
TRN_MH_2026_2004,19943.78,7.2,1,Mumbai,Construction,12th Pass
TRN_MH_2026_2005,,17.0,0,Gadchiroli,Automotive,Below 10th
TRN_MH_2026_2006,20633.18,1.0,1,Nashik,Electronics and Hardware,Below 10th
TRN_MH_2026_2007,19723.1,10.9,1,Nashik,Healthcare,10th Pass
TRN_MH_2026_2008,21173.43,11.6,0,Mumbai,Construction,ITI Diploma
TRN_MH_2026_2009,15626.68,17.2,0,Solapur,Construction,Below 10th
TRN_MH_2026_2010,22110.88,14.1,1,Gadchiroli,Electronics and Hardware,10th Pass
TRN_MH_2026_2011,18191.6,7.0,2,Gadchiroli,IT-ITeS,Graduate
TRN_MH_2026_2012,,9.1,0,Mumbai,IT-ITeS,10th Pass
TRN_MH_2026_2013,15087.84,15.0,1,Chhatrapati Sambhajinagar,IT-ITeS,12th Pass
TRN_MH_2026_2014,23575.87,13.6,2,Gadchiroli,Apparel,ITI Diploma
TRN_MH_2026_2015,18192.69,11.1,1,Solapur,Electronics and Hardware,12th Pass
TRN_MH_2026_2016,15220.04,11.6,0,Solapur,Automotive,12th Pass
TRN_MH_2026_2017,15806.4,17.5,0,Thane,Electronics and Hardware,12th Pass
TRN_MH_2026_2018,16378.78,11.4,1,Nagpur,Electronics and Hardware,Below 10th
TRN_MH_2026_2019,18984.58,13.6,0,Chhatrapati Sambhajinagar,Construction,Graduate
TRN_MH_2026_2020,19329.92,24.8,1,Amravati,Construction,Below 10th
TRN_MH_2026_2021,15492.05,6.9,1,Solapur,Electronics and Hardware,Below 10th
TRN_MH_2026_2022,17414.76,4.7,0,Solapur,Automotive,Below 10th
TRN_MH_2026_2023,24997.95,17.9,0,Mumbai,Healthcare,Below 10th
TRN_MH_2026_2024,23546.4,10.6,0,Pune,Construction,Graduate
TRN_MH_2026_2025,19027.13,12.4,1,Nagpur,IT-ITeS,Graduate
TRN_MH_2026_2026,17633.01,10.1,1,Nagpur,Electronics and Hardware,Graduate
TRN_MH_2026_2027,17920.11,12.7,2,Gadchiroli,IT-ITeS,10th Pass
TRN_MH_2026_2028,19647.31,0.5,13,Nagpur,Apparel,10th Pass
TRN_MH_2026_2029,13920.23,,1,Nagpur,Automotive,ITI Diploma
TRN_MH_2026_2030,16599.18,18.3,1,Gadchiroli,IT-ITeS,ITI Diploma
TRN_MH_2026_2031,11659.96,6.9,2,Gadchiroli,IT-ITeS,12th Pass
TRN_MH_2026_2032,18897.28,8.2,0,Chhatrapati Sambhajinagar,Healthcare,Below 10th
TRN_MH_2026_2033,,0.5,11,Chhatrapati Sambhajinagar,Apparel,Graduate
TRN_MH_2026_2034,15808.85,10.0,1,Mumbai,IT-ITeS,Graduate
TRN_MH_2026_2035,,18.8,2,Thane,Electronics and Hardware,10th Pass
TRN_MH_2026_2036,13209.82,16.6,1,Nashik,Apparel,12th Pass
TRN_MH_2026_2037,12374.69,12.9,0,Gadchiroli,Apparel,12th Pass
TRN_MH_2026_2038,18285.58,13.9,0,Chhatrapati Sambhajinagar,Healthcare,12th Pass
TRN_MH_2026_2039,21164.84,10.6,1,Mumbai,Electronics and Hardware,12th Pass
TRN_MH_2026_2040,23393.75,15.0,0,Solapur,Automotive,Below 10th
TRN_MH_2026_2041,15893.91,17.8,1,Solapur,Electronics and Hardware,12th Pass
TRN_MH_2026_2042,21275.38,5.9,0,Chhatrapati Sambhajinagar,Healthcare,Below 10th
TRN_MH_2026_2043,17365.22,15.5,0,Thane,Construction,12th Pass
TRN_MH_2026_2044,16895.8,18.7,0,Nagpur,Automotive,Below 10th
TRN_MH_2026_2045,20592.81,11.9,1,Pune,Electronics and Hardware,12th Pass
TRN_MH_2026_2046,19783.13,17.5,2,Mumbai,Electronics and Hardware,Graduate
TRN_MH_2026_2047,11982.63,28.1,0,Solapur,Automotive,ITI Diploma
TRN_MH_2026_2048,22667.89,13.5,0,Pune,Healthcare,ITI Diploma
TRN_MH_2026_2049,22330.32,16.0,1,Amravati,Automotive,ITI Diploma
TRN_MH_2026_2050,15310.53,0.5,8,Pune,Construction,Below 10th
TRN_MH_2026_2051,18885.31,14.9,1,Mumbai,Healthcare,Graduate
TRN_MH_2026_2052,19229.11,16.3,0,Gadchiroli,Apparel,Below 10th
TRN_MH_2026_2053,18412.36,15.0,2,Amravati,IT-ITeS,12th Pass
TRN_MH_2026_2054,15573.93,8.9,1,Nagpur,IT-ITeS,ITI Diploma
TRN_MH_2026_2055,15149.32,15.0,1,Chhatrapati Sambhajinagar,Automotive,Graduate
TRN_MH_2026_2056,17410.56,21.3,4,Gadchiroli,Electronics and Hardware,12th Pass
TRN_MH_2026_2057,21604.55,16.2,0,Nagpur,Electronics and Hardware,ITI Diploma
TRN_MH_2026_2058,19402.6,18.8,1,Pune,Healthcare,10th Pass
TRN_MH_2026_2059,16202.85,12.8,1,Amravati,IT-ITeS,10th Pass
TRN_MH_2026_2060,20200.95,17.7,4,Chhatrapati Sambhajinagar,IT-ITeS,10th Pass
TRN_MH_2026_2061,8000.0,15.4,0,Gadchiroli,IT-ITeS,10th Pass
TRN_MH_2026_2062,21520.68,9.2,0,Nashik,Automotive,ITI Diploma
TRN_MH_2026_2063,11411.0,15.6,0,Amravati,IT-ITeS,ITI Diploma
TRN_MH_2026_2064,16231.46,9.0,2,Solapur,IT-ITeS,Graduate
TRN_MH_2026_2065,13581.16,10.8,1,Solapur,Electronics and Hardware,Below 10th
TRN_MH_2026_2066,12968.61,14.9,0,Mumbai,Apparel,ITI Diploma
TRN_MH_2026_2067,21562.89,15.5,0,Thane,Electronics and Hardware,10th Pass
TRN_MH_2026_2068,15863.05,8.1,0,Chhatrapati Sambhajinagar,Automotive,10th Pass
TRN_MH_2026_2069,245831.74,19.3,1,Chhatrapati Sambhajinagar,IT-ITeS,10th Pass
TRN_MH_2026_2070,17335.78,16.9,0,Nagpur,Automotive,ITI Diploma
TRN_MH_2026_2071,19169.64,10.5,0,Gadchiroli,Automotive,10th Pass
TRN_MH_2026_2072,17768.88,6.3,1,Amravati,IT-ITeS,10th Pass
TRN_MH_2026_2073,13009.53,13.3,1,Gadchiroli,IT-ITeS,10th Pass
TRN_MH_2026_2074,20986.93,11.8,1,Amravati,Electronics and Hardware,Below 10th
TRN_MH_2026_2075,15771.85,14.6,1,Amravati,Electronics and Hardware,12th Pass
TRN_MH_2026_2076,12051.96,12.2,2,Nagpur,IT-ITeS,Graduate
TRN_MH_2026_2077,16001.6,4.0,1,Gadchiroli,IT-ITeS,ITI Diploma
TRN_MH_2026_2078,22752.66,12.1,1,Solapur,Apparel,Graduate
TRN_MH_2026_2079,20475.78,12.5,0,Thane,Apparel,Below 10th
TRN_MH_2026_2080,16279.72,17.2,1,Gadchiroli,Construction,12th Pass
TRN_MH_2026_2081,16277.6,10.5,0,Nagpur,Construction,10th Pass
TRN_MH_2026_2082,,22.4,1,Mumbai,Apparel,10th Pass
TRN_MH_2026_2083,24768.62,4.4,0,Mumbai,Construction,12th Pass
TRN_MH_2026_2084,18836.77,20.6,1,Gadchiroli,Construction,Below 10th
TRN_MH_2026_2085,,12.9,1,Solapur,IT-ITeS,Below 10th
TRN_MH_2026_2086,21105.99,18.3,0,Mumbai,Construction,ITI Diploma
TRN_MH_2026_2087,18335.76,14.4,2,Amravati,Electronics and Hardware,Below 10th
TRN_MH_2026_2088,16593.35,19.7,0,Nashik,Apparel,10th Pass
TRN_MH_2026_2089,16812.78,12.1,1,Gadchiroli,IT-ITeS,ITI Diploma
TRN_MH_2026_2090,171892.78,8.5,0,Amravati,Healthcare,Graduate
TRN_MH_2026_2091,17369.72,21.1,2,Pune,Construction,12th Pass
TRN_MH_2026_2092,,13.4,1,Mumbai,Automotive,Graduate
TRN_MH_2026_2093,,0.5,12,Pune,Healthcare,ITI Diploma
TRN_MH_2026_2094,20064.24,20.2,0,Chhatrapati Sambhajinagar,Construction,ITI Diploma
TRN_MH_2026_2095,17217.49,8.8,2,Gadchiroli,Automotive,Graduate
TRN_MH_2026_2096,17775.22,17.0,1,Pune,Construction,ITI Diploma
TRN_MH_2026_2097,10506.3,0.5,13,Thane,Construction,10th Pass
TRN_MH_2026_2098,20707.15,13.3,0,Amravati,Apparel,ITI Diploma
TRN_MH_2026_2099,18712.71,14.4,1,Solapur,Healthcare,Below 10th
TRN_MH_2026_2100,20993.04,6.5,0,Gadchiroli,IT-ITeS,10th Pass
TRN_MH_2026_2101,8000.0,10.1,0,Amravati,Electronics and Hardware,Graduate
TRN_MH_2026_2102,24809.31,20.8,0,Mumbai,Healthcare,Below 10th
TRN_MH_2026_2103,17011.44,18.4,1,Mumbai,Automotive,ITI Diploma
TRN_MH_2026_2104,21378.64,13.7,0,Mumbai,Automotive,Graduate
TRN_MH_2026_2105,13860.33,15.2,2,Solapur,Automotive,Graduate
TRN_MH_2026_2106,19644.71,12.5,2,Thane,Automotive,10th Pass
TRN_MH_2026_2107,13813.05,20.8,1,Thane,Construction,Below 10th
TRN_MH_2026_2108,15316.81,13.0,2,Chhatrapati Sambhajinagar,Automotive,10th Pass
TRN_MH_2026_2109,24199.11,15.2,1,Nashik,Healthcare,Below 10th
TRN_MH_2026_2110,16832.61,19.7,0,Solapur,Healthcare,Graduate
TRN_MH_2026_2111,18261.02,,0,Chhatrapati Sambhajinagar,Apparel,12th Pass
TRN_MH_2026_2112,20545.24,21.8,2,Nagpur,Apparel,10th Pass
TRN_MH_2026_2113,19234.89,6.3,1,Amravati,IT-ITeS,ITI Diploma
TRN_MH_2026_2114,18026.47,22.1,0,Amravati,Healthcare,Below 10th
TRN_MH_2026_2115,18777.36,12.1,0,Pune,Electronics and Hardware,Below 10th
TRN_MH_2026_2116,25911.95,12.8,0,Chhatrapati Sambhajinagar,IT-ITeS,Graduate
TRN_MH_2026_2117,17298.33,4.5,0,Gadchiroli,Apparel,ITI Diploma
TRN_MH_2026_2118,,11.7,0,Mumbai,Apparel,10th Pass
TRN_MH_2026_2119,21177.29,8.8,2,Amravati,Automotive,Below 10th
TRN_MH_2026_2120,21369.34,11.0,0,Solapur,Automotive,12th Pass
TRN_MH_2026_2121,21654.61,13.3,0,Pune,Healthcare,Below 10th
TRN_MH_2026_2122,229616.02,18.8,1,Gadchiroli,Electronics and Hardware,12th Pass
TRN_MH_2026_2123,13499.48,15.0,0,Gadchiroli,IT-ITeS,10th Pass
TRN_MH_2026_2124,23217.01,15.5,2,Pune,Electronics and Hardware,12th Pass
TRN_MH_2026_2125,13487.79,8.5,0,Nagpur,Electronics and Hardware,Graduate
TRN_MH_2026_2126,18559.22,9.6,0,Pune,Electronics and Hardware,Graduate
TRN_MH_2026_2127,14860.03,23.0,1,Gadchiroli,Healthcare,ITI Diploma
TRN_MH_2026_2128,17275.52,10.3,0,Thane,IT-ITeS,10th Pass
TRN_MH_2026_2129,18650.67,22.3,1,Chhatrapati Sambhajinagar,IT-ITeS,Graduate
TRN_MH_2026_2130,18624.75,12.8,0,Chhatrapati Sambhajinagar,Electronics and Hardware,Below 10th
TRN_MH_2026_2131,18976.72,14.0,0,Nagpur,Healthcare,Graduate
TRN_MH_2026_2132,23147.99,19.4,1,Solapur,Electronics and Hardware,10th Pass
TRN_MH_2026_2133,19087.37,20.4,0,Nagpur,IT-ITeS,10th Pass
TRN_MH_2026_2134,16645.45,13.4,0,Nashik,Electronics and Hardware,10th Pass
TRN_MH_2026_2135,20874.31,12.1,0,Nagpur,Apparel,12th Pass
TRN_MH_2026_2136,21663.15,13.7,1,Thane,Automotive,Graduate
TRN_MH_2026_2137,13203.37,15.7,0,Nagpur,Automotive,Graduate
TRN_MH_2026_2138,19590.9,18.5,2,Nashik,IT-ITeS,Graduate
TRN_MH_2026_2139,19954.1,14.0,1,Nagpur,Apparel,Graduate
TRN_MH_2026_2140,16458.53,17.1,2,Nashik,Automotive,12th Pass
TRN_MH_2026_2141,22314.97,22.2,1,Mumbai,Automotive,ITI Diploma
TRN_MH_2026_2142,16974.81,15.9,4,Gadchiroli,Automotive,10th Pass
TRN_MH_2026_2143,17939.52,15.6,0,Mumbai,Healthcare,Below 10th
TRN_MH_2026_2144,16894.25,0.5,17,Pune,Construction,12th Pass
TRN_MH_2026_2145,17554.53,1.0,0,Thane,Automotive,Below 10th
TRN_MH_2026_2146,13663.04,15.9,0,Nagpur,IT-ITeS,Graduate
TRN_MH_2026_2147,12459.82,13.5,1,Mumbai,Healthcare,10th Pass
TRN_MH_2026_2148,23080.77,11.4,0,Gadchiroli,Apparel,ITI Diploma
TRN_MH_2026_2149,14535.64,15.2,2,Mumbai,Construction,Graduate
TRN_MH_2026_2150,14030.13,13.7,0,Mumbai,Healthcare,10th Pass
TRN_MH_2026_2151,9963.13,19.6,0,Gadchiroli,Automotive,ITI Diploma
TRN_MH_2026_2152,15263.63,14.4,1,Pune,IT-ITeS,10th Pass
TRN_MH_2026_2153,12869.19,10.3,1,Solapur,Healthcare,10th Pass
TRN_MH_2026_2154,23247.05,19.0,0,Nagpur,Automotive,12th Pass
TRN_MH_2026_2155,21034.36,12.9,1,Gadchiroli,Construction,Below 10th
TRN_MH_2026_2156,15091.47,16.6,0,Gadchiroli,IT-ITeS,Graduate
TRN_MH_2026_2157,25383.53,,0,Amravati,Healthcare,Below 10th
TRN_MH_2026_2158,20936.18,10.8,1,Pune,Electronics and Hardware,Graduate
TRN_MH_2026_2159,16363.09,14.4,0,Amravati,Healthcare,12th Pass
TRN_MH_2026_2160,8752.08,14.1,0,Chhatrapati Sambhajinagar,Construction,Graduate
TRN_MH_2026_2161,25518.3,16.4,0,Nagpur,IT-ITeS,12th Pass
TRN_MH_2026_2162,12636.5,12.7,2,Chhatrapati Sambhajinagar,IT-ITeS,Below 10th
TRN_MH_2026_2163,11741.1,4.8,1,Nagpur,Electronics and Hardware,ITI Diploma
TRN_MH_2026_2164,137670.34,,0,Amravati,Construction,10th Pass
TRN_MH_2026_2165,26039.13,18.0,0,Amravati,Electronics and Hardware,12th Pass
TRN_MH_2026_2166,,12.5,0,Chhatrapati Sambhajinagar,IT-ITeS,Graduate
TRN_MH_2026_2167,19473.68,12.8,0,Nagpur,Electronics and Hardware,Below 10th
TRN_MH_2026_2168,19581.64,18.9,1,Chhatrapati Sambhajinagar,Electronics and Hardware,12th Pass
TRN_MH_2026_2169,20486.95,10.4,1,Amravati,IT-ITeS,12th Pass
TRN_MH_2026_2170,20156.25,6.3,2,Chhatrapati Sambhajinagar,Healthcare,12th Pass
TRN_MH_2026_2171,18484.17,13.2,0,Amravati,Apparel,ITI Diploma
TRN_MH_2026_2172,17864.7,11.6,0,Gadchiroli,Apparel,ITI Diploma
TRN_MH_2026_2173,17280.92,9.2,0,Nashik,Automotive,Graduate
TRN_MH_2026_2174,,,0,Mumbai,Electronics and Hardware,ITI Diploma
TRN_MH_2026_2175,16517.64,0.5,12,Pune,Healthcare,10th Pass
TRN_MH_2026_2176,11574.65,14.0,0,Nagpur,IT-ITeS,Below 10th
TRN_MH_2026_2177,17155.81,15.5,2,Gadchiroli,Automotive,Below 10th
TRN_MH_2026_2178,14039.93,23.1,1,Nagpur,Construction,ITI Diploma
TRN_MH_2026_2179,13637.44,0.5,15,Pune,Construction,12th Pass
TRN_MH_2026_2180,18129.63,15.4,0,Gadchiroli,Electronics and Hardware,Graduate
TRN_MH_2026_2181,22372.01,11.5,2,Chhatrapati Sambhajinagar,Apparel,10th Pass
TRN_MH_2026_2182,,9.8,1,Pune,Apparel,10th Pass
TRN_MH_2026_2183,12003.25,11.1,1,Nashik,Construction,Graduate
TRN_MH_2026_2184,14036.3,11.6,0,Thane,IT-ITeS,ITI Diploma
TRN_MH_2026_2185,20792.7,15.8,2,Nagpur,Electronics and Hardware,Below 10th
TRN_MH_2026_2186,14061.29,25.7,0,Gadchiroli,Automotive,12th Pass
TRN_MH_2026_2187,16713.78,10.4,0,Gadchiroli,Healthcare,12th Pass
TRN_MH_2026_2188,19425.18,11.9,0,Gadchiroli,Healthcare,ITI Diploma
TRN_MH_2026_2189,14110.79,13.7,2,Gadchiroli,Automotive,ITI Diploma
TRN_MH_2026_2190,17868.81,16.0,0,Nagpur,Construction,Below 10th
TRN_MH_2026_2191,209254.98,15.3,1,Amravati,IT-ITeS,ITI Diploma
TRN_MH_2026_2192,15395.21,20.4,1,Chhatrapati Sambhajinagar,Construction,12th Pass
TRN_MH_2026_2193,18619.24,1.9,1,Thane,Apparel,ITI Diploma
TRN_MH_2026_2194,,2.1,2,Chhatrapati Sambhajinagar,Electronics and Hardware,10th Pass
TRN_MH_2026_2195,19041.66,11.5,2,Mumbai,IT-ITeS,Below 10th
TRN_MH_2026_2196,17431.27,19.5,0,Nagpur,Electronics and Hardware,ITI Diploma
TRN_MH_2026_2197,19433.71,6.2,0,Solapur,Construction,Graduate
TRN_MH_2026_2198,,1.0,1,Pune,Electronics and Hardware,10th Pass
TRN_MH_2026_2199,22274.49,16.9,1,Solapur,IT-ITeS,12th Pass
TRN_MH_2026_2200,17938.29,15.2,1,Gadchiroli,Healthcare,10th Pass
TRN_MH_2026_2201,15997.08,8.5,0,Nagpur,IT-ITeS,10th Pass
TRN_MH_2026_2202,17928.04,9.1,1,Gadchiroli,Automotive,10th Pass
TRN_MH_2026_2203,19401.54,9.2,0,Gadchiroli,Apparel,12th Pass
TRN_MH_2026_2204,17671.01,14.6,0,Amravati,Healthcare,10th Pass
TRN_MH_2026_2205,17642.07,10.9,0,Nagpur,IT-ITeS,Graduate
TRN_MH_2026_2206,15043.03,16.5,2,Nashik,Apparel,Below 10th
TRN_MH_2026_2207,,1.0,2,Gadchiroli,Construction,12th Pass
TRN_MH_2026_2208,12590.88,0.5,10,Pune,Construction,ITI Diploma
TRN_MH_2026_2209,23623.52,8.4,0,Gadchiroli,Construction,12th Pass
TRN_MH_2026_2210,13146.48,12.7,0,Amravati,Automotive,Graduate
TRN_MH_2026_2211,15074.83,11.3,0,Pune,Apparel,ITI Diploma
TRN_MH_2026_2212,14985.57,18.0,1,Mumbai,IT-ITeS,10th Pass
TRN_MH_2026_2213,20632.24,4.7,2,Chhatrapati Sambhajinagar,IT-ITeS,12th Pass
TRN_MH_2026_2214,16467.68,14.2,1,Nagpur,Construction,Below 10th
TRN_MH_2026_2215,21867.1,16.8,0,Pune,Construction,ITI Diploma
TRN_MH_2026_2216,,23.3,1,Chhatrapati Sambhajinagar,Apparel,ITI Diploma
TRN_MH_2026_2217,18476.48,11.6,0,Nashik,Construction,ITI Diploma
TRN_MH_2026_2218,14576.29,15.6,2,Thane,Construction,Graduate
TRN_MH_2026_2219,25008.02,5.0,2,Nashik,Apparel,ITI Diploma
TRN_MH_2026_2220,13343.41,2.0,0,Nashik,IT-ITeS,Graduate
TRN_MH_2026_2221,18584.37,18.2,1,Amravati,Apparel,12th Pass
TRN_MH_2026_2222,19718.22,14.0,0,Mumbai,Apparel,Graduate
TRN_MH_2026_2223,18948.3,19.9,1,Nagpur,Automotive,Graduate
TRN_MH_2026_2224,16851.49,7.1,0,Amravati,Apparel,Below 10th
TRN_MH_2026_2225,17045.63,16.6,0,Nagpur,Construction,12th Pass
TRN_MH_2026_2226,17653.34,23.3,0,Mumbai,IT-ITeS,ITI Diploma
TRN_MH_2026_2227,16985.49,16.1,1,Mumbai,Electronics and Hardware,10th Pass
TRN_MH_2026_2228,20873.58,15.4,2,Solapur,IT-ITeS,ITI Diploma
TRN_MH_2026_2229,25236.83,14.0,3,Pune,Healthcare,10th Pass
TRN_MH_2026_2230,15548.78,6.1,3,Thane,IT-ITeS,Graduate
TRN_MH_2026_2231,12705.69,20.8,1,Nagpur,IT-ITeS,10th Pass
TRN_MH_2026_2232,17191.01,10.9,0,Nagpur,Electronics and Hardware,ITI Diploma
TRN_MH_2026_2233,26528.98,16.5,0,Amravati,IT-ITeS,ITI Diploma
TRN_MH_2026_2234,14687.14,6.2,1,Nashik,Construction,ITI Diploma
TRN_MH_2026_2235,23236.91,,2,Pune,Apparel,10th Pass
TRN_MH_2026_2236,23371.95,21.2,1,Chhatrapati Sambhajinagar,Healthcare,ITI Diploma
TRN_MH_2026_2237,15562.44,12.3,0,Chhatrapati Sambhajinagar,Electronics and Hardware,ITI Diploma
TRN_MH_2026_2238,19491.44,21.3,2,Amravati,Electronics and Hardware,ITI Diploma
TRN_MH_2026_2239,23199.39,13.6,1,Amravati,IT-ITeS,Graduate
TRN_MH_2026_2240,16173.05,4.8,0,Nashik,IT-ITeS,12th Pass
TRN_MH_2026_2241,16787.47,18.5,1,Mumbai,Automotive,Below 10th
TRN_MH_2026_2242,15464.12,11.1,0,Nashik,Apparel,Below 10th
TRN_MH_2026_2243,,17.5,1,Pune,Healthcare,Below 10th
TRN_MH_2026_2244,15227.53,14.1,0,Thane,Healthcare,Graduate
TRN_MH_2026_2245,13216.21,6.3,1,Thane,Apparel,Graduate
TRN_MH_2026_2246,17619.29,14.8,2,Amravati,Electronics and Hardware,10th Pass
TRN_MH_2026_2247,14805.09,25.0,2,Amravati,IT-ITeS,12th Pass
TRN_MH_2026_2248,,16.5,0,Pune,Automotive,10th Pass
TRN_MH_2026_2249,12054.37,13.7,1,Nashik,Electronics and Hardware,Graduate
TRN_MH_2026_2250,18658.08,19.4,2,Mumbai,Electronics and Hardware,Below 10th
TRN_MH_2026_2251,20417.35,15.1,2,Mumbai,Electronics and Hardware,ITI Diploma
TRN_MH_2026_2252,10521.93,15.0,1,Solapur,Automotive,Graduate
TRN_MH_2026_2253,18809.2,8.5,3,Nashik,Automotive,Below 10th
TRN_MH_2026_2254,21796.84,15.2,1,Chhatrapati Sambhajinagar,Automotive,12th Pass
TRN_MH_2026_2255,13266.26,19.2,0,Chhatrapati Sambhajinagar,Apparel,Graduate
TRN_MH_2026_2256,23354.0,9.8,2,Nashik,IT-ITeS,Graduate
TRN_MH_2026_2257,18966.57,21.1,0,Nagpur,Automotive,Graduate
TRN_MH_2026_2258,15032.46,13.5,1,Thane,Apparel,Below 10th
TRN_MH_2026_2259,17304.81,9.6,1,Nagpur,IT-ITeS,12th Pass
TRN_MH_2026_2260,19454.14,19.0,2,Nashik,Electronics and Hardware,10th Pass
TRN_MH_2026_2261,17766.02,12.6,1,Nagpur,IT-ITeS,Below 10th
TRN_MH_2026_2262,19385.65,17.8,1,Mumbai,Electronics and Hardware,Below 10th
TRN_MH_2026_2263,14277.64,12.5,0,Thane,Automotive,Below 10th
TRN_MH_2026_2264,18092.76,13.7,1,Gadchiroli,Electronics and Hardware,12th Pass
TRN_MH_2026_2265,12552.0,,4,Nagpur,Apparel,Graduate
TRN_MH_2026_2266,17110.71,15.5,1,Nagpur,Electronics and Hardware,10th Pass
TRN_MH_2026_2267,14336.32,4.0,0,Chhatrapati Sambhajinagar,Construction,10th Pass
TRN_MH_2026_2268,14925.65,8.4,1,Chhatrapati Sambhajinagar,Construction,ITI Diploma
TRN_MH_2026_2269,21826.33,18.6,1,Thane,Apparel,ITI Diploma
TRN_MH_2026_2270,21319.59,13.3,2,Thane,Healthcare,Below 10th
TRN_MH_2026_2271,19631.98,11.4,2,Gadchiroli,Healthcare,10th Pass
TRN_MH_2026_2272,13676.91,7.2,0,Chhatrapati Sambhajinagar,Electronics and Hardware,ITI Diploma
TRN_MH_2026_2273,16392.57,8.6,1,Pune,Automotive,ITI Diploma
TRN_MH_2026_2274,21745.84,3.9,0,Gadchiroli,Electronics and Hardware,Graduate
TRN_MH_2026_2275,17996.01,13.5,1,Pune,Electronics and Hardware,10th Pass
TRN_MH_2026_2276,,11.0,3,Thane,Automotive,Graduate
TRN_MH_2026_2277,18876.61,9.2,0,Solapur,IT-ITeS,ITI Diploma
TRN_MH_2026_2278,18172.17,13.7,0,Pune,Healthcare,12th Pass
TRN_MH_2026_2279,16418.09,15.8,1,Chhatrapati Sambhajinagar,Electronics and Hardware,ITI Diploma
TRN_MH_2026_2280,17967.39,24.5,0,Chhatrapati Sambhajinagar,Apparel,ITI Diploma
TRN_MH_2026_2281,16966.36,6.4,1,Solapur,Electronics and Hardware,Graduate
TRN_MH_2026_2282,19978.38,19.8,0,Amravati,Construction,Graduate
TRN_MH_2026_2283,20848.46,18.9,1,Nashik,Construction,Below 10th
TRN_MH_2026_2284,14749.04,10.1,0,Chhatrapati Sambhajinagar,IT-ITeS,Graduate
TRN_MH_2026_2285,12840.68,15.0,0,Solapur,IT-ITeS,Graduate
TRN_MH_2026_2286,11073.28,11.7,1,Mumbai,Apparel,Graduate
TRN_MH_2026_2287,19277.97,14.9,0,Chhatrapati Sambhajinagar,Construction,Graduate
TRN_MH_2026_2288,13638.22,21.5,1,Chhatrapati Sambhajinagar,Apparel,12th Pass
TRN_MH_2026_2289,9964.88,17.0,1,Gadchiroli,Apparel,10th Pass
TRN_MH_2026_2290,18860.03,16.5,3,Solapur,Healthcare,Below 10th
TRN_MH_2026_2291,26225.5,11.8,0,Nagpur,IT-ITeS,Graduate
TRN_MH_2026_2292,17478.75,6.6,1,Solapur,Healthcare,ITI Diploma
TRN_MH_2026_2293,20434.72,13.0,2,Mumbai,Healthcare,ITI Diploma
TRN_MH_2026_2294,17786.4,20.0,0,Pune,Construction,Graduate
TRN_MH_2026_2295,,6.4,2,Thane,Electronics and Hardware,12th Pass
TRN_MH_2026_2296,20716.77,8.7,0,Chhatrapati Sambhajinagar,Electronics and Hardware,ITI Diploma
TRN_MH_2026_2297,16484.04,14.6,0,Mumbai,Healthcare,Below 10th
TRN_MH_2026_2298,18435.87,9.1,0,Solapur,Apparel,Below 10th
TRN_MH_2026_2299,18625.94,10.0,0,Gadchiroli,Apparel,Below 10th
TRN_MH_2026_2300,15161.68,11.9,2,Mumbai,Construction,Graduate
TRN_MH_2026_2301,20972.15,7.2,1,Chhatrapati Sambhajinagar,Electronics and Hardware,10th Pass
TRN_MH_2026_2302,16887.64,9.1,0,Amravati,Construction,Below 10th
TRN_MH_2026_2303,14854.89,17.5,0,Nagpur,Electronics and Hardware,10th Pass
TRN_MH_2026_2304,19377.78,7.5,0,Chhatrapati Sambhajinagar,Construction,12th Pass
TRN_MH_2026_2305,14355.36,6.0,1,Nagpur,Apparel,10th Pass
TRN_MH_2026_2306,17598.63,,1,Solapur,Automotive,ITI Diploma
TRN_MH_2026_2307,,17.7,1,Mumbai,Electronics and Hardware,ITI Diploma
TRN_MH_2026_2308,21300.63,13.0,0,Solapur,Electronics and Hardware,10th Pass
TRN_MH_2026_2309,19161.44,11.7,0,Solapur,Electronics and Hardware,12th Pass
TRN_MH_2026_2310,17412.41,0.5,10,Gadchiroli,Apparel,ITI Diploma
TRN_MH_2026_2311,20362.18,5.3,0,Thane,IT-ITeS,12th Pass
TRN_MH_2026_2312,22365.73,16.5,2,Nagpur,Healthcare,12th Pass
TRN_MH_2026_2313,143493.25,15.9,1,Nashik,Automotive,10th Pass
TRN_MH_2026_2314,17536.23,12.0,0,Chhatrapati Sambhajinagar,IT-ITeS,10th Pass
TRN_MH_2026_2315,12908.57,19.0,4,Mumbai,IT-ITeS,Below 10th
TRN_MH_2026_2316,13772.1,8.4,0,Nagpur,Apparel,Graduate
TRN_MH_2026_2317,16431.71,19.6,0,Gadchiroli,Healthcare,10th Pass
TRN_MH_2026_2318,15366.71,14.8,0,Pune,Automotive,ITI Diploma
TRN_MH_2026_2319,,12.3,0,Mumbai,IT-ITeS,10th Pass
TRN_MH_2026_2320,17698.27,13.9,1,Pune,Apparel,Below 10th
TRN_MH_2026_2321,19353.92,13.5,3,Gadchiroli,Electronics and Hardware,12th Pass
TRN_MH_2026_2322,17253.25,20.1,0,Pune,Construction,ITI Diploma
TRN_MH_2026_2323,19202.76,8.6,1,Chhatrapati Sambhajinagar,Healthcare,ITI Diploma
TRN_MH_2026_2324,17725.66,10.2,0,Nagpur,Automotive,10th Pass
TRN_MH_2026_2325,10585.87,19.2,0,Pune,Healthcare,ITI Diploma
TRN_MH_2026_2326,14212.33,11.0,0,Thane,Healthcare,12th Pass
TRN_MH_2026_2327,16995.69,18.5,1,Amravati,Construction,Below 10th
TRN_MH_2026_2328,13266.07,22.5,1,Thane,Electronics and Hardware,ITI Diploma
TRN_MH_2026_2329,19599.75,12.0,0,Gadchiroli,Automotive,10th Pass
TRN_MH_2026_2330,22857.63,17.4,0,Thane,IT-ITeS,Graduate
TRN_MH_2026_2331,,8.2,0,Thane,Apparel,Graduate
TRN_MH_2026_2332,16752.95,17.8,0,Pune,Apparel,Graduate
TRN_MH_2026_2333,22717.54,15.0,2,Pune,Automotive,10th Pass
TRN_MH_2026_2334,18020.34,16.4,0,Amravati,Construction,12th Pass
TRN_MH_2026_2335,16320.2,10.8,1,Nagpur,IT-ITeS,Graduate
TRN_MH_2026_2336,15353.09,5.7,1,Nashik,Healthcare,ITI Diploma
TRN_MH_2026_2337,174353.24,16.5,1,Amravati,IT-ITeS,Below 10th
TRN_MH_2026_2338,16141.38,3.7,1,Thane,Construction,10th Pass
TRN_MH_2026_2339,18096.46,12.4,1,Nagpur,Healthcare,ITI Diploma
TRN_MH_2026_2340,18062.01,18.7,0,Solapur,Healthcare,ITI Diploma
TRN_MH_2026_2341,17510.66,15.0,2,Amravati,Automotive,Below 10th
TRN_MH_2026_2342,19029.28,23.7,0,Nashik,Apparel,ITI Diploma
TRN_MH_2026_2343,,19.1,0,Thane,IT-ITeS,Below 10th
TRN_MH_2026_2344,20823.44,10.7,1,Gadchiroli,IT-ITeS,12th Pass
TRN_MH_2026_2345,12302.86,14.1,2,Nashik,Automotive,ITI Diploma
TRN_MH_2026_2346,8561.28,13.8,1,Gadchiroli,Construction,Below 10th
TRN_MH_2026_2347,20770.12,6.1,2,Pune,Electronics and Hardware,12th Pass
TRN_MH_2026_2348,12715.92,9.3,0,Mumbai,Apparel,Graduate
TRN_MH_2026_2349,16713.32,11.2,0,Solapur,Electronics and Hardware,Below 10th
TRN_MH_2026_2350,13404.6,3.8,0,Nagpur,Apparel,10th Pass
TRN_MH_2026_2351,,0.5,16,Mumbai,Apparel,12th Pass
TRN_MH_2026_2352,19395.12,12.8,0,Amravati,Construction,10th Pass
TRN_MH_2026_2353,,5.6,1,Gadchiroli,IT-ITeS,12th Pass
TRN_MH_2026_2354,15482.21,16.0,0,Chhatrapati Sambhajinagar,Electronics and Hardware,Below 10th
TRN_MH_2026_2355,8431.35,17.6,3,Pune,Healthcare,10th Pass
TRN_MH_2026_2356,,15.1,0,Thane,Electronics and Hardware,ITI Diploma
TRN_MH_2026_2357,18871.31,0.5,10,Nashik,Healthcare,12th Pass
TRN_MH_2026_2358,12323.81,17.0,0,Nagpur,Apparel,Graduate
TRN_MH_2026_2359,18141.76,0.5,13,Solapur,Electronics and Hardware,Below 10th
TRN_MH_2026_2360,17446.42,15.5,1,Nashik,Automotive,ITI Diploma
TRN_MH_2026_2361,19527.52,9.9,1,Gadchiroli,Healthcare,10th Pass
TRN_MH_2026_2362,17918.53,15.4,2,Chhatrapati Sambhajinagar,Electronics and Hardware,10th Pass
TRN_MH_2026_2363,14094.26,20.0,3,Amravati,Apparel,Graduate
TRN_MH_2026_2364,21688.0,11.0,1,Thane,IT-ITeS,10th Pass
TRN_MH_2026_2365,16945.15,24.5,0,Gadchiroli,Automotive,ITI Diploma
TRN_MH_2026_2366,17404.43,11.4,0,Mumbai,IT-ITeS,ITI Diploma
TRN_MH_2026_2367,14233.56,14.2,0,Chhatrapati Sambhajinagar,Healthcare,ITI Diploma
TRN_MH_2026_2368,15948.51,10.6,0,Chhatrapati Sambhajinagar,Construction,ITI Diploma
TRN_MH_2026_2369,14403.19,15.1,0,Gadchiroli,Automotive,Graduate
TRN_MH_2026_2370,16894.69,5.3,0,Thane,Healthcare,10th Pass
TRN_MH_2026_2371,23490.98,11.3,1,Amravati,Electronics and Hardware,Below 10th
TRN_MH_2026_2372,12698.35,8.5,1,Gadchiroli,Construction,Graduate
TRN_MH_2026_2373,11852.54,14.7,3,Gadchiroli,Automotive,10th Pass
TRN_MH_2026_2374,22649.1,19.0,0,Nagpur,IT-ITeS,Graduate
TRN_MH_2026_2375,16767.37,17.2,4,Mumbai,Automotive,12th Pass
TRN_MH_2026_2376,15158.25,2.1,1,Mumbai,Construction,12th Pass
TRN_MH_2026_2377,21139.67,24.2,1,Solapur,Electronics and Hardware,ITI Diploma
TRN_MH_2026_2378,15380.35,15.5,1,Gadchiroli,Electronics and Hardware,Graduate
TRN_MH_2026_2379,23891.03,10.1,0,Nagpur,Healthcare,ITI Diploma
TRN_MH_2026_2380,19872.74,14.8,1,Gadchiroli,IT-ITeS,Graduate
TRN_MH_2026_2381,15792.31,14.9,1,Gadchiroli,Construction,12th Pass
TRN_MH_2026_2382,25050.58,10.7,0,Amravati,Automotive,10th Pass
TRN_MH_2026_2383,15380.0,15.0,3,Solapur,Automotive,ITI Diploma
TRN_MH_2026_2384,20097.33,11.0,1,Chhatrapati Sambhajinagar,Construction,Below 10th
TRN_MH_2026_2385,18547.52,,1,Solapur,Apparel,Graduate
TRN_MH_2026_2386,22056.09,10.6,0,Amravati,Construction,Below 10th
TRN_MH_2026_2387,22965.29,0.5,9,Mumbai,IT-ITeS,Graduate
TRN_MH_2026_2388,17612.01,14.7,0,Mumbai,Construction,10th Pass
TRN_MH_2026_2389,14863.04,16.9,0,Nagpur,Electronics and Hardware,ITI Diploma
TRN_MH_2026_2390,19109.9,16.6,0,Nagpur,Electronics and Hardware,ITI Diploma
TRN_MH_2026_2391,15128.0,18.1,1,Pune,Construction,ITI Diploma
TRN_MH_2026_2392,24546.86,15.6,0,Mumbai,Construction,ITI Diploma
TRN_MH_2026_2393,17977.87,11.3,1,Chhatrapati Sambhajinagar,IT-ITeS,ITI Diploma
TRN_MH_2026_2394,16221.37,18.2,1,Nashik,Electronics and Hardware,ITI Diploma
TRN_MH_2026_2395,18146.38,7.2,3,Thane,Healthcare,10th Pass
TRN_MH_2026_2396,12785.06,9.5,0,Pune,IT-ITeS,Graduate
TRN_MH_2026_2397,14099.35,9.2,1,Mumbai,Apparel,Graduate
TRN_MH_2026_2398,21701.45,19.4,0,Amravati,Construction,ITI Diploma
TRN_MH_2026_2399,,,0,Mumbai,Healthcare,Graduate
TRN_MH_2026_2400,,16.4,0,Chhatrapati Sambhajinagar,Apparel,10th Pass
TRN_MH_2026_2401,19378.28,19.4,2,Mumbai,Apparel,10th Pass
TRN_MH_2026_2402,21649.96,9.6,1,Mumbai,Automotive,Below 10th
TRN_MH_2026_2403,20016.34,15.7,0,Thane,Healthcare,Below 10th
TRN_MH_2026_2404,20986.17,13.4,1,Nagpur,Healthcare,Below 10th
TRN_MH_2026_2405,14851.22,18.2,0,Solapur,Automotive,Below 10th
TRN_MH_2026_2406,12523.66,13.4,1,Solapur,Electronics and Hardware,12th Pass
TRN_MH_2026_2407,22754.67,12.1,0,Thane,Healthcare,Graduate
TRN_MH_2026_2408,16370.62,16.7,0,Chhatrapati Sambhajinagar,Electronics and Hardware,Below 10th
TRN_MH_2026_2409,,18.4,0,Nagpur,Apparel,10th Pass
TRN_MH_2026_2410,22148.68,10.7,2,Amravati,Apparel,12th Pass
TRN_MH_2026_2411,19446.81,13.7,1,Amravati,Construction,Graduate
TRN_MH_2026_2412,19095.61,8.7,0,Amravati,Automotive,12th Pass
TRN_MH_2026_2413,25077.51,1.5,0,Thane,Apparel,10th Pass
TRN_MH_2026_2414,15247.69,15.0,3,Amravati,Apparel,Below 10th
TRN_MH_2026_2415,20747.44,17.0,1,Pune,Healthcare,ITI Diploma
TRN_MH_2026_2416,17699.55,15.3,0,Gadchiroli,Construction,10th Pass
TRN_MH_2026_2417,18440.07,4.3,1,Thane,Automotive,ITI Diploma
TRN_MH_2026_2418,22849.64,12.2,0,Mumbai,Automotive,10th Pass
TRN_MH_2026_2419,19277.43,2.9,0,Mumbai,Healthcare,12th Pass
TRN_MH_2026_2420,19384.04,20.8,0,Gadchiroli,Electronics and Hardware,12th Pass
TRN_MH_2026_2421,21253.78,8.6,1,Pune,Apparel,ITI Diploma
TRN_MH_2026_2422,16222.67,20.3,0,Solapur,IT-ITeS,ITI Diploma
TRN_MH_2026_2423,14562.77,18.7,0,Nagpur,Construction,10th Pass
TRN_MH_2026_2424,13843.17,9.5,0,Solapur,Electronics and Hardware,Graduate
TRN_MH_2026_2425,,8.3,1,Gadchiroli,Automotive,12th Pass
TRN_MH_2026_2426,24696.72,15.8,1,Mumbai,Construction,Graduate
TRN_MH_2026_2427,13638.77,9.8,0,Amravati,Apparel,10th Pass
TRN_MH_2026_2428,16725.61,14.5,2,Nagpur,IT-ITeS,10th Pass
TRN_MH_2026_2429,16531.15,11.6,1,Nagpur,Automotive,ITI Diploma
TRN_MH_2026_2430,18575.92,5.1,2,Mumbai,Healthcare,ITI Diploma
TRN_MH_2026_2431,20355.08,2.8,1,Nashik,IT-ITeS,10th Pass
TRN_MH_2026_2432,20511.66,15.1,1,Solapur,Construction,12th Pass
TRN_MH_2026_2433,15459.23,11.2,0,Nashik,Construction,Graduate
TRN_MH_2026_2434,16915.07,11.2,0,Chhatrapati Sambhajinagar,IT-ITeS,10th Pass
TRN_MH_2026_2435,18489.03,17.5,0,Gadchiroli,Electronics and Hardware,Below 10th
TRN_MH_2026_2436,16629.58,19.9,1,Nashik,Automotive,Graduate
TRN_MH_2026_2437,23125.71,12.6,1,Gadchiroli,Construction,ITI Diploma
TRN_MH_2026_2438,19218.41,12.3,1,Pune,Apparel,12th Pass
TRN_MH_2026_2439,20072.07,16.5,0,Mumbai,Automotive,10th Pass
TRN_MH_2026_2440,19820.08,7.2,2,Mumbai,Electronics and Hardware,Graduate
TRN_MH_2026_2441,21607.16,15.1,1,Nashik,Automotive,Graduate
TRN_MH_2026_2442,18133.58,16.8,0,Mumbai,Electronics and Hardware,Below 10th
TRN_MH_2026_2443,12961.09,17.4,1,Chhatrapati Sambhajinagar,Apparel,12th Pass
TRN_MH_2026_2444,18898.91,4.3,0,Mumbai,Automotive,ITI Diploma
TRN_MH_2026_2445,15220.25,10.2,0,Nashik,Electronics and Hardware,10th Pass
TRN_MH_2026_2446,15649.84,9.6,1,Pune,Construction,ITI Diploma
TRN_MH_2026_2447,19552.27,14.5,0,Mumbai,Construction,ITI Diploma
TRN_MH_2026_2448,21833.99,16.4,0,Mumbai,Electronics and Hardware,12th Pass
TRN_MH_2026_2449,17574.45,21.5,2,Pune,Apparel,Below 10th
TRN_MH_2026_2450,18580.92,11.5,1,Pune,Construction,12th Pass
TRN_MH_2026_2451,23457.75,11.5,0,Nashik,IT-ITeS,Graduate
TRN_MH_2026_2452,18342.64,19.7,1,Nashik,Healthcare,10th Pass
TRN_MH_2026_2453,26605.89,15.5,0,Mumbai,Construction,Graduate
TRN_MH_2026_2454,19479.28,20.3,0,Thane,Construction,Below 10th
TRN_MH_2026_2455,,15.4,1,Thane,IT-ITeS,Graduate
TRN_MH_2026_2456,20136.7,8.2,1,Pune,Apparel,10th Pass
TRN_MH_2026_2457,18834.05,7.3,1,Gadchiroli,Automotive,Graduate
TRN_MH_2026_2458,22014.13,6.2,0,Amravati,Electronics and Hardware,ITI Diploma
TRN_MH_2026_2459,19856.13,17.3,0,Pune,Automotive,ITI Diploma
TRN_MH_2026_2460,17015.4,19.9,1,Nashik,Healthcare,Below 10th
TRN_MH_2026_2461,13214.96,23.2,2,Chhatrapati Sambhajinagar,Electronics and Hardware,Graduate
TRN_MH_2026_2462,16768.42,,1,Chhatrapati Sambhajinagar,IT-ITeS,Graduate
TRN_MH_2026_2463,14523.18,19.8,0,Thane,Automotive,ITI Diploma
TRN_MH_2026_2464,15468.17,11.1,1,Thane,Automotive,10th Pass
TRN_MH_2026_2465,19560.02,8.2,2,Chhatrapati Sambhajinagar,Construction,ITI Diploma
TRN_MH_2026_2466,23344.67,18.3,0,Chhatrapati Sambhajinagar,Apparel,ITI Diploma
TRN_MH_2026_2467,18881.35,16.1,1,Amravati,Healthcare,12th Pass
TRN_MH_2026_2468,13314.41,14.5,0,Amravati,Apparel,10th Pass
TRN_MH_2026_2469,19056.11,15.9,1,Chhatrapati Sambhajinagar,IT-ITeS,Below 10th
TRN_MH_2026_2470,21688.21,15.6,3,Pune,Healthcare,Graduate
TRN_MH_2026_2471,15365.76,20.4,0,Mumbai,Electronics and Hardware,Graduate
TRN_MH_2026_2472,17030.94,20.5,1,Chhatrapati Sambhajinagar,IT-ITeS,12th Pass
TRN_MH_2026_2473,17551.41,16.7,0,Nashik,IT-ITeS,Below 10th
TRN_MH_2026_2474,14752.86,18.2,0,Mumbai,Automotive,10th Pass
TRN_MH_2026_2475,19768.98,16.6,0,Chhatrapati Sambhajinagar,Automotive,Below 10th
TRN_MH_2026_2476,17076.68,11.7,0,Nagpur,IT-ITeS,12th Pass
TRN_MH_2026_2477,18968.36,17.8,1,Mumbai,Automotive,Below 10th
TRN_MH_2026_2478,14393.78,7.0,0,Gadchiroli,Apparel,10th Pass
TRN_MH_2026_2479,15968.9,19.3,2,Gadchiroli,Apparel,ITI Diploma
TRN_MH_2026_2480,20028.33,8.0,0,Amravati,Apparel,12th Pass
TRN_MH_2026_2481,16195.08,15.4,2,Chhatrapati Sambhajinagar,Automotive,Graduate
TRN_MH_2026_2482,23544.37,9.8,1,Nashik,Automotive,10th Pass
TRN_MH_2026_2483,16101.27,16.8,1,Gadchiroli,Apparel,ITI Diploma
TRN_MH_2026_2484,18286.4,0.5,16,Chhatrapati Sambhajinagar,Automotive,ITI Diploma
TRN_MH_2026_2485,20764.07,6.0,0,Nagpur,Healthcare,Below 10th
TRN_MH_2026_2486,12535.72,16.1,1,Pune,Automotive,Graduate
TRN_MH_2026_2487,11337.17,11.1,1,Mumbai,Electronics and Hardware,ITI Diploma
TRN_MH_2026_2488,12160.2,18.4,0,Amravati,Electronics and Hardware,ITI Diploma
TRN_MH_2026_2489,92162.14,14.0,1,Nagpur,Healthcare,ITI Diploma
TRN_MH_2026_2490,15568.5,16.0,1,Thane,Healthcare,Graduate
TRN_MH_2026_2491,26453.7,9.2,2,Solapur,Healthcare,Graduate
TRN_MH_2026_2492,15525.13,11.1,0,Amravati,Automotive,12th Pass
TRN_MH_2026_2493,18145.93,11.7,1,Solapur,Construction,10th Pass
TRN_MH_2026_2494,22897.38,18.3,1,Amravati,Construction,10th Pass
TRN_MH_2026_2495,24521.33,22.4,1,Nagpur,Automotive,12th Pass
TRN_MH_2026_2496,24715.26,0.5,15,Mumbai,Construction,12th Pass
TRN_MH_2026_2497,21729.28,,1,Chhatrapati Sambhajinagar,Electronics and Hardware,ITI Diploma
TRN_MH_2026_2498,21084.22,0.5,17,Nagpur,Construction,12th Pass
TRN_MH_2026_2499,19573.84,8.0,1,Nashik,Apparel,ITI Diploma
TRN_MH_2026_2500,20224.26,9.2,0,Pune,Construction,ITI Diploma
TRN_MH_2026_2501,249915.67,7.2,0,Nashik,Healthcare,Graduate
TRN_MH_2026_2502,14636.3,6.1,1,Amravati,Electronics and Hardware,Below 10th
TRN_MH_2026_2503,17488.19,16.1,1,Amravati,IT-ITeS,Below 10th
TRN_MH_2026_2504,16904.35,12.9,1,Nagpur,Apparel,Below 10th
TRN_MH_2026_2505,15913.7,15.9,2,Amravati,Construction,10th Pass
TRN_MH_2026_2506,19937.36,17.5,2,Solapur,Electronics and Hardware,12th Pass
TRN_MH_2026_2507,20843.57,15.3,1,Chhatrapati Sambhajinagar,Automotive,Graduate
TRN_MH_2026_2508,17809.42,17.3,0,Thane,Apparel,ITI Diploma
TRN_MH_2026_2509,22671.36,13.7,1,Nashik,Automotive,12th Pass
TRN_MH_2026_2510,13504.09,,0,Pune,IT-ITeS,ITI Diploma
TRN_MH_2026_2511,16822.19,19.3,1,Pune,Automotive,Below 10th
TRN_MH_2026_2512,14991.12,11.1,1,Chhatrapati Sambhajinagar,Automotive,10th Pass
TRN_MH_2026_2513,10967.12,9.3,2,Nagpur,Construction,Below 10th
TRN_MH_2026_2514,17210.62,13.1,0,Solapur,Apparel,Graduate
TRN_MH_2026_2515,17073.88,9.4,0,Nashik,Automotive,ITI Diploma
TRN_MH_2026_2516,22797.07,11.9,0,Chhatrapati Sambhajinagar,Automotive,12th Pass
TRN_MH_2026_2517,19707.84,15.7,2,Nashik,Apparel,Below 10th
TRN_MH_2026_2518,13915.35,15.7,0,Amravati,Healthcare,10th Pass
TRN_MH_2026_2519,23989.32,9.5,0,Mumbai,Healthcare,10th Pass
TRN_MH_2026_2520,21773.62,11.6,0,Solapur,Electronics and Hardware,12th Pass
TRN_MH_2026_2521,19537.34,19.4,1,Solapur,Automotive,Graduate
TRN_MH_2026_2522,16707.31,16.5,1,Solapur,Electronics and Hardware,Below 10th
TRN_MH_2026_2523,14141.96,24.4,0,Amravati,Construction,ITI Diploma
TRN_MH_2026_2524,16197.28,0.5,8,Nashik,Construction,Graduate
TRN_MH_2026_2525,21310.62,19.7,2,Gadchiroli,Apparel,10th Pass
TRN_MH_2026_2526,24096.05,7.1,0,Gadchiroli,Construction,Below 10th
TRN_MH_2026_2527,22901.35,17.8,3,Gadchiroli,Electronics and Hardware,Graduate
TRN_MH_2026_2528,15789.03,13.7,1,Solapur,Apparel,12th Pass
TRN_MH_2026_2529,13581.34,11.2,2,Amravati,IT-ITeS,12th Pass
TRN_MH_2026_2530,17993.1,14.8,1,Chhatrapati Sambhajinagar,Electronics and Hardware,12th Pass
TRN_MH_2026_2531,11310.46,18.7,1,Chhatrapati Sambhajinagar,IT-ITeS,10th Pass
TRN_MH_2026_2532,18631.09,16.5,1,Amravati,Healthcare,12th Pass
TRN_MH_2026_2533,16983.39,0.5,12,Pune,Apparel,Below 10th
TRN_MH_2026_2534,15868.87,17.7,1,Chhatrapati Sambhajinagar,IT-ITeS,Below 10th
TRN_MH_2026_2535,11918.54,10.8,1,Pune,Healthcare,Graduate
TRN_MH_2026_2536,19297.6,15.1,1,Gadchiroli,IT-ITeS,12th Pass
TRN_MH_2026_2537,15635.55,12.5,1,Chhatrapati Sambhajinagar,Electronics and Hardware,Graduate
TRN_MH_2026_2538,13405.29,12.9,0,Chhatrapati Sambhajinagar,IT-ITeS,Below 10th
TRN_MH_2026_2539,8000.0,17.8,0,Pune,Healthcare,ITI Diploma
TRN_MH_2026_2540,17403.7,8.8,0,Gadchiroli,Construction,Below 10th
TRN_MH_2026_2541,23702.88,23.7,0,Thane,Healthcare,ITI Diploma
TRN_MH_2026_2542,23314.41,4.9,1,Nashik,Apparel,12th Pass
TRN_MH_2026_2543,15900.16,11.0,1,Gadchiroli,Automotive,12th Pass
TRN_MH_2026_2544,249498.66,15.9,0,Nashik,Healthcare,Graduate
TRN_MH_2026_2545,19140.71,16.9,1,Nagpur,Apparel,Below 10th
TRN_MH_2026_2546,14005.65,13.5,1,Thane,Electronics and Hardware,Below 10th
TRN_MH_2026_2547,18556.27,13.7,0,Solapur,Construction,12th Pass
TRN_MH_2026_2548,20181.28,16.1,0,Nagpur,Electronics and Hardware,12th Pass
TRN_MH_2026_2549,21794.27,12.8,1,Gadchiroli,IT-ITeS,Graduate
TRN_MH_2026_2550,224782.63,21.0,1,Solapur,Construction,Below 10th
TRN_MH_2026_2551,16787.14,18.2,2,Mumbai,IT-ITeS,ITI Diploma
TRN_MH_2026_2552,14427.06,18.4,2,Nashik,Healthcare,10th Pass
TRN_MH_2026_2553,14605.92,9.2,1,Gadchiroli,Electronics and Hardware,12th Pass
TRN_MH_2026_2554,16707.32,0.5,9,Nashik,IT-ITeS,Graduate
TRN_MH_2026_2555,18785.78,12.5,1,Solapur,Healthcare,12th Pass
TRN_MH_2026_2556,20697.55,9.0,0,Nagpur,Construction,Below 10th
TRN_MH_2026_2557,14688.87,15.8,1,Gadchiroli,IT-ITeS,ITI Diploma
TRN_MH_2026_2558,22724.41,11.3,0,Nashik,Healthcare,ITI Diploma
TRN_MH_2026_2559,16551.07,17.3,4,Gadchiroli,Electronics and Hardware,Below 10th
TRN_MH_2026_2560,17425.21,8.6,0,Nagpur,Apparel,ITI Diploma
TRN_MH_2026_2561,14884.76,22.6,0,Nashik,Construction,Below 10th
TRN_MH_2026_2562,9015.16,9.5,1,Mumbai,Electronics and Hardware,ITI Diploma
TRN_MH_2026_2563,20594.16,15.1,1,Solapur,Construction,12th Pass
TRN_MH_2026_2564,20078.95,18.0,0,Gadchiroli,Automotive,Graduate
TRN_MH_2026_2565,16515.35,11.1,2,Chhatrapati Sambhajinagar,Electronics and Hardware,Below 10th
TRN_MH_2026_2566,17734.47,18.3,2,Mumbai,Healthcare,Below 10th
TRN_MH_2026_2567,19305.79,7.9,1,Chhatrapati Sambhajinagar,Automotive,ITI Diploma
TRN_MH_2026_2568,12031.09,21.3,2,Thane,Apparel,Below 10th
TRN_MH_2026_2569,15648.32,14.1,0,Solapur,Apparel,Graduate
TRN_MH_2026_2570,20279.93,11.0,2,Amravati,Healthcare,Graduate
TRN_MH_2026_2571,13109.99,12.5,0,Pune,Electronics and Hardware,10th Pass
TRN_MH_2026_2572,18527.45,18.0,4,Gadchiroli,Automotive,12th Pass
TRN_MH_2026_2573,,11.1,1,Gadchiroli,Automotive,12th Pass
TRN_MH_2026_2574,19132.5,10.3,0,Nagpur,Electronics and Hardware,10th Pass
TRN_MH_2026_2575,17375.25,12.9,1,Nagpur,Construction,12th Pass
TRN_MH_2026_2576,11847.04,8.1,1,Amravati,Electronics and Hardware,12th Pass
TRN_MH_2026_2577,21576.59,23.1,1,Pune,Electronics and Hardware,10th Pass
TRN_MH_2026_2578,14928.93,11.2,0,Solapur,Construction,ITI Diploma
TRN_MH_2026_2579,14664.12,18.2,0,Mumbai,Electronics and Hardware,Below 10th
TRN_MH_2026_2580,18201.99,15.0,0,Solapur,Construction,10th Pass
TRN_MH_2026_2581,21520.23,9.1,1,Pune,Electronics and Hardware,Below 10th
TRN_MH_2026_2582,13944.62,14.0,0,Nashik,Healthcare,ITI Diploma
TRN_MH_2026_2583,17715.88,17.9,1,Solapur,Electronics and Hardware,ITI Diploma
TRN_MH_2026_2584,19000.86,13.1,0,Mumbai,Apparel,Graduate
TRN_MH_2026_2585,19925.87,20.0,2,Nashik,Healthcare,Below 10th
TRN_MH_2026_2586,18117.55,19.1,0,Pune,Electronics and Hardware,ITI Diploma
TRN_MH_2026_2587,16215.4,18.6,3,Nagpur,Healthcare,Below 10th
TRN_MH_2026_2588,14603.43,11.7,0,Amravati,Electronics and Hardware,Below 10th
TRN_MH_2026_2589,17801.5,8.6,1,Gadchiroli,Automotive,ITI Diploma
TRN_MH_2026_2590,13747.51,10.9,0,Gadchiroli,Healthcare,Graduate
TRN_MH_2026_2591,8000.0,,1,Mumbai,Construction,12th Pass
TRN_MH_2026_2592,19027.96,16.7,2,Mumbai,Electronics and Hardware,ITI Diploma
TRN_MH_2026_2593,130694.94,3.1,1,Pune,Construction,Graduate
TRN_MH_2026_2594,9229.74,14.0,1,Pune,Automotive,12th Pass
TRN_MH_2026_2595,13965.94,14.8,0,Gadchiroli,Electronics and Hardware,12th Pass
TRN_MH_2026_2596,19667.04,0.5,9,Solapur,Automotive,12th Pass
TRN_MH_2026_2597,132625.22,20.5,1,Mumbai,Healthcare,ITI Diploma
TRN_MH_2026_2598,17572.78,16.1,0,Pune,Electronics and Hardware,Graduate
TRN_MH_2026_2599,14951.99,20.6,1,Thane,Construction,Below 10th
TRN_MH_2026_2600,16859.86,12.9,0,Pune,Automotive,Below 10th
TRN_MH_2026_2601,22312.07,18.7,3,Nashik,Apparel,ITI Diploma
TRN_MH_2026_2602,15239.13,22.2,0,Chhatrapati Sambhajinagar,IT-ITeS,Graduate
TRN_MH_2026_2603,14702.83,20.6,1,Nashik,Apparel,Graduate
TRN_MH_2026_2604,15810.4,8.5,1,Pune,Electronics and Hardware,10th Pass
TRN_MH_2026_2605,14163.35,12.7,4,Solapur,Healthcare,Graduate
TRN_MH_2026_2606,17929.35,12.3,1,Nashik,Construction,Below 10th
TRN_MH_2026_2607,23186.37,16.4,0,Pune,Electronics and Hardware,ITI Diploma
TRN_MH_2026_2608,18630.78,17.4,0,Gadchiroli,Healthcare,Graduate
TRN_MH_2026_2609,16616.76,9.8,1,Chhatrapati Sambhajinagar,Construction,12th Pass
TRN_MH_2026_2610,16478.66,14.3,3,Nagpur,Healthcare,12th Pass
TRN_MH_2026_2611,12028.83,3.9,0,Solapur,Apparel,Graduate
TRN_MH_2026_2612,20590.88,21.2,0,Pune,Apparel,12th Pass
TRN_MH_2026_2613,17227.57,11.4,0,Gadchiroli,Construction,Graduate
TRN_MH_2026_2614,16868.32,0.5,14,Mumbai,Construction,Below 10th
TRN_MH_2026_2615,28675.88,12.5,2,Pune,Automotive,Graduate
TRN_MH_2026_2616,18545.64,19.7,0,Pune,Electronics and Hardware,Below 10th
TRN_MH_2026_2617,14868.73,1.0,1,Thane,Electronics and Hardware,12th Pass
TRN_MH_2026_2618,16007.75,13.9,0,Pune,Healthcare,ITI Diploma
TRN_MH_2026_2619,21519.56,,0,Nagpur,IT-ITeS,10th Pass
TRN_MH_2026_2620,17896.45,11.7,1,Pune,Healthcare,12th Pass
TRN_MH_2026_2621,12466.03,22.6,0,Amravati,Automotive,ITI Diploma
TRN_MH_2026_2622,20717.3,9.6,2,Gadchiroli,Healthcare,12th Pass
TRN_MH_2026_2623,15161.5,17.9,0,Solapur,IT-ITeS,10th Pass
TRN_MH_2026_2624,24056.54,15.8,1,Pune,Automotive,Graduate
TRN_MH_2026_2625,,20.3,2,Gadchiroli,Construction,12th Pass
TRN_MH_2026_2626,15934.37,10.7,0,Mumbai,Automotive,ITI Diploma
TRN_MH_2026_2627,21983.56,10.3,0,Nashik,Automotive,Graduate
TRN_MH_2026_2628,17737.49,19.5,0,Amravati,Electronics and Hardware,10th Pass
TRN_MH_2026_2629,20484.71,16.1,0,Solapur,Electronics and Hardware,ITI Diploma
TRN_MH_2026_2630,19196.56,6.3,1,Pune,IT-ITeS,10th Pass
TRN_MH_2026_2631,14537.75,11.3,1,Mumbai,Healthcare,Below 10th
TRN_MH_2026_2632,15247.58,15.9,0,Mumbai,Automotive,ITI Diploma
TRN_MH_2026_2633,21104.86,18.2,0,Gadchiroli,Apparel,ITI Diploma
TRN_MH_2026_2634,16328.29,10.6,0,Mumbai,Healthcare,12th Pass
TRN_MH_2026_2635,16087.23,1.0,0,Amravati,Electronics and Hardware,12th Pass
TRN_MH_2026_2636,14157.07,16.6,1,Nashik,Apparel,10th Pass
TRN_MH_2026_2637,18982.6,0.5,15,Chhatrapati Sambhajinagar,Apparel,Graduate
TRN_MH_2026_2638,,3.9,1,Gadchiroli,IT-ITeS,Below 10th
TRN_MH_2026_2639,13763.63,1.0,1,Nagpur,IT-ITeS,ITI Diploma
TRN_MH_2026_2640,17584.77,18.1,0,Nagpur,Construction,Below 10th
TRN_MH_2026_2641,22442.77,14.6,1,Chhatrapati Sambhajinagar,Apparel,ITI Diploma
TRN_MH_2026_2642,17221.26,12.9,0,Amravati,Construction,10th Pass
TRN_MH_2026_2643,19083.3,20.9,1,Amravati,Automotive,Graduate
TRN_MH_2026_2644,13781.62,17.2,1,Amravati,Automotive,10th Pass
TRN_MH_2026_2645,18999.07,22.1,2,Nashik,Automotive,10th Pass
TRN_MH_2026_2646,16845.0,7.0,2,Nashik,Construction,12th Pass
TRN_MH_2026_2647,20950.05,13.8,0,Chhatrapati Sambhajinagar,Automotive,Below 10th
TRN_MH_2026_2648,21655.85,0.5,9,Gadchiroli,Healthcare,ITI Diploma
TRN_MH_2026_2649,26563.47,12.9,0,Thane,Automotive,Below 10th
TRN_MH_2026_2650,19528.72,12.8,1,Pune,Healthcare,10th Pass
TRN_MH_2026_2651,18640.29,17.1,3,Thane,Automotive,Graduate
TRN_MH_2026_2652,18180.35,14.2,1,Solapur,Apparel,Below 10th
TRN_MH_2026_2653,16263.92,17.1,0,Mumbai,Healthcare,Below 10th
TRN_MH_2026_2654,18684.69,17.5,0,Mumbai,Electronics and Hardware,Below 10th
TRN_MH_2026_2655,16466.1,24.8,1,Gadchiroli,Electronics and Hardware,Below 10th
TRN_MH_2026_2656,18089.61,12.4,0,Solapur,IT-ITeS,12th Pass
TRN_MH_2026_2657,22111.59,9.3,2,Mumbai,IT-ITeS,12th Pass
TRN_MH_2026_2658,,15.2,1,Chhatrapati Sambhajinagar,IT-ITeS,Graduate
TRN_MH_2026_2659,21489.57,10.0,2,Pune,Electronics and Hardware,Below 10th
TRN_MH_2026_2660,22109.9,21.4,0,Amravati,Healthcare,10th Pass
TRN_MH_2026_2661,17086.76,12.6,0,Solapur,Apparel,12th Pass
TRN_MH_2026_2662,10073.51,11.2,0,Solapur,Automotive,12th Pass
TRN_MH_2026_2663,15372.62,11.6,1,Pune,Healthcare,12th Pass
TRN_MH_2026_2664,22039.48,17.6,1,Nashik,Automotive,Below 10th
TRN_MH_2026_2665,17419.96,,0,Mumbai,Automotive,12th Pass
TRN_MH_2026_2666,14002.44,10.8,1,Nashik,Apparel,12th Pass
TRN_MH_2026_2667,15733.29,22.3,1,Mumbai,Healthcare,Graduate
TRN_MH_2026_2668,20442.17,9.7,1,Pune,Construction,10th Pass
TRN_MH_2026_2669,19413.57,14.2,0,Solapur,Automotive,10th Pass
TRN_MH_2026_2670,16663.74,17.3,0,Thane,Automotive,10th Pass
TRN_MH_2026_2671,16216.11,5.8,2,Chhatrapati Sambhajinagar,IT-ITeS,ITI Diploma
TRN_MH_2026_2672,16128.85,16.4,2,Nashik,Healthcare,10th Pass
TRN_MH_2026_2673,14271.56,8.7,1,Mumbai,Construction,Graduate
TRN_MH_2026_2674,23153.81,18.1,0,Amravati,Healthcare,Graduate
TRN_MH_2026_2675,16371.88,9.2,4,Pune,Electronics and Hardware,Below 10th
TRN_MH_2026_2676,,,1,Mumbai,Construction,Graduate
TRN_MH_2026_2677,22824.61,19.5,2,Nagpur,Apparel,Graduate
TRN_MH_2026_2678,20994.09,18.3,1,Amravati,Apparel,ITI Diploma
TRN_MH_2026_2679,15989.33,15.3,0,Nashik,Healthcare,12th Pass
TRN_MH_2026_2680,18913.06,12.8,2,Pune,Apparel,12th Pass
TRN_MH_2026_2681,17415.32,11.1,2,Chhatrapati Sambhajinagar,Healthcare,12th Pass
TRN_MH_2026_2682,14337.04,21.4,0,Solapur,Electronics and Hardware,Below 10th
TRN_MH_2026_2683,18635.26,10.5,2,Pune,Automotive,12th Pass
TRN_MH_2026_2684,13373.36,8.8,1,Nagpur,Healthcare,ITI Diploma
TRN_MH_2026_2685,21656.88,17.3,1,Amravati,Healthcare,10th Pass
TRN_MH_2026_2686,15873.84,10.0,0,Nagpur,IT-ITeS,Below 10th
TRN_MH_2026_2687,18204.06,9.2,2,Nashik,Construction,10th Pass
TRN_MH_2026_2688,18491.51,6.8,0,Amravati,Automotive,Below 10th
TRN_MH_2026_2689,16593.83,11.6,2,Pune,Apparel,10th Pass
TRN_MH_2026_2690,19553.43,0.5,13,Thane,Construction,ITI Diploma
TRN_MH_2026_2691,15837.84,15.2,0,Pune,Automotive,10th Pass
TRN_MH_2026_2692,20549.54,18.8,0,Gadchiroli,IT-ITeS,12th Pass
TRN_MH_2026_2693,12789.07,16.6,0,Solapur,Construction,Below 10th
TRN_MH_2026_2694,159709.59,13.0,2,Thane,Electronics and Hardware,ITI Diploma
TRN_MH_2026_2695,24286.25,13.0,0,Thane,Electronics and Hardware,ITI Diploma
TRN_MH_2026_2696,13998.84,16.6,0,Mumbai,Electronics and Hardware,ITI Diploma
TRN_MH_2026_2697,15127.89,20.4,0,Nagpur,Construction,12th Pass
TRN_MH_2026_2698,19298.68,14.6,0,Thane,Construction,ITI Diploma
TRN_MH_2026_2699,18128.54,11.7,3,Solapur,Healthcare,Graduate
TRN_MH_2026_2700,18727.21,9.0,1,Solapur,Electronics and Hardware,ITI Diploma
TRN_MH_2026_2701,19212.15,6.8,0,Amravati,Automotive,ITI Diploma
TRN_MH_2026_2702,19721.53,0.5,10,Nagpur,Healthcare,Graduate
TRN_MH_2026_2703,21383.95,16.9,1,Nagpur,Construction,10th Pass
TRN_MH_2026_2704,18934.37,16.9,0,Amravati,Apparel,12th Pass
TRN_MH_2026_2705,16655.6,13.4,0,Gadchiroli,Apparel,12th Pass
TRN_MH_2026_2706,19854.01,21.0,1,Nashik,Automotive,10th Pass
TRN_MH_2026_2707,24149.59,11.6,2,Pune,IT-ITeS,Graduate
TRN_MH_2026_2708,17035.78,18.8,2,Pune,Electronics and Hardware,Graduate
TRN_MH_2026_2709,14089.15,13.8,1,Pune,IT-ITeS,Graduate
TRN_MH_2026_2710,21374.78,11.0,0,Solapur,IT-ITeS,12th Pass
TRN_MH_2026_2711,17078.67,17.0,4,Nashik,Electronics and Hardware,Graduate
TRN_MH_2026_2712,9895.66,16.0,2,Mumbai,Automotive,ITI Diploma
TRN_MH_2026_2713,20465.98,15.8,1,Amravati,Electronics and Hardware,ITI Diploma
TRN_MH_2026_2714,15626.35,14.4,1,Pune,Healthcare,10th Pass
TRN_MH_2026_2715,17183.13,13.8,1,Chhatrapati Sambhajinagar,IT-ITeS,ITI Diploma
TRN_MH_2026_2716,18661.93,25.9,0,Nashik,Automotive,10th Pass
TRN_MH_2026_2717,,19.9,1,Thane,Electronics and Hardware,Below 10th
TRN_MH_2026_2718,19983.08,17.6,1,Nashik,Healthcare,Below 10th
TRN_MH_2026_2719,15975.8,14.6,0,Nagpur,IT-ITeS,Below 10th
TRN_MH_2026_2720,19295.87,19.0,0,Solapur,Automotive,10th Pass
TRN_MH_2026_2721,16591.59,16.6,1,Chhatrapati Sambhajinagar,Automotive,ITI Diploma
TRN_MH_2026_2722,20085.84,14.1,1,Amravati,Automotive,12th Pass
TRN_MH_2026_2723,19653.79,12.5,0,Chhatrapati Sambhajinagar,Construction,Below 10th
TRN_MH_2026_2724,14225.96,13.6,0,Pune,Automotive,Below 10th
TRN_MH_2026_2725,21300.94,1.0,0,Amravati,Electronics and Hardware,Graduate
TRN_MH_2026_2726,15624.13,15.1,2,Thane,Automotive,Graduate
TRN_MH_2026_2727,20328.2,11.6,0,Thane,Electronics and Hardware,10th Pass
TRN_MH_2026_2728,18785.51,22.0,0,Solapur,Automotive,Below 10th
TRN_MH_2026_2729,23933.64,14.1,2,Mumbai,Construction,10th Pass
TRN_MH_2026_2730,16717.87,8.1,1,Amravati,Construction,12th Pass
TRN_MH_2026_2731,16277.39,13.8,0,Gadchiroli,Electronics and Hardware,Graduate
TRN_MH_2026_2732,17432.03,8.8,1,Solapur,Construction,12th Pass
TRN_MH_2026_2733,16438.87,16.4,1,Thane,Construction,ITI Diploma
TRN_MH_2026_2734,20299.8,15.5,1,Nagpur,Apparel,Below 10th
TRN_MH_2026_2735,208327.45,18.8,1,Mumbai,Construction,Below 10th
TRN_MH_2026_2736,13812.11,10.0,3,Amravati,Automotive,10th Pass
TRN_MH_2026_2737,13762.69,14.2,1,Gadchiroli,Construction,ITI Diploma
TRN_MH_2026_2738,20826.08,7.2,0,Gadchiroli,Automotive,Below 10th
TRN_MH_2026_2739,23487.15,17.5,0,Pune,Apparel,Below 10th
TRN_MH_2026_2740,17134.43,16.6,0,Gadchiroli,Electronics and Hardware,Graduate
TRN_MH_2026_2741,,,1,Amravati,Automotive,Below 10th
TRN_MH_2026_2742,17745.18,14.0,1,Gadchiroli,Automotive,10th Pass
TRN_MH_2026_2743,21566.57,16.1,1,Gadchiroli,Automotive,12th Pass
TRN_MH_2026_2744,14254.26,22.0,0,Gadchiroli,Apparel,ITI Diploma
TRN_MH_2026_2745,18334.29,12.6,1,Pune,Healthcare,ITI Diploma
TRN_MH_2026_2746,20913.19,14.7,3,Solapur,IT-ITeS,Below 10th
TRN_MH_2026_2747,19253.83,8.6,0,Nagpur,Apparel,Graduate
TRN_MH_2026_2748,18163.54,0.5,12,Nashik,Automotive,Graduate
TRN_MH_2026_2749,21003.66,14.5,0,Nagpur,Automotive,Graduate
TRN_MH_2026_2750,8038.69,19.5,0,Mumbai,Construction,Below 10th
TRN_MH_2026_2751,19872.56,12.7,1,Nashik,Apparel,Below 10th
TRN_MH_2026_2752,15210.74,12.8,2,Nashik,Construction,Below 10th
TRN_MH_2026_2753,11092.78,12.0,0,Thane,Apparel,Below 10th
TRN_MH_2026_2754,19289.21,11.3,0,Nagpur,Apparel,12th Pass
TRN_MH_2026_2755,,15.5,1,Nagpur,IT-ITeS,10th Pass
TRN_MH_2026_2756,17018.93,6.5,1,Pune,IT-ITeS,10th Pass
TRN_MH_2026_2757,20835.06,20.4,2,Gadchiroli,Apparel,12th Pass
TRN_MH_2026_2758,23142.97,10.7,0,Pune,Automotive,Below 10th
TRN_MH_2026_2759,22102.2,17.6,0,Gadchiroli,Apparel,ITI Diploma
TRN_MH_2026_2760,23239.88,7.7,1,Nashik,Automotive,12th Pass
TRN_MH_2026_2761,20097.45,17.3,0,Nagpur,Automotive,10th Pass
TRN_MH_2026_2762,17764.02,17.4,0,Nashik,Electronics and Hardware,12th Pass
TRN_MH_2026_2763,11893.12,15.9,0,Amravati,Healthcare,10th Pass
TRN_MH_2026_2764,16638.78,9.0,1,Gadchiroli,Healthcare,ITI Diploma
TRN_MH_2026_2765,14548.64,15.2,1,Nagpur,Healthcare,Graduate
TRN_MH_2026_2766,25098.3,8.1,2,Chhatrapati Sambhajinagar,Automotive,Below 10th
TRN_MH_2026_2767,16884.4,12.7,1,Nashik,Construction,10th Pass
TRN_MH_2026_2768,17931.22,19.1,0,Nagpur,Automotive,12th Pass
TRN_MH_2026_2769,19430.2,18.0,1,Nashik,Automotive,Graduate
TRN_MH_2026_2770,17652.61,14.1,1,Amravati,Construction,Below 10th
TRN_MH_2026_2771,23432.68,9.1,1,Thane,IT-ITeS,ITI Diploma
TRN_MH_2026_2772,15320.73,17.2,1,Chhatrapati Sambhajinagar,Construction,Below 10th
TRN_MH_2026_2773,18181.13,14.1,1,Thane,Apparel,12th Pass
TRN_MH_2026_2774,14901.35,2.4,0,Chhatrapati Sambhajinagar,Healthcare,ITI Diploma
TRN_MH_2026_2775,12879.92,17.9,1,Chhatrapati Sambhajinagar,Automotive,12th Pass
TRN_MH_2026_2776,15358.81,13.9,2,Thane,Healthcare,Below 10th
TRN_MH_2026_2777,,20.0,0,Thane,Construction,12th Pass
TRN_MH_2026_2778,15997.44,8.5,1,Nashik,Healthcare,10th Pass
TRN_MH_2026_2779,,1.0,1,Amravati,Healthcare,Graduate
TRN_MH_2026_2780,12577.89,15.4,0,Chhatrapati Sambhajinagar,Healthcare,ITI Diploma
TRN_MH_2026_2781,17209.13,15.5,0,Solapur,IT-ITeS,10th Pass
TRN_MH_2026_2782,12233.48,5.5,0,Thane,Automotive,10th Pass
TRN_MH_2026_2783,,9.1,0,Nagpur,Electronics and Hardware,Below 10th
TRN_MH_2026_2784,17788.54,27.8,0,Amravati,Electronics and Hardware,10th Pass
TRN_MH_2026_2785,12398.57,12.5,2,Chhatrapati Sambhajinagar,Healthcare,12th Pass
TRN_MH_2026_2786,16417.77,17.7,2,Thane,Healthcare,10th Pass
TRN_MH_2026_2787,14867.45,10.7,2,Mumbai,Healthcare,Graduate
TRN_MH_2026_2788,18617.11,0.5,13,Pune,Healthcare,12th Pass
TRN_MH_2026_2789,22191.58,13.1,0,Nagpur,Electronics and Hardware,Below 10th
TRN_MH_2026_2790,10936.9,12.7,1,Chhatrapati Sambhajinagar,Electronics and Hardware,12th Pass
TRN_MH_2026_2791,17902.59,12.0,1,Chhatrapati Sambhajinagar,Automotive,ITI Diploma
TRN_MH_2026_2792,16939.54,13.4,1,Nagpur,Healthcare,Below 10th
TRN_MH_2026_2793,19849.69,15.3,0,Chhatrapati Sambhajinagar,Electronics and Hardware,Below 10th
TRN_MH_2026_2794,139603.27,13.2,0,Nagpur,Healthcare,Graduate
TRN_MH_2026_2795,14868.11,7.7,0,Mumbai,Healthcare,ITI Diploma
TRN_MH_2026_2796,16383.31,16.4,0,Solapur,Apparel,10th Pass
TRN_MH_2026_2797,,4.3,1,Chhatrapati Sambhajinagar,Construction,10th Pass
TRN_MH_2026_2798,21266.02,3.7,0,Nashik,Electronics and Hardware,Below 10th
TRN_MH_2026_2799,17574.59,17.7,1,Pune,Electronics and Hardware,Graduate
TRN_MH_2026_2800,24154.17,16.5,2,Pune,IT-ITeS,Graduate
TRN_MH_2026_2801,,13.7,0,Nagpur,Construction,Below 10th
TRN_MH_2026_2802,15020.58,7.0,0,Thane,Apparel,Below 10th
TRN_MH_2026_2803,12202.0,10.5,2,Nashik,Electronics and Hardware,Below 10th
TRN_MH_2026_2804,11189.01,12.7,1,Mumbai,Automotive,12th Pass
TRN_MH_2026_2805,11955.52,6.0,2,Solapur,Healthcare,10th Pass
TRN_MH_2026_2806,18434.94,10.3,2,Nashik,Construction,10th Pass
TRN_MH_2026_2807,19280.54,17.3,0,Nagpur,Automotive,ITI Diploma
TRN_MH_2026_2808,11965.83,21.1,1,Mumbai,Construction,10th Pass
TRN_MH_2026_2809,20632.63,11.9,1,Amravati,Construction,Graduate
TRN_MH_2026_2810,15809.29,17.8,1,Nagpur,Electronics and Hardware,12th Pass
TRN_MH_2026_2811,18013.78,4.4,0,Pune,Apparel,12th Pass
TRN_MH_2026_2812,23142.77,17.3,2,Amravati,Apparel,12th Pass
TRN_MH_2026_2813,20638.94,10.0,0,Mumbai,IT-ITeS,12th Pass
TRN_MH_2026_2814,16560.14,15.5,0,Nagpur,Apparel,ITI Diploma
TRN_MH_2026_2815,14380.83,12.8,0,Pune,Electronics and Hardware,10th Pass
TRN_MH_2026_2816,9968.65,20.6,0,Mumbai,Construction,Graduate
TRN_MH_2026_2817,14982.96,9.6,2,Gadchiroli,Construction,10th Pass
TRN_MH_2026_2818,16761.04,17.1,2,Nagpur,Electronics and Hardware,12th Pass
TRN_MH_2026_2819,14044.87,12.6,1,Solapur,Apparel,ITI Diploma
TRN_MH_2026_2820,17040.6,13.2,1,Nagpur,IT-ITeS,10th Pass
TRN_MH_2026_2821,197722.77,13.1,0,Solapur,Electronics and Hardware,10th Pass
TRN_MH_2026_2822,16713.0,9.8,2,Thane,Healthcare,Below 10th
TRN_MH_2026_2823,15224.99,13.9,1,Amravati,Electronics and Hardware,12th Pass
TRN_MH_2026_2824,18090.29,13.7,1,Pune,IT-ITeS,ITI Diploma
TRN_MH_2026_2825,19046.79,15.2,2,Nashik,Automotive,10th Pass
TRN_MH_2026_2826,13683.6,14.4,1,Pune,Apparel,12th Pass
TRN_MH_2026_2827,22438.26,18.0,0,Solapur,IT-ITeS,ITI Diploma
TRN_MH_2026_2828,17154.94,18.6,3,Amravati,Healthcare,ITI Diploma
TRN_MH_2026_2829,17565.97,8.7,0,Mumbai,Electronics and Hardware,10th Pass
TRN_MH_2026_2830,19978.75,18.3,1,Solapur,Construction,12th Pass
TRN_MH_2026_2831,18316.26,8.1,1,Solapur,Apparel,Below 10th
TRN_MH_2026_2832,20835.98,16.9,1,Gadchiroli,IT-ITeS,Below 10th
TRN_MH_2026_2833,18504.93,17.1,0,Solapur,Automotive,ITI Diploma
TRN_MH_2026_2834,15356.47,4.4,0,Chhatrapati Sambhajinagar,Construction,12th Pass
TRN_MH_2026_2835,18765.26,14.5,1,Nashik,Healthcare,10th Pass
TRN_MH_2026_2836,13496.96,11.7,0,Pune,Electronics and Hardware,10th Pass
TRN_MH_2026_2837,17879.96,10.2,1,Nashik,Apparel,ITI Diploma
TRN_MH_2026_2838,17383.7,20.8,1,Thane,Automotive,10th Pass
TRN_MH_2026_2839,16771.59,10.7,0,Mumbai,Construction,Graduate
TRN_MH_2026_2840,182772.59,10.0,1,Mumbai,Electronics and Hardware,Graduate
TRN_MH_2026_2841,10913.53,14.4,0,Mumbai,Automotive,10th Pass
TRN_MH_2026_2842,15579.46,17.4,0,Nagpur,Construction,10th Pass
TRN_MH_2026_2843,17824.96,13.3,1,Chhatrapati Sambhajinagar,IT-ITeS,Graduate
TRN_MH_2026_2844,18059.5,19.8,1,Solapur,Construction,ITI Diploma
TRN_MH_2026_2845,13903.14,16.7,0,Solapur,Electronics and Hardware,ITI Diploma
TRN_MH_2026_2846,21929.98,3.1,1,Mumbai,Construction,Below 10th
TRN_MH_2026_2847,14468.39,11.4,1,Pune,Automotive,12th Pass
TRN_MH_2026_2848,20893.1,11.2,1,Chhatrapati Sambhajinagar,Healthcare,Graduate
TRN_MH_2026_2849,18995.18,16.4,1,Thane,Electronics and Hardware,Below 10th
TRN_MH_2026_2850,15238.2,1.0,0,Amravati,IT-ITeS,12th Pass
TRN_MH_2026_2851,23713.59,26.7,0,Pune,Electronics and Hardware,ITI Diploma
TRN_MH_2026_2852,200176.74,16.7,0,Nashik,Apparel,ITI Diploma
TRN_MH_2026_2853,20717.04,14.7,0,Chhatrapati Sambhajinagar,Construction,Graduate
TRN_MH_2026_2854,21002.04,19.9,1,Mumbai,Healthcare,10th Pass
TRN_MH_2026_2855,15152.83,25.7,2,Gadchiroli,Construction,Below 10th
TRN_MH_2026_2856,22373.63,18.4,0,Thane,Healthcare,Graduate
TRN_MH_2026_2857,16624.84,18.7,1,Mumbai,Electronics and Hardware,ITI Diploma
TRN_MH_2026_2858,18510.43,14.7,1,Thane,Construction,Below 10th
TRN_MH_2026_2859,18411.13,13.3,0,Nashik,IT-ITeS,12th Pass
TRN_MH_2026_2860,17029.92,11.6,1,Mumbai,Construction,10th Pass
TRN_MH_2026_2861,20337.83,9.9,2,Solapur,Automotive,10th Pass
TRN_MH_2026_2862,20277.21,10.6,0,Thane,Automotive,12th Pass
TRN_MH_2026_2863,11380.14,7.2,1,Mumbai,Apparel,10th Pass
TRN_MH_2026_2864,22065.19,13.6,0,Thane,Healthcare,Below 10th
TRN_MH_2026_2865,11681.28,5.6,1,Thane,Construction,10th Pass
TRN_MH_2026_2866,21113.91,15.0,0,Thane,IT-ITeS,Graduate
TRN_MH_2026_2867,21443.47,13.8,0,Mumbai,Healthcare,12th Pass
TRN_MH_2026_2868,13681.62,14.7,1,Pune,Apparel,Below 10th
TRN_MH_2026_2869,16062.15,11.4,1,Nashik,Electronics and Hardware,Graduate
TRN_MH_2026_2870,13630.03,29.4,2,Mumbai,Automotive,10th Pass
TRN_MH_2026_2871,16747.78,20.8,0,Mumbai,Healthcare,10th Pass
TRN_MH_2026_2872,204013.28,7.8,0,Nashik,Construction,10th Pass
TRN_MH_2026_2873,20228.81,15.2,1,Pune,IT-ITeS,Graduate
TRN_MH_2026_2874,22086.08,11.0,0,Chhatrapati Sambhajinagar,Apparel,10th Pass
TRN_MH_2026_2875,22384.89,8.9,1,Solapur,Construction,Below 10th
TRN_MH_2026_2876,15532.41,7.3,0,Pune,Apparel,Below 10th
TRN_MH_2026_2877,16767.72,16.2,0,Nagpur,Automotive,ITI Diploma
TRN_MH_2026_2878,11607.97,10.6,1,Pune,IT-ITeS,12th Pass
TRN_MH_2026_2879,14679.45,18.8,0,Gadchiroli,Healthcare,10th Pass
TRN_MH_2026_2880,20876.98,19.0,0,Thane,Automotive,ITI Diploma
TRN_MH_2026_2881,23154.54,20.9,0,Nagpur,Apparel,Below 10th
TRN_MH_2026_2882,13179.78,9.7,1,Pune,IT-ITeS,12th Pass
TRN_MH_2026_2883,15426.38,16.4,1,Amravati,Automotive,ITI Diploma
TRN_MH_2026_2884,17407.58,17.2,1,Gadchiroli,Construction,10th Pass
TRN_MH_2026_2885,18480.56,11.6,1,Pune,Healthcare,10th Pass
TRN_MH_2026_2886,14666.39,10.1,0,Gadchiroli,Apparel,12th Pass
TRN_MH_2026_2887,18984.21,22.0,2,Gadchiroli,Automotive,ITI Diploma
TRN_MH_2026_2888,15841.56,15.1,1,Amravati,Apparel,12th Pass
TRN_MH_2026_2889,17449.42,17.2,1,Nagpur,Healthcare,Below 10th
TRN_MH_2026_2890,19411.99,9.9,1,Chhatrapati Sambhajinagar,Healthcare,Graduate
TRN_MH_2026_2891,,7.9,0,Solapur,Apparel,ITI Diploma
TRN_MH_2026_2892,15972.65,11.2,1,Nashik,Electronics and Hardware,10th Pass
TRN_MH_2026_2893,17116.37,13.4,0,Pune,Automotive,12th Pass
TRN_MH_2026_2894,17190.73,8.7,1,Amravati,IT-ITeS,10th Pass
TRN_MH_2026_2895,16204.96,14.0,0,Gadchiroli,Apparel,ITI Diploma
TRN_MH_2026_2896,16594.21,5.6,0,Thane,Electronics and Hardware,12th Pass
TRN_MH_2026_2897,23095.27,8.4,1,Solapur,Electronics and Hardware,Below 10th
TRN_MH_2026_2898,19463.22,17.4,2,Nashik,Construction,12th Pass
TRN_MH_2026_2899,16465.82,17.0,2,Nagpur,IT-ITeS,10th Pass
TRN_MH_2026_2900,19939.34,12.0,1,Gadchiroli,Electronics and Hardware,ITI Diploma
TRN_MH_2026_2901,16331.63,8.9,2,Solapur,Construction,Below 10th
TRN_MH_2026_2902,21605.94,8.9,0,Amravati,Apparel,Graduate
TRN_MH_2026_2903,18793.75,12.1,0,Nashik,IT-ITeS,10th Pass
TRN_MH_2026_2904,17124.44,17.2,0,Solapur,Electronics and Hardware,Below 10th
TRN_MH_2026_2905,19067.01,18.6,0,Thane,IT-ITeS,Graduate
TRN_MH_2026_2906,12001.93,11.5,2,Nagpur,IT-ITeS,Graduate
TRN_MH_2026_2907,13556.31,8.2,2,Gadchiroli,Automotive,ITI Diploma
TRN_MH_2026_2908,217994.14,15.3,1,Amravati,Healthcare,Graduate
TRN_MH_2026_2909,18000.3,9.9,2,Chhatrapati Sambhajinagar,Healthcare,Graduate
TRN_MH_2026_2910,23563.8,11.4,1,Amravati,Electronics and Hardware,Graduate
TRN_MH_2026_2911,25309.55,20.6,0,Gadchiroli,Healthcare,ITI Diploma
TRN_MH_2026_2912,19733.18,18.1,1,Nagpur,Electronics and Hardware,Graduate
TRN_MH_2026_2913,19252.96,14.8,0,Nashik,Apparel,Graduate
TRN_MH_2026_2914,11196.3,7.6,3,Chhatrapati Sambhajinagar,Healthcare,Below 10th
TRN_MH_2026_2915,15600.64,15.1,0,Nashik,Construction,10th Pass
TRN_MH_2026_2916,14742.76,19.3,1,Pune,IT-ITeS,Below 10th
TRN_MH_2026_2917,15327.03,12.1,1,Nagpur,Electronics and Hardware,ITI Diploma
TRN_MH_2026_2918,16911.5,0.5,12,Chhatrapati Sambhajinagar,IT-ITeS,Below 10th
TRN_MH_2026_2919,15847.68,20.5,2,Gadchiroli,Construction,ITI Diploma
TRN_MH_2026_2920,10572.45,22.3,1,Pune,Automotive,ITI Diploma
TRN_MH_2026_2921,20117.69,15.5,1,Nagpur,Construction,Below 10th
TRN_MH_2026_2922,13745.4,16.9,0,Pune,Healthcare,12th Pass
TRN_MH_2026_2923,18337.36,21.1,1,Mumbai,Electronics and Hardware,10th Pass
TRN_MH_2026_2924,24759.29,16.2,0,Gadchiroli,Construction,10th Pass
TRN_MH_2026_2925,14282.15,11.5,0,Amravati,Automotive,ITI Diploma
TRN_MH_2026_2926,8643.99,11.8,0,Amravati,IT-ITeS,10th Pass
TRN_MH_2026_2927,16498.99,15.2,0,Amravati,Apparel,Graduate
TRN_MH_2026_2928,21353.36,7.5,3,Thane,Automotive,Graduate
TRN_MH_2026_2929,24354.22,13.3,0,Pune,Electronics and Hardware,Graduate
TRN_MH_2026_2930,13196.58,19.5,2,Nagpur,IT-ITeS,Below 10th
TRN_MH_2026_2931,19238.45,3.0,3,Pune,Construction,ITI Diploma
TRN_MH_2026_2932,15871.41,21.7,1,Pune,Construction,ITI Diploma
TRN_MH_2026_2933,,,0,Pune,Automotive,10th Pass
TRN_MH_2026_2934,26755.2,11.7,0,Mumbai,Healthcare,10th Pass
TRN_MH_2026_2935,12239.6,16.7,0,Thane,Electronics and Hardware,Below 10th
TRN_MH_2026_2936,18388.09,14.0,0,Nashik,IT-ITeS,12th Pass
TRN_MH_2026_2937,19136.93,20.1,0,Mumbai,IT-ITeS,Below 10th
TRN_MH_2026_2938,21300.25,18.9,3,Nashik,IT-ITeS,Below 10th
TRN_MH_2026_2939,17842.94,7.0,2,Nagpur,IT-ITeS,Below 10th
TRN_MH_2026_2940,18578.18,16.9,2,Thane,Automotive,Graduate
TRN_MH_2026_2941,16129.23,13.0,2,Chhatrapati Sambhajinagar,Healthcare,Graduate
TRN_MH_2026_2942,18441.94,14.4,0,Chhatrapati Sambhajinagar,Electronics and Hardware,ITI Diploma
TRN_MH_2026_2943,77374.67,10.4,0,Mumbai,Apparel,Graduate
TRN_MH_2026_2944,19675.5,22.7,0,Mumbai,IT-ITeS,12th Pass
TRN_MH_2026_2945,16206.36,19.2,1,Thane,Apparel,10th Pass
TRN_MH_2026_2946,18819.85,,0,Chhatrapati Sambhajinagar,Electronics and Hardware,Graduate
TRN_MH_2026_2947,17397.58,0.5,8,Thane,Automotive,12th Pass
TRN_MH_2026_2948,21441.18,0.5,15,Thane,Electronics and Hardware,12th Pass
TRN_MH_2026_2949,17320.12,16.2,0,Nashik,IT-ITeS,Below 10th
TRN_MH_2026_2950,11294.39,15.2,1,Thane,Construction,12th Pass
TRN_MH_2026_2951,21916.73,20.3,0,Nashik,Automotive,ITI Diploma
TRN_MH_2026_2952,14329.94,17.9,0,Gadchiroli,Healthcare,Below 10th
TRN_MH_2026_2953,15211.82,18.8,2,Pune,Automotive,12th Pass
TRN_MH_2026_2954,15415.19,,0,Amravati,Automotive,Below 10th
TRN_MH_2026_2955,22310.53,7.1,1,Mumbai,IT-ITeS,ITI Diploma
TRN_MH_2026_2956,10025.14,13.0,0,Nagpur,Healthcare,10th Pass
TRN_MH_2026_2957,28482.12,19.3,2,Pune,Construction,10th Pass
TRN_MH_2026_2958,21196.2,13.7,3,Pune,IT-ITeS,10th Pass
TRN_MH_2026_2959,18281.34,16.5,0,Nagpur,Electronics and Hardware,Below 10th
TRN_MH_2026_2960,17307.87,0.5,16,Thane,Construction,Graduate
TRN_MH_2026_2961,18499.44,8.9,2,Chhatrapati Sambhajinagar,Automotive,12th Pass
TRN_MH_2026_2962,19323.93,13.4,1,Gadchiroli,Construction,Graduate
TRN_MH_2026_2963,19758.25,15.5,2,Mumbai,IT-ITeS,ITI Diploma
TRN_MH_2026_2964,19444.62,10.7,1,Gadchiroli,Apparel,Below 10th
TRN_MH_2026_2965,17813.53,12.8,1,Nashik,Automotive,10th Pass
TRN_MH_2026_2966,16809.32,9.3,0,Nashik,Apparel,ITI Diploma
TRN_MH_2026_2967,16970.54,19.6,1,Chhatrapati Sambhajinagar,Electronics and Hardware,12th Pass
TRN_MH_2026_2968,16817.82,12.5,0,Gadchiroli,IT-ITeS,Graduate
TRN_MH_2026_2969,21468.2,21.3,0,Pune,Electronics and Hardware,10th Pass
TRN_MH_2026_2970,19577.45,21.6,0,Gadchiroli,Automotive,Below 10th
TRN_MH_2026_2971,8000.0,13.6,3,Gadchiroli,IT-ITeS,ITI Diploma
TRN_MH_2026_2972,19795.65,,1,Nagpur,Healthcare,Below 10th
TRN_MH_2026_2973,18181.58,3.6,1,Amravati,Healthcare,Below 10th
TRN_MH_2026_2974,17434.52,6.6,0,Gadchiroli,Apparel,10th Pass
TRN_MH_2026_2975,16140.19,7.1,1,Mumbai,Healthcare,Graduate
TRN_MH_2026_2976,21434.39,20.9,2,Chhatrapati Sambhajinagar,Construction,12th Pass
TRN_MH_2026_2977,206942.56,14.6,0,Nashik,Electronics and Hardware,Graduate
TRN_MH_2026_2978,14794.93,15.9,2,Chhatrapati Sambhajinagar,Electronics and Hardware,Graduate
TRN_MH_2026_2979,18924.68,2.9,0,Chhatrapati Sambhajinagar,Healthcare,Below 10th
TRN_MH_2026_2980,14099.2,8.0,1,Solapur,Automotive,10th Pass
TRN_MH_2026_2981,12671.34,18.4,0,Thane,Apparel,Graduate
TRN_MH_2026_2982,15306.49,15.4,0,Gadchiroli,Apparel,Graduate
TRN_MH_2026_2983,,13.3,4,Solapur,Electronics and Hardware,12th Pass
TRN_MH_2026_2984,20835.94,16.8,0,Pune,Electronics and Hardware,10th Pass
TRN_MH_2026_2985,19295.8,22.2,1,Pune,Healthcare,Graduate
TRN_MH_2026_2986,20037.84,12.9,1,Thane,Electronics and Hardware,10th Pass
TRN_MH_2026_2987,19306.62,14.3,0,Mumbai,Healthcare,ITI Diploma
TRN_MH_2026_2988,15254.81,15.0,2,Solapur,Healthcare,Graduate
TRN_MH_2026_2989,19011.73,26.0,1,Solapur,IT-ITeS,10th Pass
TRN_MH_2026_2990,169173.22,3.5,0,Mumbai,IT-ITeS,10th Pass
TRN_MH_2026_2991,20140.02,17.4,1,Gadchiroli,Construction,ITI Diploma
TRN_MH_2026_2992,21661.2,13.4,1,Pune,Electronics and Hardware,12th Pass
TRN_MH_2026_2993,19979.06,16.8,1,Nagpur,Construction,Below 10th
TRN_MH_2026_2994,18730.07,10.7,0,Mumbai,Electronics and Hardware,Below 10th
TRN_MH_2026_2995,21245.53,13.8,0,Thane,Automotive,Below 10th
TRN_MH_2026_2996,17407.18,0.5,15,Gadchiroli,Healthcare,Graduate
TRN_MH_2026_2997,14413.44,29.6,1,Gadchiroli,Automotive,Below 10th
TRN_MH_2026_2998,16929.27,18.0,0,Mumbai,Apparel,Below 10th
TRN_MH_2026_2999,14892.84,9.8,1,Nashik,Automotive,Graduate
TRN_MH_2026_3000,15136.88,11.9,3,Nagpur,Electronics and Hardware,12th Pass
TRN_MH_2026_3001,16994.18,11.7,2,Nagpur,Electronics and Hardware,Below 10th
TRN_MH_2026_3002,14726.53,5.0,2,Thane,Electronics and Hardware,10th Pass
TRN_MH_2026_3003,,12.3,3,Nashik,Automotive,ITI Diploma
TRN_MH_2026_3004,,17.7,2,Solapur,IT-ITeS,Graduate
TRN_MH_2026_3005,18246.53,7.6,1,Amravati,Automotive,Graduate
TRN_MH_2026_3006,17504.22,19.2,1,Gadchiroli,Electronics and Hardware,Graduate
TRN_MH_2026_3007,14640.19,16.4,0,Chhatrapati Sambhajinagar,Automotive,10th Pass
TRN_MH_2026_3008,19807.36,10.3,0,Solapur,Construction,12th Pass
TRN_MH_2026_3009,20781.5,13.3,1,Mumbai,Apparel,ITI Diploma
TRN_MH_2026_3010,11873.54,22.0,0,Gadchiroli,Automotive,10th Pass
TRN_MH_2026_3011,14830.46,17.7,1,Chhatrapati Sambhajinagar,Apparel,12th Pass
TRN_MH_2026_3012,14808.0,14.0,2,Amravati,Healthcare,Graduate
TRN_MH_2026_3013,14210.34,,0,Mumbai,Apparel,10th Pass
TRN_MH_2026_3014,20403.16,14.4,2,Solapur,IT-ITeS,12th Pass
TRN_MH_2026_3015,16821.61,11.4,2,Nashik,Automotive,ITI Diploma
TRN_MH_2026_3016,16574.2,3.5,0,Nagpur,Apparel,Below 10th
TRN_MH_2026_3017,10486.48,24.2,0,Amravati,Electronics and Hardware,10th Pass
TRN_MH_2026_3018,,14.8,0,Gadchiroli,Automotive,10th Pass
TRN_MH_2026_3019,,16.0,2,Pune,Apparel,Graduate
TRN_MH_2026_3020,17709.76,13.7,1,Solapur,Apparel,ITI Diploma
TRN_MH_2026_3021,18470.82,10.3,0,Chhatrapati Sambhajinagar,IT-ITeS,Graduate
TRN_MH_2026_3022,22262.31,13.1,1,Mumbai,Apparel,Below 10th
TRN_MH_2026_3023,12919.13,6.0,0,Nagpur,Electronics and Hardware,Below 10th
TRN_MH_2026_3024,8000.0,25.4,0,Solapur,Automotive,ITI Diploma
TRN_MH_2026_3025,18143.47,7.8,0,Nashik,Automotive,Below 10th
TRN_MH_2026_3026,23801.79,8.8,2,Pune,Construction,12th Pass
TRN_MH_2026_3027,21836.31,11.8,0,Mumbai,IT-ITeS,ITI Diploma
TRN_MH_2026_3028,18233.81,20.4,2,Chhatrapati Sambhajinagar,Construction,ITI Diploma
TRN_MH_2026_3029,15779.27,14.1,0,Mumbai,Automotive,ITI Diploma
TRN_MH_2026_3030,20324.93,,2,Thane,Apparel,Graduate
TRN_MH_2026_3031,116759.24,20.3,1,Mumbai,Healthcare,Below 10th
TRN_MH_2026_3032,19167.25,17.7,1,Chhatrapati Sambhajinagar,Apparel,Below 10th
TRN_MH_2026_3033,19269.15,16.7,1,Nashik,Electronics and Hardware,Graduate
TRN_MH_2026_3034,21210.73,17.6,0,Nagpur,Automotive,ITI Diploma
TRN_MH_2026_3035,27158.81,26.0,0,Amravati,Healthcare,ITI Diploma
TRN_MH_2026_3036,18873.46,24.9,1,Solapur,Construction,12th Pass
TRN_MH_2026_3037,15718.63,10.6,0,Thane,Apparel,Below 10th
TRN_MH_2026_3038,17410.49,22.1,0,Nagpur,Electronics and Hardware,ITI Diploma
TRN_MH_2026_3039,11308.23,15.9,1,Thane,IT-ITeS,Below 10th
TRN_MH_2026_3040,,16.5,0,Nagpur,Electronics and Hardware,Graduate
TRN_MH_2026_3041,16067.51,,0,Gadchiroli,Healthcare,Below 10th
TRN_MH_2026_3042,15665.69,13.1,2,Mumbai,Electronics and Hardware,12th Pass
TRN_MH_2026_3043,18033.24,9.9,2,Nagpur,Apparel,ITI Diploma
TRN_MH_2026_3044,14621.53,18.1,1,Chhatrapati Sambhajinagar,Automotive,12th Pass
TRN_MH_2026_3045,21423.61,19.4,0,Nashik,IT-ITeS,Graduate
TRN_MH_2026_3046,17500.72,3.6,1,Solapur,Construction,Graduate
TRN_MH_2026_3047,17467.45,13.9,0,Nashik,Construction,12th Pass
TRN_MH_2026_3048,16352.37,19.6,0,Gadchiroli,Healthcare,ITI Diploma
TRN_MH_2026_3049,18043.17,13.1,1,Thane,Healthcare,10th Pass
TRN_MH_2026_3050,,17.6,2,Pune,Construction,10th Pass
TRN_MH_2026_3051,14465.04,15.8,0,Mumbai,Electronics and Hardware,10th Pass
TRN_MH_2026_3052,15196.59,15.7,1,Mumbai,Electronics and Hardware,ITI Diploma
TRN_MH_2026_3053,16436.96,12.6,0,Mumbai,Construction,Graduate
TRN_MH_2026_3054,12789.45,7.9,0,Nagpur,Apparel,Graduate
TRN_MH_2026_3055,,8.4,1,Mumbai,IT-ITeS,ITI Diploma
TRN_MH_2026_3056,15833.23,17.5,0,Nashik,IT-ITeS,Below 10th
TRN_MH_2026_3057,20560.36,14.1,0,Mumbai,Healthcare,Graduate
TRN_MH_2026_3058,18418.96,13.3,0,Nashik,Electronics and Hardware,12th Pass
TRN_MH_2026_3059,18177.56,11.9,2,Mumbai,IT-ITeS,12th Pass
TRN_MH_2026_3060,184368.62,12.5,0,Chhatrapati Sambhajinagar,Automotive,Below 10th
TRN_MH_2026_3061,17019.2,19.2,0,Solapur,Electronics and Hardware,ITI Diploma
TRN_MH_2026_3062,18866.63,12.3,1,Thane,Healthcare,ITI Diploma
TRN_MH_2026_3063,188099.38,7.3,1,Amravati,Apparel,10th Pass
TRN_MH_2026_3064,18428.77,17.7,1,Chhatrapati Sambhajinagar,IT-ITeS,Below 10th
TRN_MH_2026_3065,15460.34,,0,Pune,Apparel,10th Pass
TRN_MH_2026_3066,8964.14,14.2,1,Pune,Construction,10th Pass
TRN_MH_2026_3067,17030.02,22.0,0,Nagpur,Apparel,12th Pass
TRN_MH_2026_3068,22479.62,13.9,1,Nashik,IT-ITeS,Below 10th
TRN_MH_2026_3069,20741.75,15.4,0,Amravati,IT-ITeS,ITI Diploma
TRN_MH_2026_3070,20878.89,8.1,0,Chhatrapati Sambhajinagar,Electronics and Hardware,Graduate
TRN_MH_2026_3071,21826.46,12.9,1,Nashik,Construction,Below 10th
TRN_MH_2026_3072,17810.3,17.0,1,Chhatrapati Sambhajinagar,Automotive,10th Pass
TRN_MH_2026_3073,18190.6,6.2,0,Solapur,Electronics and Hardware,12th Pass
TRN_MH_2026_3074,15338.22,15.0,0,Nagpur,Healthcare,ITI Diploma
TRN_MH_2026_3075,16393.75,14.5,1,Pune,Apparel,Graduate
TRN_MH_2026_3076,,14.2,0,Thane,Healthcare,10th Pass
TRN_MH_2026_3077,21713.6,19.2,0,Thane,Automotive,Graduate
TRN_MH_2026_3078,17011.94,15.7,1,Solapur,IT-ITeS,10th Pass
TRN_MH_2026_3079,15924.34,21.4,1,Gadchiroli,Electronics and Hardware,ITI Diploma
TRN_MH_2026_3080,17501.85,9.0,0,Chhatrapati Sambhajinagar,Healthcare,12th Pass
TRN_MH_2026_3081,19604.22,14.7,1,Gadchiroli,Automotive,Graduate
TRN_MH_2026_3082,,14.4,3,Nagpur,Apparel,Below 10th
TRN_MH_2026_3083,9463.37,8.7,1,Chhatrapati Sambhajinagar,Automotive,12th Pass
TRN_MH_2026_3084,15573.12,18.8,2,Solapur,Construction,Below 10th
TRN_MH_2026_3085,13227.51,25.6,0,Amravati,Healthcare,ITI Diploma
TRN_MH_2026_3086,15721.51,13.9,0,Amravati,Electronics and Hardware,Below 10th
TRN_MH_2026_3087,16982.77,16.5,1,Pune,Construction,Graduate
TRN_MH_2026_3088,15913.63,14.4,0,Pune,Electronics and Hardware,ITI Diploma
TRN_MH_2026_3089,132348.09,10.4,0,Nagpur,Construction,ITI Diploma
TRN_MH_2026_3090,18643.61,4.9,1,Amravati,Healthcare,10th Pass
TRN_MH_2026_3091,18551.66,0.5,16,Thane,Healthcare,Graduate
TRN_MH_2026_3092,19677.73,7.0,2,Chhatrapati Sambhajinagar,IT-ITeS,10th Pass
TRN_MH_2026_3093,13514.08,22.5,1,Thane,IT-ITeS,10th Pass
TRN_MH_2026_3094,21136.89,13.4,0,Thane,Apparel,Graduate
TRN_MH_2026_3095,17234.82,12.3,1,Nashik,Apparel,ITI Diploma
TRN_MH_2026_3096,19846.68,18.4,0,Amravati,IT-ITeS,10th Pass
TRN_MH_2026_3097,13748.5,8.4,0,Nashik,Healthcare,Below 10th
TRN_MH_2026_3098,154102.23,10.2,0,Nagpur,IT-ITeS,Below 10th
TRN_MH_2026_3099,20362.61,14.3,1,Mumbai,Healthcare,12th Pass
TRN_MH_2026_3100,18817.43,19.1,2,Gadchiroli,IT-ITeS,10th Pass
TRN_MH_2026_3101,115445.18,16.5,0,Solapur,IT-ITeS,Graduate
TRN_MH_2026_3102,14456.18,15.2,1,Amravati,Electronics and Hardware,Graduate
TRN_MH_2026_3103,21439.02,14.4,0,Pune,Healthcare,12th Pass
TRN_MH_2026_3104,13337.06,16.0,0,Mumbai,IT-ITeS,ITI Diploma
TRN_MH_2026_3105,23249.36,15.0,2,Amravati,Construction,Graduate
TRN_MH_2026_3106,14347.83,8.9,0,Nagpur,IT-ITeS,Graduate
TRN_MH_2026_3107,19734.37,14.2,2,Thane,Healthcare,ITI Diploma
TRN_MH_2026_3108,16349.84,8.6,1,Solapur,Healthcare,Below 10th
TRN_MH_2026_3109,19611.16,14.4,1,Solapur,IT-ITeS,Graduate
TRN_MH_2026_3110,15595.6,11.6,0,Mumbai,Electronics and Hardware,10th Pass
TRN_MH_2026_3111,16930.22,26.7,1,Nashik,Apparel,Below 10th
TRN_MH_2026_3112,17643.22,13.8,1,Nashik,Electronics and Hardware,ITI Diploma
TRN_MH_2026_3113,13992.34,7.0,2,Nashik,IT-ITeS,Below 10th
TRN_MH_2026_3114,20092.89,13.3,1,Mumbai,Apparel,ITI Diploma
TRN_MH_2026_3115,15703.75,16.6,1,Thane,Electronics and Hardware,12th Pass
TRN_MH_2026_3116,16699.9,22.4,1,Solapur,Electronics and Hardware,Graduate
TRN_MH_2026_3117,91109.68,11.1,0,Solapur,Automotive,ITI Diploma
TRN_MH_2026_3118,8531.83,6.1,0,Mumbai,IT-ITeS,ITI Diploma
TRN_MH_2026_3119,16831.4,18.1,0,Nashik,Construction,Below 10th
TRN_MH_2026_3120,25944.15,7.1,2,Gadchiroli,Electronics and Hardware,ITI Diploma
TRN_MH_2026_3121,20246.12,11.8,0,Thane,Electronics and Hardware,12th Pass
TRN_MH_2026_3122,17432.59,,1,Nagpur,Healthcare,Below 10th
TRN_MH_2026_3123,16579.88,13.7,2,Solapur,Healthcare,Graduate
TRN_MH_2026_3124,17578.63,17.4,0,Solapur,IT-ITeS,Below 10th
TRN_MH_2026_3125,19414.92,10.6,0,Nagpur,IT-ITeS,10th Pass
TRN_MH_2026_3126,13367.16,12.6,1,Amravati,Electronics and Hardware,12th Pass
TRN_MH_2026_3127,21400.13,13.9,1,Solapur,Apparel,Below 10th
TRN_MH_2026_3128,20003.83,14.7,2,Nashik,Healthcare,Below 10th
TRN_MH_2026_3129,20013.65,14.5,1,Thane,Automotive,Below 10th
TRN_MH_2026_3130,19034.67,16.2,1,Nagpur,Healthcare,Below 10th
TRN_MH_2026_3131,17568.66,18.2,0,Nagpur,Healthcare,12th Pass
TRN_MH_2026_3132,19855.01,16.0,2,Pune,Automotive,Graduate
TRN_MH_2026_3133,19571.35,16.3,1,Solapur,IT-ITeS,Graduate
TRN_MH_2026_3134,16260.86,6.1,0,Amravati,Apparel,10th Pass
TRN_MH_2026_3135,15492.39,14.3,0,Amravati,Apparel,Graduate
TRN_MH_2026_3136,17856.5,16.4,0,Nagpur,IT-ITeS,ITI Diploma
TRN_MH_2026_3137,22921.57,17.6,0,Solapur,IT-ITeS,10th Pass
TRN_MH_2026_3138,13163.13,10.5,0,Thane,Construction,Below 10th
TRN_MH_2026_3139,12363.66,10.7,0,Amravati,Construction,12th Pass
TRN_MH_2026_3140,18076.66,11.1,0,Nagpur,Apparel,Graduate
TRN_MH_2026_3141,17678.11,16.7,1,Nashik,Construction,Below 10th
TRN_MH_2026_3142,18106.7,19.2,1,Thane,Electronics and Hardware,Below 10th
TRN_MH_2026_3143,18353.84,12.0,1,Nashik,Construction,12th Pass
TRN_MH_2026_3144,16718.79,18.5,2,Gadchiroli,Healthcare,10th Pass
TRN_MH_2026_3145,22714.52,14.6,0,Nagpur,Electronics and Hardware,Graduate
TRN_MH_2026_3146,11896.84,13.4,0,Thane,Healthcare,12th Pass
TRN_MH_2026_3147,14600.26,12.9,1,Solapur,Apparel,10th Pass
TRN_MH_2026_3148,17138.61,17.7,1,Chhatrapati Sambhajinagar,Construction,12th Pass
TRN_MH_2026_3149,11748.84,15.6,2,Nashik,Automotive,Below 10th
TRN_MH_2026_3150,16884.51,25.4,1,Pune,IT-ITeS,12th Pass
TRN_MH_2026_3151,23315.15,9.7,2,Nashik,Construction,ITI Diploma
TRN_MH_2026_3152,17573.1,16.6,1,Amravati,Apparel,10th Pass
TRN_MH_2026_3153,18307.45,11.4,1,Amravati,IT-ITeS,10th Pass
TRN_MH_2026_3154,13089.42,9.7,0,Nagpur,Apparel,10th Pass
TRN_MH_2026_3155,15342.74,13.9,1,Amravati,Healthcare,ITI Diploma
TRN_MH_2026_3156,,14.7,1,Nashik,Automotive,ITI Diploma
TRN_MH_2026_3157,16388.0,28.6,0,Chhatrapati Sambhajinagar,Apparel,Graduate
TRN_MH_2026_3158,21985.75,13.1,1,Amravati,Automotive,Graduate
TRN_MH_2026_3159,,8.3,1,Chhatrapati Sambhajinagar,Healthcare,Graduate
TRN_MH_2026_3160,13609.9,15.4,0,Amravati,Apparel,10th Pass
TRN_MH_2026_3161,18362.77,3.6,1,Thane,Healthcare,ITI Diploma
TRN_MH_2026_3162,19243.78,13.5,0,Mumbai,Electronics and Hardware,12th Pass
TRN_MH_2026_3163,21490.52,14.1,0,Pune,Construction,ITI Diploma
TRN_MH_2026_3164,23031.89,18.0,2,Thane,Construction,Graduate
TRN_MH_2026_3165,13947.17,18.9,0,Nashik,IT-ITeS,Below 10th
TRN_MH_2026_3166,14662.0,11.5,1,Chhatrapati Sambhajinagar,Automotive,ITI Diploma
TRN_MH_2026_3167,13098.48,13.2,1,Nagpur,Construction,Below 10th
TRN_MH_2026_3168,16680.93,10.2,0,Nagpur,Electronics and Hardware,ITI Diploma
TRN_MH_2026_3169,19132.25,8.4,1,Mumbai,Healthcare,Graduate
TRN_MH_2026_3170,20955.67,15.5,1,Pune,Healthcare,Graduate
TRN_MH_2026_3171,17234.17,7.6,0,Mumbai,IT-ITeS,10th Pass
TRN_MH_2026_3172,16380.53,11.9,1,Thane,Automotive,Below 10th
TRN_MH_2026_3173,18031.15,9.0,1,Chhatrapati Sambhajinagar,Automotive,ITI Diploma
TRN_MH_2026_3174,14577.0,16.7,1,Nagpur,Healthcare,Below 10th
TRN_MH_2026_3175,24813.39,23.0,0,Nashik,Healthcare,Graduate
TRN_MH_2026_3176,11873.19,7.5,2,Thane,Apparel,Graduate
TRN_MH_2026_3177,133759.56,4.7,1,Amravati,Automotive,Graduate
TRN_MH_2026_3178,24582.62,13.4,0,Nashik,IT-ITeS,Below 10th
TRN_MH_2026_3179,17523.8,14.1,0,Thane,Apparel,Graduate
TRN_MH_2026_3180,16834.86,15.1,0,Amravati,IT-ITeS,12th Pass
TRN_MH_2026_3181,16248.94,11.8,0,Gadchiroli,Apparel,12th Pass
TRN_MH_2026_3182,16868.63,13.0,1,Amravati,Healthcare,10th Pass
TRN_MH_2026_3183,22304.97,15.8,1,Nashik,Apparel,ITI Diploma
TRN_MH_2026_3184,9758.48,19.2,0,Pune,Automotive,Graduate
TRN_MH_2026_3185,22867.02,4.2,1,Pune,Automotive,Below 10th
TRN_MH_2026_3186,12516.15,12.2,1,Nagpur,Electronics and Hardware,Below 10th
TRN_MH_2026_3187,16566.72,15.1,0,Pune,Healthcare,10th Pass
TRN_MH_2026_3188,15997.64,9.4,0,Pune,Automotive,12th Pass
TRN_MH_2026_3189,19559.94,22.7,1,Chhatrapati Sambhajinagar,Construction,12th Pass
TRN_MH_2026_3190,11906.56,10.8,2,Chhatrapati Sambhajinagar,IT-ITeS,Graduate
TRN_MH_2026_3191,,13.8,2,Gadchiroli,Automotive,10th Pass
TRN_MH_2026_3192,24585.08,16.8,0,Solapur,Construction,ITI Diploma
TRN_MH_2026_3193,12728.89,11.0,0,Nashik,IT-ITeS,10th Pass
TRN_MH_2026_3194,18163.97,4.8,0,Nashik,Apparel,10th Pass
TRN_MH_2026_3195,15183.06,11.9,0,Amravati,IT-ITeS,12th Pass
TRN_MH_2026_3196,18990.61,19.1,2,Mumbai,Apparel,Below 10th
TRN_MH_2026_3197,17567.02,12.3,2,Pune,Automotive,12th Pass
TRN_MH_2026_3198,15254.8,9.8,0,Pune,Construction,ITI Diploma
TRN_MH_2026_3199,,18.6,2,Thane,Apparel,Graduate
TRN_MH_2026_3200,23815.22,12.3,0,Gadchiroli,Apparel,Graduate
TRN_MH_2026_3201,16831.84,11.4,0,Gadchiroli,Automotive,10th Pass
TRN_MH_2026_3202,20019.15,14.7,0,Nagpur,Construction,Graduate
TRN_MH_2026_3203,12973.54,17.9,1,Thane,Construction,Graduate
TRN_MH_2026_3204,14152.47,25.9,0,Amravati,IT-ITeS,Below 10th
TRN_MH_2026_3205,19153.42,18.1,2,Mumbai,Healthcare,10th Pass
TRN_MH_2026_3206,22694.41,19.8,1,Chhatrapati Sambhajinagar,Construction,Graduate
TRN_MH_2026_3207,206348.54,11.5,1,Solapur,Apparel,10th Pass
TRN_MH_2026_3208,16404.3,8.9,0,Nashik,IT-ITeS,ITI Diploma
TRN_MH_2026_3209,17497.52,14.3,2,Nashik,Apparel,ITI Diploma
TRN_MH_2026_3210,13123.57,14.5,1,Nagpur,Automotive,Below 10th
TRN_MH_2026_3211,19615.8,8.6,1,Mumbai,Automotive,ITI Diploma
TRN_MH_2026_3212,20588.17,13.1,1,Chhatrapati Sambhajinagar,Electronics and Hardware,ITI Diploma
TRN_MH_2026_3213,15917.68,16.0,1,Gadchiroli,Construction,12th Pass
TRN_MH_2026_3214,15854.85,15.8,2,Chhatrapati Sambhajinagar,IT-ITeS,10th Pass
TRN_MH_2026_3215,18430.57,16.5,1,Chhatrapati Sambhajinagar,Healthcare,Below 10th
TRN_MH_2026_3216,15971.48,15.5,2,Thane,IT-ITeS,Graduate
TRN_MH_2026_3217,17268.54,11.5,1,Nagpur,Automotive,ITI Diploma
TRN_MH_2026_3218,24849.03,11.4,2,Solapur,Apparel,ITI Diploma
TRN_MH_2026_3219,16635.41,8.0,1,Mumbai,IT-ITeS,12th Pass
TRN_MH_2026_3220,16245.81,22.9,0,Gadchiroli,Apparel,12th Pass
TRN_MH_2026_3221,15233.6,14.1,1,Chhatrapati Sambhajinagar,Healthcare,10th Pass
TRN_MH_2026_3222,20104.67,12.9,1,Nashik,Automotive,ITI Diploma
TRN_MH_2026_3223,,9.4,0,Nagpur,Electronics and Hardware,Graduate
TRN_MH_2026_3224,15227.19,28.7,1,Gadchiroli,IT-ITeS,12th Pass
TRN_MH_2026_3225,22124.56,,1,Gadchiroli,Apparel,ITI Diploma
TRN_MH_2026_3226,22468.61,11.9,0,Nagpur,Automotive,Below 10th
TRN_MH_2026_3227,15398.52,0.5,14,Thane,Automotive,Below 10th
TRN_MH_2026_3228,10967.11,17.0,0,Pune,Automotive,10th Pass
TRN_MH_2026_3229,21026.3,18.8,1,Pune,Construction,Below 10th
TRN_MH_2026_3230,15103.8,23.0,2,Nagpur,Apparel,Below 10th
TRN_MH_2026_3231,20267.19,16.5,1,Chhatrapati Sambhajinagar,Construction,ITI Diploma
TRN_MH_2026_3232,10604.64,8.7,0,Thane,Construction,12th Pass
TRN_MH_2026_3233,20624.09,12.7,2,Mumbai,Healthcare,ITI Diploma
TRN_MH_2026_3234,13260.9,15.5,1,Gadchiroli,Automotive,Graduate
TRN_MH_2026_3235,20057.67,24.3,0,Thane,Healthcare,12th Pass
TRN_MH_2026_3236,17549.96,7.0,2,Pune,Apparel,Below 10th
TRN_MH_2026_3237,14161.21,20.0,1,Solapur,Automotive,Graduate
TRN_MH_2026_3238,16075.37,14.9,0,Chhatrapati Sambhajinagar,Automotive,ITI Diploma
TRN_MH_2026_3239,19902.11,18.2,2,Solapur,IT-ITeS,ITI Diploma
TRN_MH_2026_3240,17870.63,13.5,0,Nagpur,Apparel,ITI Diploma
TRN_MH_2026_3241,19545.45,9.8,0,Mumbai,Automotive,Graduate
TRN_MH_2026_3242,24417.54,17.8,1,Pune,Automotive,12th Pass
TRN_MH_2026_3243,12025.15,17.3,3,Gadchiroli,Apparel,10th Pass
TRN_MH_2026_3244,23160.24,18.9,1,Mumbai,Electronics and Hardware,10th Pass
TRN_MH_2026_3245,17865.25,13.9,0,Nagpur,Automotive,12th Pass
TRN_MH_2026_3246,14354.26,11.0,0,Gadchiroli,Automotive,ITI Diploma
TRN_MH_2026_3247,,6.2,0,Solapur,IT-ITeS,12th Pass
TRN_MH_2026_3248,16838.08,18.1,1,Pune,Electronics and Hardware,Graduate
TRN_MH_2026_3249,20725.78,16.1,0,Gadchiroli,Healthcare,Graduate
TRN_MH_2026_3250,17053.58,9.2,1,Solapur,Apparel,Below 10th
TRN_MH_2026_3251,22789.04,11.3,1,Amravati,IT-ITeS,Graduate
TRN_MH_2026_3252,,11.7,0,Thane,Construction,Graduate
TRN_MH_2026_3253,17457.69,6.6,1,Amravati,Automotive,10th Pass
TRN_MH_2026_3254,129591.25,9.9,1,Amravati,Electronics and Hardware,Graduate
TRN_MH_2026_3255,18772.71,8.3,0,Chhatrapati Sambhajinagar,Apparel,12th Pass
TRN_MH_2026_3256,20604.11,11.9,0,Nagpur,IT-ITeS,12th Pass
TRN_MH_2026_3257,16027.33,10.3,0,Nagpur,Healthcare,10th Pass
TRN_MH_2026_3258,8385.25,5.9,0,Solapur,Electronics and Hardware,10th Pass
TRN_MH_2026_3259,18196.32,24.1,1,Nashik,IT-ITeS,Graduate
TRN_MH_2026_3260,19028.58,20.3,0,Pune,Construction,Below 10th
TRN_MH_2026_3261,,10.1,0,Nagpur,Automotive,Graduate
TRN_MH_2026_3262,21825.24,15.4,4,Nagpur,Apparel,12th Pass
TRN_MH_2026_3263,,16.1,0,Nashik,Construction,Below 10th
TRN_MH_2026_3264,19880.76,20.0,1,Thane,Apparel,Below 10th
TRN_MH_2026_3265,21673.78,9.9,1,Amravati,Apparel,10th Pass
TRN_MH_2026_3266,11274.94,19.5,2,Solapur,IT-ITeS,ITI Diploma
TRN_MH_2026_3267,18618.78,11.3,1,Solapur,Healthcare,12th Pass
TRN_MH_2026_3268,15735.37,0.5,8,Gadchiroli,Electronics and Hardware,ITI Diploma
TRN_MH_2026_3269,17214.67,17.6,0,Nagpur,Healthcare,10th Pass
TRN_MH_2026_3270,18716.87,20.5,0,Gadchiroli,Electronics and Hardware,10th Pass
TRN_MH_2026_3271,15794.7,26.9,0,Thane,Construction,ITI Diploma
TRN_MH_2026_3272,,8.0,1,Solapur,Electronics and Hardware,10th Pass
TRN_MH_2026_3273,17619.53,17.5,1,Mumbai,Healthcare,Graduate
TRN_MH_2026_3274,13694.64,12.0,0,Pune,Automotive,ITI Diploma
TRN_MH_2026_3275,13699.61,17.9,4,Amravati,IT-ITeS,ITI Diploma
TRN_MH_2026_3276,19877.81,6.6,0,Gadchiroli,Apparel,ITI Diploma
TRN_MH_2026_3277,13479.22,7.7,3,Chhatrapati Sambhajinagar,Healthcare,Graduate
TRN_MH_2026_3278,228758.33,10.1,1,Mumbai,Healthcare,ITI Diploma
TRN_MH_2026_3279,19119.07,14.4,2,Pune,Automotive,ITI Diploma
TRN_MH_2026_3280,11459.68,10.8,0,Gadchiroli,IT-ITeS,Graduate
TRN_MH_2026_3281,15128.52,17.3,0,Nagpur,IT-ITeS,Below 10th
TRN_MH_2026_3282,21679.38,19.1,0,Mumbai,Healthcare,10th Pass
TRN_MH_2026_3283,14065.92,17.0,0,Nagpur,Electronics and Hardware,Graduate
TRN_MH_2026_3284,,22.1,1,Amravati,IT-ITeS,12th Pass
TRN_MH_2026_3285,19117.21,16.1,0,Gadchiroli,Healthcare,Below 10th
TRN_MH_2026_3286,20241.87,7.9,0,Gadchiroli,Healthcare,ITI Diploma
TRN_MH_2026_3287,16619.61,20.8,1,Chhatrapati Sambhajinagar,Healthcare,Below 10th
TRN_MH_2026_3288,15408.71,11.0,0,Amravati,Electronics and Hardware,12th Pass
TRN_MH_2026_3289,22478.29,0.5,11,Solapur,Apparel,10th Pass
TRN_MH_2026_3290,23586.15,21.9,0,Chhatrapati Sambhajinagar,Healthcare,ITI Diploma
TRN_MH_2026_3291,20926.0,16.3,1,Nagpur,Apparel,Graduate
TRN_MH_2026_3292,17798.61,6.5,1,Gadchiroli,Apparel,Below 10th
TRN_MH_2026_3293,14671.07,9.4,0,Amravati,Apparel,ITI Diploma
TRN_MH_2026_3294,14593.44,20.6,1,Mumbai,IT-ITeS,Graduate
TRN_MH_2026_3295,19328.8,13.2,1,Gadchiroli,Apparel,Graduate
TRN_MH_2026_3296,18964.39,14.4,1,Gadchiroli,Electronics and Hardware,Below 10th
TRN_MH_2026_3297,22405.6,17.8,1,Solapur,IT-ITeS,ITI Diploma
TRN_MH_2026_3298,19776.58,17.5,0,Nashik,Automotive,Below 10th
TRN_MH_2026_3299,12239.22,15.4,1,Nagpur,Automotive,10th Pass
TRN_MH_2026_3300,21181.82,13.0,1,Mumbai,Healthcare,Graduate
TRN_MH_2026_3301,14006.79,12.4,0,Solapur,Automotive,ITI Diploma
TRN_MH_2026_3302,16156.1,18.3,1,Gadchiroli,Construction,12th Pass
TRN_MH_2026_3303,18375.7,16.8,0,Thane,Electronics and Hardware,ITI Diploma
TRN_MH_2026_3304,24484.84,12.7,0,Nagpur,Apparel,12th Pass
TRN_MH_2026_3305,28384.71,19.4,3,Chhatrapati Sambhajinagar,Electronics and Hardware,Below 10th
TRN_MH_2026_3306,19623.53,13.4,2,Thane,Apparel,ITI Diploma
TRN_MH_2026_3307,16858.81,9.7,1,Chhatrapati Sambhajinagar,Healthcare,Below 10th
TRN_MH_2026_3308,19370.77,10.2,0,Nashik,Automotive,10th Pass
TRN_MH_2026_3309,20606.79,9.1,0,Pune,Construction,ITI Diploma
TRN_MH_2026_3310,16377.66,12.6,0,Nagpur,IT-ITeS,ITI Diploma
TRN_MH_2026_3311,23783.24,20.2,1,Nagpur,Automotive,12th Pass
TRN_MH_2026_3312,18305.25,10.0,0,Nashik,Healthcare,ITI Diploma
TRN_MH_2026_3313,19242.1,14.9,0,Pune,Automotive,12th Pass
TRN_MH_2026_3314,19830.73,10.7,1,Gadchiroli,Automotive,ITI Diploma
TRN_MH_2026_3315,18975.55,12.7,1,Mumbai,IT-ITeS,Below 10th
TRN_MH_2026_3316,20436.29,6.4,0,Thane,Construction,ITI Diploma
TRN_MH_2026_3317,15339.61,12.9,0,Chhatrapati Sambhajinagar,Construction,Below 10th
TRN_MH_2026_3318,15545.94,13.0,1,Mumbai,Electronics and Hardware,Graduate
TRN_MH_2026_3319,13649.46,16.7,0,Amravati,Automotive,12th Pass
TRN_MH_2026_3320,19038.25,15.1,1,Thane,Electronics and Hardware,ITI Diploma
TRN_MH_2026_3321,20226.28,8.0,0,Mumbai,IT-ITeS,Graduate
TRN_MH_2026_3322,19102.21,0.5,11,Pune,Automotive,10th Pass
TRN_MH_2026_3323,23360.72,15.1,1,Solapur,Automotive,Below 10th
TRN_MH_2026_3324,17480.41,15.0,2,Thane,Electronics and Hardware,Below 10th
TRN_MH_2026_3325,19840.6,14.0,0,Mumbai,Automotive,10th Pass
TRN_MH_2026_3326,13679.05,11.4,0,Chhatrapati Sambhajinagar,IT-ITeS,10th Pass
TRN_MH_2026_3327,16145.15,15.1,0,Gadchiroli,Automotive,12th Pass
TRN_MH_2026_3328,19934.38,16.4,2,Nagpur,Apparel,Graduate
TRN_MH_2026_3329,20471.86,0.5,8,Thane,Automotive,Graduate
TRN_MH_2026_3330,16471.12,11.3,0,Pune,Construction,ITI Diploma
TRN_MH_2026_3331,17249.4,12.7,0,Nashik,Apparel,Graduate
TRN_MH_2026_3332,12187.44,0.5,8,Nagpur,Healthcare,Graduate
TRN_MH_2026_3333,16250.4,20.0,2,Pune,Electronics and Hardware,10th Pass
TRN_MH_2026_3334,20616.34,10.1,0,Nashik,Automotive,ITI Diploma
TRN_MH_2026_3335,19513.22,11.5,0,Amravati,Healthcare,Graduate
TRN_MH_2026_3336,19252.33,11.4,1,Thane,Electronics and Hardware,Below 10th
TRN_MH_2026_3337,17674.21,10.0,2,Nashik,IT-ITeS,Below 10th
TRN_MH_2026_3338,17524.72,12.3,1,Pune,IT-ITeS,Below 10th
TRN_MH_2026_3339,15188.88,17.9,1,Pune,Healthcare,Graduate
TRN_MH_2026_3340,19945.9,8.7,0,Chhatrapati Sambhajinagar,IT-ITeS,ITI Diploma
TRN_MH_2026_3341,18973.41,16.1,1,Pune,IT-ITeS,12th Pass
TRN_MH_2026_3342,19222.07,5.5,0,Nashik,IT-ITeS,ITI Diploma
TRN_MH_2026_3343,215756.34,11.2,0,Nagpur,Healthcare,Graduate
TRN_MH_2026_3344,9963.3,12.4,0,Thane,Automotive,12th Pass
TRN_MH_2026_3345,21340.03,22.4,0,Pune,Apparel,10th Pass
TRN_MH_2026_3346,15824.07,12.6,0,Thane,Apparel,Graduate
TRN_MH_2026_3347,14480.28,3.0,0,Amravati,Construction,ITI Diploma
TRN_MH_2026_3348,19927.18,4.0,0,Thane,Apparel,10th Pass
TRN_MH_2026_3349,16127.96,14.2,1,Nashik,Construction,10th Pass
TRN_MH_2026_3350,21209.78,17.1,0,Solapur,Apparel,10th Pass
TRN_MH_2026_3351,19659.52,15.9,2,Amravati,Construction,ITI Diploma
TRN_MH_2026_3352,,14.8,0,Pune,Automotive,12th Pass
TRN_MH_2026_3353,12719.16,19.8,1,Nashik,Apparel,ITI Diploma
TRN_MH_2026_3354,21741.8,11.3,2,Gadchiroli,IT-ITeS,Below 10th
TRN_MH_2026_3355,18414.38,18.5,2,Nashik,Construction,Graduate
TRN_MH_2026_3356,16207.53,5.8,2,Gadchiroli,Apparel,ITI Diploma
TRN_MH_2026_3357,18001.86,9.5,1,Thane,IT-ITeS,10th Pass
TRN_MH_2026_3358,11283.18,5.0,1,Nashik,Automotive,ITI Diploma
TRN_MH_2026_3359,18930.28,12.6,0,Chhatrapati Sambhajinagar,Apparel,ITI Diploma
TRN_MH_2026_3360,13897.2,13.8,1,Gadchiroli,Construction,Below 10th
TRN_MH_2026_3361,12765.65,14.6,0,Mumbai,Construction,ITI Diploma
TRN_MH_2026_3362,12171.74,14.3,0,Nashik,IT-ITeS,Below 10th
TRN_MH_2026_3363,21394.41,9.4,0,Nagpur,Apparel,10th Pass
TRN_MH_2026_3364,15297.58,13.0,0,Mumbai,Healthcare,Below 10th
TRN_MH_2026_3365,22868.05,6.5,2,Chhatrapati Sambhajinagar,IT-ITeS,12th Pass
TRN_MH_2026_3366,213581.86,20.8,1,Thane,Automotive,ITI Diploma
TRN_MH_2026_3367,11524.25,12.5,0,Nagpur,Healthcare,10th Pass
TRN_MH_2026_3368,13592.16,11.6,0,Solapur,Construction,Below 10th
TRN_MH_2026_3369,21825.34,21.9,2,Pune,Automotive,Below 10th
TRN_MH_2026_3370,16954.36,7.8,0,Pune,Automotive,Below 10th
TRN_MH_2026_3371,15580.99,8.4,0,Thane,Construction,Graduate
TRN_MH_2026_3372,18060.06,8.5,1,Solapur,Healthcare,Below 10th
TRN_MH_2026_3373,19256.24,13.7,0,Nagpur,Construction,12th Pass
TRN_MH_2026_3374,21410.9,16.2,1,Mumbai,IT-ITeS,12th Pass
TRN_MH_2026_3375,22569.75,17.7,2,Nashik,Construction,10th Pass
TRN_MH_2026_3376,16240.81,26.9,2,Gadchiroli,Healthcare,ITI Diploma
TRN_MH_2026_3377,12858.83,2.8,0,Nagpur,Automotive,Graduate
TRN_MH_2026_3378,16052.87,17.0,1,Nashik,IT-ITeS,12th Pass
TRN_MH_2026_3379,18410.98,11.2,0,Solapur,Apparel,ITI Diploma
TRN_MH_2026_3380,14126.84,11.1,1,Amravati,Electronics and Hardware,12th Pass
TRN_MH_2026_3381,14149.97,10.9,2,Mumbai,Apparel,ITI Diploma
TRN_MH_2026_3382,18703.26,,0,Chhatrapati Sambhajinagar,Automotive,Graduate
TRN_MH_2026_3383,17329.72,22.4,2,Gadchiroli,IT-ITeS,12th Pass
TRN_MH_2026_3384,17614.79,18.2,0,Gadchiroli,Apparel,Graduate
TRN_MH_2026_3385,14845.27,14.1,0,Gadchiroli,Electronics and Hardware,Graduate
TRN_MH_2026_3386,16693.6,20.8,2,Pune,IT-ITeS,ITI Diploma
TRN_MH_2026_3387,14265.18,6.4,1,Thane,Automotive,12th Pass
TRN_MH_2026_3388,20615.69,7.3,2,Pune,Automotive,12th Pass
TRN_MH_2026_3389,21123.37,0.5,12,Thane,Automotive,12th Pass
TRN_MH_2026_3390,11038.34,10.5,3,Solapur,Healthcare,ITI Diploma
TRN_MH_2026_3391,14246.71,14.8,0,Amravati,IT-ITeS,Graduate
TRN_MH_2026_3392,12262.15,14.5,1,Pune,Healthcare,ITI Diploma
TRN_MH_2026_3393,15224.92,14.7,3,Solapur,Apparel,10th Pass
TRN_MH_2026_3394,17207.97,6.9,3,Solapur,Electronics and Hardware,ITI Diploma
TRN_MH_2026_3395,12426.24,18.0,0,Mumbai,Apparel,Below 10th
TRN_MH_2026_3396,14273.49,15.2,0,Solapur,IT-ITeS,ITI Diploma
TRN_MH_2026_3397,13986.15,17.7,1,Nagpur,Healthcare,10th Pass
TRN_MH_2026_3398,18225.44,4.5,1,Thane,Electronics and Hardware,Graduate
TRN_MH_2026_3399,236548.16,,0,Thane,Apparel,ITI Diploma
TRN_MH_2026_3400,14973.92,8.1,3,Solapur,Electronics and Hardware,10th Pass
TRN_MH_2026_3401,18118.87,12.0,0,Nashik,Apparel,12th Pass
TRN_MH_2026_3402,15586.62,16.7,2,Solapur,IT-ITeS,Below 10th
TRN_MH_2026_3403,16549.21,14.5,0,Nagpur,IT-ITeS,Below 10th
TRN_MH_2026_3404,23357.08,9.7,0,Amravati,Construction,10th Pass
TRN_MH_2026_3405,22191.61,14.0,0,Solapur,Healthcare,Below 10th
TRN_MH_2026_3406,12951.47,6.3,1,Chhatrapati Sambhajinagar,Construction,10th Pass
TRN_MH_2026_3407,20404.06,19.8,0,Nagpur,Apparel,12th Pass
TRN_MH_2026_3408,20339.89,13.0,0,Nashik,Electronics and Hardware,Graduate
TRN_MH_2026_3409,13481.08,19.6,1,Amravati,Electronics and Hardware,Below 10th
TRN_MH_2026_3410,20365.72,11.4,1,Amravati,Healthcare,10th Pass
TRN_MH_2026_3411,22882.76,11.4,0,Pune,Automotive,ITI Diploma
TRN_MH_2026_3412,143977.33,10.2,1,Pune,Apparel,12th Pass
TRN_MH_2026_3413,14288.74,18.4,0,Pune,IT-ITeS,Graduate
TRN_MH_2026_3414,21061.82,10.5,0,Nagpur,Apparel,12th Pass
TRN_MH_2026_3415,18450.23,17.2,2,Thane,Construction,12th Pass
TRN_MH_2026_3416,19430.17,12.1,0,Nashik,Apparel,Graduate
TRN_MH_2026_3417,18692.06,4.1,2,Nagpur,Healthcare,10th Pass
TRN_MH_2026_3418,18867.44,11.1,2,Nashik,Electronics and Hardware,10th Pass
TRN_MH_2026_3419,12857.35,8.1,1,Gadchiroli,Healthcare,Below 10th
TRN_MH_2026_3420,21165.61,14.2,0,Mumbai,Electronics and Hardware,Below 10th
TRN_MH_2026_3421,21593.56,8.0,2,Nagpur,Electronics and Hardware,12th Pass
TRN_MH_2026_3422,16697.13,18.6,4,Thane,IT-ITeS,10th Pass
TRN_MH_2026_3423,17347.83,13.5,2,Mumbai,Healthcare,12th Pass
TRN_MH_2026_3424,12141.12,13.1,0,Solapur,Construction,12th Pass
TRN_MH_2026_3425,19299.89,17.3,1,Solapur,Apparel,Graduate
TRN_MH_2026_3426,19502.2,18.8,1,Thane,IT-ITeS,12th Pass
TRN_MH_2026_3427,17282.33,13.9,0,Nagpur,Construction,Graduate
TRN_MH_2026_3428,21435.24,10.1,1,Nagpur,Healthcare,Graduate
TRN_MH_2026_3429,16330.73,5.1,1,Nashik,Automotive,Graduate
TRN_MH_2026_3430,19476.12,10.6,0,Solapur,IT-ITeS,12th Pass
TRN_MH_2026_3431,13931.17,10.9,0,Nagpur,Automotive,Graduate
TRN_MH_2026_3432,17417.57,14.5,0,Chhatrapati Sambhajinagar,Construction,Below 10th
TRN_MH_2026_3433,16889.76,12.3,0,Nashik,Automotive,12th Pass
TRN_MH_2026_3434,18288.58,17.4,1,Pune,IT-ITeS,Below 10th
TRN_MH_2026_3435,16206.66,10.9,0,Chhatrapati Sambhajinagar,Automotive,Graduate
TRN_MH_2026_3436,17039.85,13.7,1,Mumbai,Electronics and Hardware,12th Pass
TRN_MH_2026_3437,20391.17,19.9,0,Solapur,Automotive,Below 10th
TRN_MH_2026_3438,15971.33,15.7,0,Gadchiroli,Construction,12th Pass
TRN_MH_2026_3439,11876.98,13.7,3,Mumbai,Healthcare,10th Pass
TRN_MH_2026_3440,23623.54,11.0,0,Pune,Healthcare,Graduate
TRN_MH_2026_3441,22335.09,10.8,1,Amravati,Apparel,Below 10th
TRN_MH_2026_3442,12977.08,9.7,1,Nagpur,Automotive,Graduate
TRN_MH_2026_3443,176511.28,11.3,0,Solapur,Apparel,10th Pass
TRN_MH_2026_3444,15739.59,17.8,3,Thane,Apparel,Graduate
TRN_MH_2026_3445,18422.21,12.9,2,Nagpur,Healthcare,10th Pass
TRN_MH_2026_3446,18529.78,7.3,2,Mumbai,Construction,Graduate
TRN_MH_2026_3447,16679.57,22.8,0,Gadchiroli,Healthcare,Graduate
TRN_MH_2026_3448,14756.82,15.6,1,Gadchiroli,Construction,Below 10th
TRN_MH_2026_3449,15083.11,7.0,1,Solapur,Construction,ITI Diploma
TRN_MH_2026_3450,14293.33,11.8,0,Pune,Electronics and Hardware,ITI Diploma
TRN_MH_2026_3451,14588.62,14.6,1,Mumbai,Construction,ITI Diploma
TRN_MH_2026_3452,17264.88,22.5,0,Chhatrapati Sambhajinagar,Construction,Graduate
TRN_MH_2026_3453,14994.84,8.5,0,Gadchiroli,Electronics and Hardware,10th Pass
TRN_MH_2026_3454,19887.18,18.9,1,Nashik,Automotive,ITI Diploma
TRN_MH_2026_3455,22705.36,21.0,1,Mumbai,Automotive,ITI Diploma
TRN_MH_2026_3456,15469.81,10.9,1,Thane,IT-ITeS,12th Pass
TRN_MH_2026_3457,18337.92,12.6,0,Nagpur,Construction,Graduate
TRN_MH_2026_3458,19248.9,8.8,0,Chhatrapati Sambhajinagar,Healthcare,Below 10th
TRN_MH_2026_3459,19152.01,13.0,0,Amravati,Automotive,Below 10th
TRN_MH_2026_3460,17765.84,13.8,1,Pune,Healthcare,ITI Diploma
TRN_MH_2026_3461,20099.39,17.3,0,Nashik,IT-ITeS,ITI Diploma
TRN_MH_2026_3462,19187.87,19.5,1,Pune,Apparel,12th Pass
TRN_MH_2026_3463,13168.18,10.3,0,Gadchiroli,Construction,Graduate
TRN_MH_2026_3464,20542.05,4.2,2,Mumbai,Electronics and Hardware,12th Pass
TRN_MH_2026_3465,20605.52,13.9,0,Mumbai,Construction,Graduate
TRN_MH_2026_3466,14828.5,15.5,1,Gadchiroli,Construction,Graduate
TRN_MH_2026_3467,17632.78,15.2,1,Mumbai,IT-ITeS,12th Pass
TRN_MH_2026_3468,19891.65,12.4,1,Mumbai,Construction,Graduate
TRN_MH_2026_3469,16767.4,14.6,1,Nashik,Healthcare,Graduate
TRN_MH_2026_3470,21255.42,21.6,1,Amravati,Healthcare,Graduate
TRN_MH_2026_3471,25773.55,15.9,0,Nashik,Electronics and Hardware,Graduate
TRN_MH_2026_3472,14749.05,12.1,1,Nagpur,IT-ITeS,Below 10th
TRN_MH_2026_3473,12666.34,11.5,1,Amravati,IT-ITeS,ITI Diploma
TRN_MH_2026_3474,18563.37,13.2,1,Nagpur,Electronics and Hardware,ITI Diploma
TRN_MH_2026_3475,20025.47,22.2,2,Pune,Automotive,12th Pass
TRN_MH_2026_3476,16691.97,13.1,2,Amravati,IT-ITeS,ITI Diploma
TRN_MH_2026_3477,22586.41,13.9,1,Thane,Construction,10th Pass
TRN_MH_2026_3478,12814.88,11.6,1,Nashik,Electronics and Hardware,Below 10th
TRN_MH_2026_3479,19925.22,,0,Pune,Electronics and Hardware,Graduate
TRN_MH_2026_3480,15379.49,23.8,0,Pune,Automotive,10th Pass
TRN_MH_2026_3481,23517.82,0.5,14,Amravati,Healthcare,10th Pass
TRN_MH_2026_3482,24473.8,14.4,0,Amravati,Electronics and Hardware,ITI Diploma
TRN_MH_2026_3483,14816.7,14.2,1,Solapur,Healthcare,12th Pass
TRN_MH_2026_3484,15576.55,,0,Thane,Electronics and Hardware,10th Pass
TRN_MH_2026_3485,20508.56,17.7,0,Thane,Apparel,ITI Diploma
TRN_MH_2026_3486,16145.04,14.7,1,Chhatrapati Sambhajinagar,IT-ITeS,ITI Diploma
TRN_MH_2026_3487,17341.06,16.1,1,Chhatrapati Sambhajinagar,Apparel,ITI Diploma
TRN_MH_2026_3488,17588.86,10.4,2,Gadchiroli,Electronics and Hardware,ITI Diploma
TRN_MH_2026_3489,10781.14,,2,Mumbai,IT-ITeS,ITI Diploma
TRN_MH_2026_3490,17451.57,11.9,1,Nagpur,Automotive,Graduate
TRN_MH_2026_3491,15085.95,19.1,1,Gadchiroli,IT-ITeS,10th Pass
TRN_MH_2026_3492,15774.07,12.1,1,Mumbai,Electronics and Hardware,Below 10th
TRN_MH_2026_3493,22552.71,24.4,0,Gadchiroli,Automotive,ITI Diploma
TRN_MH_2026_3494,13102.23,16.2,2,Nagpur,Apparel,Below 10th
TRN_MH_2026_3495,20346.22,7.6,0,Thane,Automotive,Below 10th
TRN_MH_2026_3496,16523.63,13.4,0,Mumbai,Apparel,10th Pass
TRN_MH_2026_3497,16520.84,10.7,2,Amravati,Healthcare,Graduate
TRN_MH_2026_3498,20266.3,3.0,1,Solapur,Apparel,12th Pass
TRN_MH_2026_3499,18690.18,22.0,0,Gadchiroli,IT-ITeS,10th Pass
TRN_MH_2026_3500,19497.15,17.5,0,Nagpur,Apparel,ITI Diploma
TRN_MH_2026_3501,20888.65,16.7,2,Thane,Automotive,ITI Diploma
TRN_MH_2026_3502,16340.42,14.8,1,Amravati,Healthcare,Below 10th
TRN_MH_2026_3503,15357.17,7.1,1,Nashik,IT-ITeS,12th Pass
TRN_MH_2026_3504,13701.97,11.6,0,Thane,Healthcare,12th Pass
TRN_MH_2026_3505,14611.06,18.2,2,Nashik,Electronics and Hardware,ITI Diploma
TRN_MH_2026_3506,27821.83,8.7,1,Nashik,Apparel,ITI Diploma
TRN_MH_2026_3507,21856.38,1.3,0,Pune,Construction,Below 10th
TRN_MH_2026_3508,12771.24,12.9,1,Amravati,Electronics and Hardware,ITI Diploma
TRN_MH_2026_3509,,13.3,1,Amravati,Healthcare,Below 10th
TRN_MH_2026_3510,19186.53,14.7,1,Amravati,Healthcare,10th Pass
TRN_MH_2026_3511,19415.43,17.6,1,Mumbai,Construction,ITI Diploma
TRN_MH_2026_3512,19421.09,17.2,1,Nagpur,Automotive,Graduate
TRN_MH_2026_3513,16607.65,15.3,0,Gadchiroli,Healthcare,10th Pass
TRN_MH_2026_3514,17060.91,20.0,0,Pune,Electronics and Hardware,10th Pass
TRN_MH_2026_3515,18647.58,6.4,0,Solapur,Construction,Graduate
TRN_MH_2026_3516,,,1,Pune,Electronics and Hardware,10th Pass
TRN_MH_2026_3517,9732.45,17.1,1,Thane,Construction,Below 10th
TRN_MH_2026_3518,16695.7,7.8,0,Chhatrapati Sambhajinagar,Electronics and Hardware,10th Pass
TRN_MH_2026_3519,14520.08,6.5,0,Chhatrapati Sambhajinagar,IT-ITeS,10th Pass
TRN_MH_2026_3520,18113.24,10.3,0,Solapur,IT-ITeS,Below 10th
TRN_MH_2026_3521,27948.41,10.7,2,Nashik,Automotive,10th Pass
TRN_MH_2026_3522,18786.19,17.8,0,Nagpur,Automotive,ITI Diploma
TRN_MH_2026_3523,16402.65,10.9,2,Nagpur,Apparel,10th Pass
TRN_MH_2026_3524,20726.31,9.7,0,Mumbai,IT-ITeS,10th Pass
TRN_MH_2026_3525,19189.41,10.9,0,Nagpur,IT-ITeS,ITI Diploma
TRN_MH_2026_3526,18970.33,19.6,2,Chhatrapati Sambhajinagar,Apparel,10th Pass
TRN_MH_2026_3527,19623.98,14.1,2,Chhatrapati Sambhajinagar,IT-ITeS,12th Pass
TRN_MH_2026_3528,24697.9,13.1,0,Chhatrapati Sambhajinagar,Apparel,12th Pass
TRN_MH_2026_3529,13541.89,13.4,0,Nagpur,Healthcare,10th Pass
TRN_MH_2026_3530,19157.71,20.5,0,Solapur,Construction,12th Pass
TRN_MH_2026_3531,14257.67,10.3,1,Nagpur,Electronics and Hardware,ITI Diploma
TRN_MH_2026_3532,19444.29,20.6,2,Solapur,Healthcare,Below 10th
TRN_MH_2026_3533,14284.6,15.1,1,Chhatrapati Sambhajinagar,Apparel,12th Pass
TRN_MH_2026_3534,16039.22,13.2,2,Mumbai,Electronics and Hardware,12th Pass
TRN_MH_2026_3535,16467.19,26.5,1,Gadchiroli,Apparel,Graduate
TRN_MH_2026_3536,20915.36,8.7,1,Solapur,Apparel,ITI Diploma
TRN_MH_2026_3537,195319.9,12.2,1,Pune,Healthcare,Below 10th
TRN_MH_2026_3538,13139.99,7.8,2,Solapur,Construction,10th Pass
TRN_MH_2026_3539,17692.27,18.8,1,Nagpur,Automotive,12th Pass
TRN_MH_2026_3540,15016.47,22.4,0,Pune,Healthcare,Below 10th
TRN_MH_2026_3541,13095.23,22.3,0,Nashik,Construction,Below 10th
TRN_MH_2026_3542,16740.44,20.1,0,Chhatrapati Sambhajinagar,Automotive,12th Pass
TRN_MH_2026_3543,,13.0,0,Gadchiroli,Automotive,ITI Diploma
TRN_MH_2026_3544,25993.51,12.2,2,Chhatrapati Sambhajinagar,Construction,10th Pass
TRN_MH_2026_3545,19015.36,5.6,3,Chhatrapati Sambhajinagar,Apparel,Graduate
TRN_MH_2026_3546,12678.34,24.2,0,Chhatrapati Sambhajinagar,Electronics and Hardware,ITI Diploma
TRN_MH_2026_3547,15523.29,16.3,1,Mumbai,Electronics and Hardware,10th Pass
TRN_MH_2026_3548,21074.84,11.5,0,Thane,Healthcare,12th Pass
TRN_MH_2026_3549,24809.55,20.6,0,Amravati,Apparel,Graduate
TRN_MH_2026_3550,11949.06,9.1,0,Nashik,Apparel,ITI Diploma
TRN_MH_2026_3551,10920.26,16.0,0,Nashik,IT-ITeS,12th Pass
TRN_MH_2026_3552,24048.38,13.1,0,Amravati,Automotive,12th Pass
TRN_MH_2026_3553,18863.65,17.2,1,Nagpur,IT-ITeS,12th Pass
TRN_MH_2026_3554,14460.98,,1,Nashik,Construction,10th Pass
TRN_MH_2026_3555,19371.2,0.5,8,Solapur,Electronics and Hardware,12th Pass
TRN_MH_2026_3556,8274.88,14.4,0,Thane,Automotive,ITI Diploma
TRN_MH_2026_3557,17511.81,19.2,0,Gadchiroli,Apparel,Graduate
TRN_MH_2026_3558,18647.37,13.9,0,Pune,Apparel,Below 10th
TRN_MH_2026_3559,20734.95,0.5,8,Amravati,Electronics and Hardware,Graduate
TRN_MH_2026_3560,13951.36,8.8,0,Pune,Apparel,Graduate
TRN_MH_2026_3561,17799.91,,1,Solapur,Construction,Graduate
TRN_MH_2026_3562,14261.01,10.9,0,Thane,Automotive,12th Pass
TRN_MH_2026_3563,18393.84,17.7,0,Amravati,IT-ITeS,10th Pass
TRN_MH_2026_3564,14366.29,14.2,2,Pune,Healthcare,Graduate
TRN_MH_2026_3565,165127.34,17.5,1,Mumbai,Healthcare,12th Pass
TRN_MH_2026_3566,14014.65,19.4,0,Amravati,Automotive,Graduate
TRN_MH_2026_3567,19778.98,17.5,1,Solapur,Healthcare,Graduate
TRN_MH_2026_3568,20504.58,15.4,2,Mumbai,Electronics and Hardware,ITI Diploma
TRN_MH_2026_3569,16678.83,9.0,0,Solapur,Construction,Graduate
TRN_MH_2026_3570,17633.83,14.0,1,Pune,Construction,10th Pass
TRN_MH_2026_3571,12429.93,11.3,0,Amravati,Apparel,12th Pass
TRN_MH_2026_3572,16451.13,12.3,0,Pune,Healthcare,Graduate
TRN_MH_2026_3573,17324.28,12.1,2,Nashik,IT-ITeS,ITI Diploma
TRN_MH_2026_3574,26672.78,9.1,0,Amravati,Electronics and Hardware,ITI Diploma
TRN_MH_2026_3575,13608.12,4.2,2,Nagpur,Apparel,ITI Diploma
TRN_MH_2026_3576,22624.62,10.7,1,Nashik,Apparel,12th Pass
TRN_MH_2026_3577,20989.01,15.0,1,Gadchiroli,Automotive,10th Pass
TRN_MH_2026_3578,,7.3,2,Nashik,Construction,Graduate
TRN_MH_2026_3579,23655.17,14.1,1,Solapur,Automotive,ITI Diploma
TRN_MH_2026_3580,18802.37,23.5,0,Thane,Electronics and Hardware,Graduate
TRN_MH_2026_3581,18862.06,19.1,0,Mumbai,Apparel,10th Pass
TRN_MH_2026_3582,17314.08,22.2,1,Thane,Healthcare,12th Pass
TRN_MH_2026_3583,21782.49,16.0,1,Nashik,Automotive,Graduate
TRN_MH_2026_3584,21337.64,19.8,1,Mumbai,Construction,ITI Diploma
TRN_MH_2026_3585,,10.4,0,Thane,Construction,Graduate
TRN_MH_2026_3586,12882.63,10.8,2,Chhatrapati Sambhajinagar,Construction,Graduate
TRN_MH_2026_3587,16789.57,1.0,0,Pune,Construction,10th Pass
TRN_MH_2026_3588,14699.87,19.9,1,Nashik,IT-ITeS,Graduate
TRN_MH_2026_3589,17277.66,21.7,3,Mumbai,Healthcare,10th Pass
TRN_MH_2026_3590,21831.03,11.2,1,Solapur,Healthcare,ITI Diploma
TRN_MH_2026_3591,15899.44,12.7,0,Chhatrapati Sambhajinagar,Apparel,ITI Diploma
TRN_MH_2026_3592,17350.12,10.2,0,Nashik,Construction,12th Pass
TRN_MH_2026_3593,17703.08,15.9,0,Mumbai,Electronics and Hardware,ITI Diploma
TRN_MH_2026_3594,20469.51,19.6,0,Chhatrapati Sambhajinagar,Automotive,12th Pass
TRN_MH_2026_3595,9635.89,5.3,0,Solapur,Electronics and Hardware,12th Pass
TRN_MH_2026_3596,,16.0,1,Mumbai,Healthcare,10th Pass
TRN_MH_2026_3597,18239.49,12.6,1,Solapur,Electronics and Hardware,ITI Diploma
TRN_MH_2026_3598,21700.28,14.6,0,Mumbai,Apparel,ITI Diploma
TRN_MH_2026_3599,,16.3,1,Nagpur,Healthcare,10th Pass
TRN_MH_2026_3600,10932.07,13.1,2,Pune,Construction,10th Pass
TRN_MH_2026_3601,19668.99,13.5,0,Thane,Automotive,Graduate
TRN_MH_2026_3602,15276.23,12.9,2,Chhatrapati Sambhajinagar,Electronics and Hardware,ITI Diploma
TRN_MH_2026_3603,13336.17,18.9,1,Solapur,IT-ITeS,Graduate
TRN_MH_2026_3604,15314.79,16.1,1,Nagpur,IT-ITeS,10th Pass
TRN_MH_2026_3605,16854.16,15.1,0,Gadchiroli,Electronics and Hardware,Graduate
TRN_MH_2026_3606,15383.39,7.6,2,Nashik,Automotive,ITI Diploma
TRN_MH_2026_3607,9780.52,12.1,0,Amravati,Automotive,12th Pass
TRN_MH_2026_3608,20639.73,18.5,0,Nashik,Electronics and Hardware,ITI Diploma
TRN_MH_2026_3609,21962.06,14.2,0,Gadchiroli,Automotive,ITI Diploma
TRN_MH_2026_3610,19780.33,17.3,0,Chhatrapati Sambhajinagar,Automotive,10th Pass
TRN_MH_2026_3611,13518.1,22.8,3,Chhatrapati Sambhajinagar,Automotive,ITI Diploma
TRN_MH_2026_3612,16794.78,19.2,1,Solapur,Apparel,12th Pass
TRN_MH_2026_3613,17477.18,14.5,1,Amravati,Healthcare,12th Pass
TRN_MH_2026_3614,19595.78,11.4,1,Pune,Apparel,10th Pass
TRN_MH_2026_3615,19839.19,1.2,2,Thane,Electronics and Hardware,Graduate
TRN_MH_2026_3616,14930.39,13.2,1,Chhatrapati Sambhajinagar,Construction,ITI Diploma
TRN_MH_2026_3617,17786.98,12.4,1,Nagpur,Construction,10th Pass
TRN_MH_2026_3618,19100.48,16.0,0,Mumbai,Electronics and Hardware,10th Pass
TRN_MH_2026_3619,22595.38,13.2,0,Thane,IT-ITeS,Below 10th
TRN_MH_2026_3620,19965.77,12.4,1,Nashik,Electronics and Hardware,12th Pass
TRN_MH_2026_3621,,5.1,1,Nagpur,Healthcare,Graduate
TRN_MH_2026_3622,17793.39,9.3,2,Pune,Apparel,ITI Diploma
TRN_MH_2026_3623,22436.61,16.4,0,Gadchiroli,Healthcare,ITI Diploma
TRN_MH_2026_3624,18934.17,22.6,1,Thane,Electronics and Hardware,Below 10th
TRN_MH_2026_3625,14486.19,13.5,1,Chhatrapati Sambhajinagar,Electronics and Hardware,Below 10th
TRN_MH_2026_3626,22411.79,15.6,2,Mumbai,Construction,ITI Diploma
TRN_MH_2026_3627,19942.66,18.8,0,Pune,IT-ITeS,ITI Diploma
TRN_MH_2026_3628,15949.35,9.9,0,Nashik,Apparel,10th Pass
TRN_MH_2026_3629,15821.77,15.8,2,Mumbai,Healthcare,10th Pass
TRN_MH_2026_3630,,10.3,0,Pune,IT-ITeS,12th Pass
TRN_MH_2026_3631,19121.15,18.3,0,Mumbai,IT-ITeS,12th Pass
TRN_MH_2026_3632,18190.52,14.8,0,Solapur,Healthcare,Below 10th
TRN_MH_2026_3633,18589.58,15.5,0,Nashik,Automotive,12th Pass
TRN_MH_2026_3634,23449.85,10.1,2,Amravati,IT-ITeS,Below 10th
TRN_MH_2026_3635,21250.4,17.5,1,Pune,IT-ITeS,ITI Diploma
TRN_MH_2026_3636,18167.22,24.4,1,Solapur,Construction,ITI Diploma
TRN_MH_2026_3637,20794.59,9.0,0,Chhatrapati Sambhajinagar,Apparel,12th Pass
TRN_MH_2026_3638,13886.17,12.3,2,Thane,Healthcare,ITI Diploma
TRN_MH_2026_3639,18892.74,15.2,2,Amravati,Healthcare,12th Pass
TRN_MH_2026_3640,23832.57,,2,Mumbai,Construction,10th Pass
TRN_MH_2026_3641,16736.84,11.2,1,Nashik,Apparel,12th Pass
TRN_MH_2026_3642,14533.28,1.0,1,Pune,Apparel,Graduate
TRN_MH_2026_3643,15217.69,20.8,0,Chhatrapati Sambhajinagar,IT-ITeS,12th Pass
TRN_MH_2026_3644,13686.28,17.8,1,Thane,Healthcare,10th Pass
TRN_MH_2026_3645,14753.33,5.3,0,Chhatrapati Sambhajinagar,Apparel,10th Pass
TRN_MH_2026_3646,16203.22,11.0,0,Nagpur,Apparel,10th Pass
TRN_MH_2026_3647,12580.52,21.8,0,Nashik,Healthcare,ITI Diploma
TRN_MH_2026_3648,17554.66,21.2,1,Solapur,Apparel,ITI Diploma
TRN_MH_2026_3649,20657.97,18.7,1,Chhatrapati Sambhajinagar,Automotive,12th Pass
TRN_MH_2026_3650,14322.85,13.1,1,Thane,Automotive,12th Pass
TRN_MH_2026_3651,22817.49,14.4,2,Solapur,Automotive,12th Pass
TRN_MH_2026_3652,19287.77,13.3,1,Chhatrapati Sambhajinagar,Apparel,10th Pass
TRN_MH_2026_3653,21107.03,19.6,4,Nagpur,Automotive,Graduate
TRN_MH_2026_3654,15197.58,9.6,0,Gadchiroli,Construction,Below 10th
TRN_MH_2026_3655,20490.84,10.0,0,Pune,Apparel,12th Pass
TRN_MH_2026_3656,13678.23,19.1,1,Gadchiroli,Electronics and Hardware,Graduate
TRN_MH_2026_3657,20615.87,13.8,0,Chhatrapati Sambhajinagar,IT-ITeS,ITI Diploma
TRN_MH_2026_3658,18101.44,20.9,1,Nashik,Apparel,10th Pass
TRN_MH_2026_3659,19436.38,10.6,0,Nagpur,IT-ITeS,ITI Diploma
TRN_MH_2026_3660,13385.42,13.7,1,Pune,Automotive,10th Pass
TRN_MH_2026_3661,14367.26,9.4,1,Mumbai,Electronics and Hardware,ITI Diploma
TRN_MH_2026_3662,19590.3,14.0,1,Pune,Automotive,Graduate
TRN_MH_2026_3663,14180.78,6.6,0,Solapur,Automotive,ITI Diploma
TRN_MH_2026_3664,19121.22,11.6,2,Thane,Construction,12th Pass
TRN_MH_2026_3665,12715.02,6.8,0,Nagpur,IT-ITeS,10th Pass
TRN_MH_2026_3666,20468.61,17.5,1,Solapur,Construction,Below 10th
TRN_MH_2026_3667,13186.17,17.6,2,Nashik,Automotive,ITI Diploma
TRN_MH_2026_3668,19433.05,5.3,1,Thane,Apparel,Graduate
TRN_MH_2026_3669,19689.71,20.7,0,Solapur,Apparel,Below 10th
TRN_MH_2026_3670,15061.3,26.5,1,Amravati,Construction,Below 10th
TRN_MH_2026_3671,19537.09,14.2,1,Chhatrapati Sambhajinagar,Electronics and Hardware,Below 10th
TRN_MH_2026_3672,18411.55,10.8,1,Solapur,IT-ITeS,Below 10th
TRN_MH_2026_3673,15614.05,,0,Nagpur,Construction,Below 10th
TRN_MH_2026_3674,13970.06,7.4,1,Nashik,IT-ITeS,Graduate
TRN_MH_2026_3675,10630.81,14.1,0,Amravati,Automotive,Below 10th
TRN_MH_2026_3676,18723.78,14.9,0,Nashik,IT-ITeS,ITI Diploma
TRN_MH_2026_3677,12023.19,20.7,0,Nagpur,Automotive,Graduate
TRN_MH_2026_3678,17833.7,15.8,2,Nagpur,Healthcare,Below 10th
TRN_MH_2026_3679,16577.93,11.5,1,Chhatrapati Sambhajinagar,Healthcare,Graduate
TRN_MH_2026_3680,19877.0,9.2,1,Amravati,Construction,Graduate
TRN_MH_2026_3681,16442.84,,1,Thane,IT-ITeS,10th Pass
TRN_MH_2026_3682,16346.93,9.0,1,Nashik,Construction,12th Pass
TRN_MH_2026_3683,20061.55,14.2,0,Solapur,IT-ITeS,ITI Diploma
TRN_MH_2026_3684,18672.7,11.2,1,Mumbai,IT-ITeS,ITI Diploma
TRN_MH_2026_3685,18606.55,6.5,1,Solapur,Healthcare,Graduate
TRN_MH_2026_3686,19142.44,20.3,2,Gadchiroli,Construction,10th Pass
TRN_MH_2026_3687,12125.5,11.5,2,Solapur,Healthcare,Graduate
TRN_MH_2026_3688,20148.76,7.7,1,Solapur,IT-ITeS,12th Pass
TRN_MH_2026_3689,19643.64,13.2,1,Gadchiroli,IT-ITeS,Graduate
TRN_MH_2026_3690,13941.61,14.3,1,Amravati,IT-ITeS,10th Pass
TRN_MH_2026_3691,16645.72,,0,Solapur,IT-ITeS,ITI Diploma
TRN_MH_2026_3692,17362.42,15.7,0,Solapur,Automotive,10th Pass
TRN_MH_2026_3693,226854.69,8.8,1,Gadchiroli,Construction,Graduate
TRN_MH_2026_3694,18668.51,22.6,0,Thane,IT-ITeS,12th Pass
TRN_MH_2026_3695,22509.78,16.6,0,Gadchiroli,Healthcare,10th Pass
TRN_MH_2026_3696,21286.18,12.0,4,Amravati,Apparel,10th Pass
TRN_MH_2026_3697,12907.23,10.3,1,Chhatrapati Sambhajinagar,Automotive,10th Pass
TRN_MH_2026_3698,19677.24,13.5,0,Amravati,Construction,10th Pass
TRN_MH_2026_3699,22151.27,17.1,0,Nashik,Healthcare,Graduate
TRN_MH_2026_3700,18853.83,13.9,1,Pune,IT-ITeS,Graduate
TRN_MH_2026_3701,21318.43,12.9,0,Thane,IT-ITeS,Graduate
TRN_MH_2026_3702,24542.95,14.3,1,Mumbai,IT-ITeS,Below 10th
TRN_MH_2026_3703,21082.98,11.0,0,Amravati,Automotive,Below 10th
TRN_MH_2026_3704,18372.58,12.3,1,Solapur,Construction,Graduate
TRN_MH_2026_3705,21157.81,3.6,1,Mumbai,Electronics and Hardware,Below 10th
TRN_MH_2026_3706,18007.11,0.5,16,Mumbai,Construction,12th Pass
TRN_MH_2026_3707,17583.66,15.5,2,Amravati,Construction,Graduate
TRN_MH_2026_3708,16270.05,10.1,2,Amravati,Electronics and Hardware,ITI Diploma
TRN_MH_2026_3709,22971.95,23.5,2,Pune,Electronics and Hardware,Graduate
TRN_MH_2026_3710,14635.5,14.4,0,Nashik,Apparel,Below 10th
TRN_MH_2026_3711,22863.29,8.8,0,Thane,IT-ITeS,10th Pass
TRN_MH_2026_3712,19249.52,18.3,3,Gadchiroli,Automotive,Graduate
TRN_MH_2026_3713,12602.43,16.0,0,Solapur,Electronics and Hardware,Graduate
TRN_MH_2026_3714,18786.77,16.0,0,Gadchiroli,Electronics and Hardware,ITI Diploma
TRN_MH_2026_3715,10149.91,11.9,2,Pune,Automotive,12th Pass
TRN_MH_2026_3716,19689.28,16.3,0,Mumbai,IT-ITeS,ITI Diploma
TRN_MH_2026_3717,20598.31,12.7,2,Thane,Healthcare,ITI Diploma
TRN_MH_2026_3718,15426.75,16.8,1,Nagpur,Automotive,12th Pass
TRN_MH_2026_3719,17932.42,4.5,0,Nashik,IT-ITeS,12th Pass
TRN_MH_2026_3720,24339.55,11.8,0,Amravati,Automotive,10th Pass
TRN_MH_2026_3721,15729.89,22.6,1,Pune,IT-ITeS,Graduate
TRN_MH_2026_3722,13793.82,10.2,0,Thane,IT-ITeS,Graduate
TRN_MH_2026_3723,22685.82,11.0,0,Chhatrapati Sambhajinagar,Construction,ITI Diploma
TRN_MH_2026_3724,24369.06,11.8,3,Pune,IT-ITeS,ITI Diploma
TRN_MH_2026_3725,17512.93,7.9,0,Chhatrapati Sambhajinagar,IT-ITeS,10th Pass
TRN_MH_2026_3726,21040.12,3.0,0,Thane,Automotive,10th Pass
TRN_MH_2026_3727,22195.17,12.8,0,Mumbai,Healthcare,ITI Diploma
TRN_MH_2026_3728,14901.31,14.7,1,Solapur,IT-ITeS,Below 10th
TRN_MH_2026_3729,15801.43,13.7,2,Solapur,Electronics and Hardware,Below 10th
TRN_MH_2026_3730,21808.06,13.3,0,Gadchiroli,Electronics and Hardware,ITI Diploma
TRN_MH_2026_3731,106215.39,14.2,1,Solapur,Apparel,10th Pass
TRN_MH_2026_3732,19470.08,19.1,0,Thane,Automotive,Below 10th
TRN_MH_2026_3733,14420.65,13.0,0,Mumbai,Healthcare,Below 10th
TRN_MH_2026_3734,24454.71,11.1,0,Amravati,Healthcare,12th Pass
TRN_MH_2026_3735,15641.6,12.6,0,Pune,Construction,ITI Diploma
TRN_MH_2026_3736,16327.02,16.9,2,Nashik,Electronics and Hardware,10th Pass
TRN_MH_2026_3737,18698.18,21.1,0,Chhatrapati Sambhajinagar,Apparel,Below 10th
TRN_MH_2026_3738,22939.56,10.9,1,Nashik,Apparel,Below 10th
TRN_MH_2026_3739,20488.92,14.5,0,Pune,Healthcare,Graduate
TRN_MH_2026_3740,18952.03,15.7,0,Thane,Automotive,10th Pass
TRN_MH_2026_3741,19121.51,9.0,0,Nagpur,IT-ITeS,Below 10th
TRN_MH_2026_3742,17652.3,14.1,2,Chhatrapati Sambhajinagar,Electronics and Hardware,ITI Diploma
TRN_MH_2026_3743,19453.49,6.7,0,Nagpur,IT-ITeS,Graduate
TRN_MH_2026_3744,8646.54,5.2,0,Mumbai,Healthcare,ITI Diploma
TRN_MH_2026_3745,16461.87,15.8,0,Gadchiroli,IT-ITeS,Graduate
TRN_MH_2026_3746,18344.63,12.1,2,Solapur,Automotive,Below 10th
TRN_MH_2026_3747,13471.45,15.0,3,Amravati,Construction,10th Pass
TRN_MH_2026_3748,18852.13,13.9,0,Amravati,Automotive,ITI Diploma
TRN_MH_2026_3749,16784.35,9.1,1,Amravati,Automotive,12th Pass
TRN_MH_2026_3750,23644.16,13.8,3,Pune,IT-ITeS,10th Pass
TRN_MH_2026_3751,23005.57,7.8,1,Mumbai,Healthcare,10th Pass
TRN_MH_2026_3752,15869.68,21.0,1,Thane,Automotive,Below 10th
TRN_MH_2026_3753,16972.07,,1,Gadchiroli,Apparel,Graduate
TRN_MH_2026_3754,17241.18,13.0,0,Nagpur,Electronics and Hardware,10th Pass
TRN_MH_2026_3755,15919.19,8.8,2,Nagpur,Automotive,10th Pass
TRN_MH_2026_3756,18182.59,16.9,1,Gadchiroli,IT-ITeS,Below 10th
TRN_MH_2026_3757,14846.01,12.3,2,Thane,Apparel,12th Pass
TRN_MH_2026_3758,13542.85,11.4,0,Gadchiroli,Apparel,Below 10th
TRN_MH_2026_3759,19679.49,18.3,1,Pune,Healthcare,ITI Diploma
TRN_MH_2026_3760,19703.35,,0,Nashik,IT-ITeS,Graduate
TRN_MH_2026_3761,14684.89,16.6,1,Thane,IT-ITeS,10th Pass
TRN_MH_2026_3762,20633.74,9.1,0,Solapur,IT-ITeS,10th Pass
TRN_MH_2026_3763,15289.48,7.0,1,Gadchiroli,Healthcare,Graduate
TRN_MH_2026_3764,18386.08,14.5,0,Pune,Automotive,ITI Diploma
TRN_MH_2026_3765,20371.2,12.4,0,Nagpur,Electronics and Hardware,Graduate
TRN_MH_2026_3766,17382.36,17.1,1,Nashik,Apparel,Graduate
TRN_MH_2026_3767,19091.59,13.6,1,Amravati,Healthcare,10th Pass
TRN_MH_2026_3768,15692.5,15.0,0,Gadchiroli,Electronics and Hardware,Below 10th
TRN_MH_2026_3769,16812.37,5.9,0,Amravati,Automotive,Graduate
TRN_MH_2026_3770,16779.49,23.4,0,Pune,Apparel,10th Pass
TRN_MH_2026_3771,14886.98,13.2,1,Nagpur,Automotive,12th Pass
TRN_MH_2026_3772,16881.29,17.5,0,Chhatrapati Sambhajinagar,Electronics and Hardware,Below 10th
TRN_MH_2026_3773,,9.8,0,Pune,Construction,Graduate
TRN_MH_2026_3774,15780.96,15.5,1,Amravati,Electronics and Hardware,Below 10th
TRN_MH_2026_3775,16502.94,7.5,2,Pune,Construction,Below 10th
TRN_MH_2026_3776,16603.37,0.5,13,Nashik,Construction,10th Pass
TRN_MH_2026_3777,16654.76,12.2,0,Solapur,IT-ITeS,ITI Diploma
TRN_MH_2026_3778,17283.83,14.1,1,Thane,Healthcare,Below 10th
TRN_MH_2026_3779,19178.05,17.5,1,Nashik,Apparel,10th Pass
TRN_MH_2026_3780,20560.81,7.8,2,Nagpur,IT-ITeS,ITI Diploma
TRN_MH_2026_3781,15225.82,10.6,1,Nagpur,Automotive,Graduate
TRN_MH_2026_3782,13288.8,16.3,2,Nashik,Automotive,Graduate
TRN_MH_2026_3783,13852.84,24.5,2,Mumbai,Apparel,12th Pass
TRN_MH_2026_3784,15794.79,13.3,1,Nashik,Construction,10th Pass
TRN_MH_2026_3785,16268.28,17.0,2,Nagpur,Construction,12th Pass
TRN_MH_2026_3786,14805.01,13.5,0,Gadchiroli,Construction,12th Pass
TRN_MH_2026_3787,12963.59,23.7,1,Thane,Healthcare,10th Pass
TRN_MH_2026_3788,15903.58,5.3,0,Nashik,Automotive,12th Pass
TRN_MH_2026_3789,18134.99,14.5,1,Nagpur,Healthcare,12th Pass
TRN_MH_2026_3790,19582.6,5.9,0,Amravati,Electronics and Hardware,Graduate
TRN_MH_2026_3791,15549.02,1.5,4,Solapur,Electronics and Hardware,10th Pass
TRN_MH_2026_3792,16054.51,15.5,0,Solapur,Electronics and Hardware,12th Pass
TRN_MH_2026_3793,14256.56,14.7,0,Nagpur,Construction,Graduate
TRN_MH_2026_3794,17389.96,12.6,4,Nashik,Apparel,Graduate
TRN_MH_2026_3795,14530.5,13.5,0,Nagpur,Construction,12th Pass
TRN_MH_2026_3796,19505.95,29.5,0,Nashik,Electronics and Hardware,Below 10th
TRN_MH_2026_3797,11249.47,12.7,0,Pune,Electronics and Hardware,Graduate
TRN_MH_2026_3798,,16.6,0,Gadchiroli,Healthcare,10th Pass
TRN_MH_2026_3799,18553.88,10.8,1,Nashik,Electronics and Hardware,12th Pass
TRN_MH_2026_3800,18143.42,15.5,1,Solapur,Electronics and Hardware,Graduate
TRN_MH_2026_3801,26925.62,12.8,0,Thane,Electronics and Hardware,Graduate
TRN_MH_2026_3802,18724.3,11.9,1,Nashik,IT-ITeS,10th Pass
TRN_MH_2026_3803,13985.81,23.1,0,Nashik,Construction,ITI Diploma
TRN_MH_2026_3804,17165.88,19.9,1,Nashik,Construction,12th Pass
TRN_MH_2026_3805,11283.14,14.7,3,Pune,IT-ITeS,ITI Diploma
TRN_MH_2026_3806,17217.9,2.5,0,Amravati,Apparel,12th Pass
TRN_MH_2026_3807,14584.3,12.2,0,Chhatrapati Sambhajinagar,Construction,Below 10th
TRN_MH_2026_3808,20703.87,,0,Amravati,Construction,12th Pass
TRN_MH_2026_3809,15576.61,12.8,0,Amravati,Automotive,Graduate
TRN_MH_2026_3810,17091.32,19.5,2,Pune,Healthcare,Graduate
TRN_MH_2026_3811,15275.55,21.2,0,Amravati,Healthcare,Below 10th
TRN_MH_2026_3812,23585.98,15.1,0,Gadchiroli,Construction,Graduate
TRN_MH_2026_3813,16375.65,9.8,2,Pune,Healthcare,12th Pass
TRN_MH_2026_3814,23913.95,1.8,1,Solapur,Automotive,Graduate
TRN_MH_2026_3815,20349.53,17.4,0,Amravati,Apparel,Below 10th
TRN_MH_2026_3816,19187.23,9.9,0,Nashik,Automotive,12th Pass
TRN_MH_2026_3817,18790.57,14.9,0,Nagpur,Healthcare,Graduate
TRN_MH_2026_3818,18878.29,7.8,2,Thane,Electronics and Hardware,Below 10th
TRN_MH_2026_3819,10753.15,12.7,1,Thane,Electronics and Hardware,10th Pass
TRN_MH_2026_3820,16523.91,14.2,0,Thane,Electronics and Hardware,ITI Diploma
TRN_MH_2026_3821,20458.05,15.3,1,Gadchiroli,Automotive,Below 10th
TRN_MH_2026_3822,17328.86,8.4,0,Amravati,Construction,12th Pass
TRN_MH_2026_3823,12581.84,20.0,2,Nagpur,Automotive,12th Pass
TRN_MH_2026_3824,17316.58,11.0,1,Amravati,Apparel,ITI Diploma
TRN_MH_2026_3825,23464.37,5.6,3,Thane,Automotive,Below 10th
TRN_MH_2026_3826,21864.12,13.5,0,Solapur,Healthcare,12th Pass
TRN_MH_2026_3827,17282.99,14.2,0,Thane,IT-ITeS,12th Pass
TRN_MH_2026_3828,20830.07,14.8,0,Pune,IT-ITeS,12th Pass
TRN_MH_2026_3829,16217.23,20.8,2,Amravati,Electronics and Hardware,Graduate
TRN_MH_2026_3830,11536.45,12.8,0,Amravati,Apparel,10th Pass
TRN_MH_2026_3831,14264.37,13.4,0,Solapur,Healthcare,Below 10th
TRN_MH_2026_3832,22970.11,8.5,1,Nashik,Electronics and Hardware,ITI Diploma
TRN_MH_2026_3833,16541.02,18.1,0,Amravati,Electronics and Hardware,Below 10th
TRN_MH_2026_3834,16648.16,14.9,1,Nagpur,Electronics and Hardware,Graduate
TRN_MH_2026_3835,16450.57,11.9,1,Chhatrapati Sambhajinagar,Construction,12th Pass
TRN_MH_2026_3836,24164.48,4.5,0,Nagpur,Electronics and Hardware,Graduate
TRN_MH_2026_3837,23190.86,21.2,1,Amravati,Automotive,Graduate
TRN_MH_2026_3838,25265.73,7.9,1,Solapur,Electronics and Hardware,Graduate
TRN_MH_2026_3839,16943.34,0.5,17,Nashik,Construction,Below 10th
TRN_MH_2026_3840,18534.69,15.8,2,Chhatrapati Sambhajinagar,IT-ITeS,ITI Diploma
TRN_MH_2026_3841,12191.75,8.0,0,Chhatrapati Sambhajinagar,Construction,10th Pass
TRN_MH_2026_3842,22669.27,6.5,0,Nagpur,Construction,10th Pass
TRN_MH_2026_3843,13412.77,3.4,0,Nashik,Construction,Graduate
TRN_MH_2026_3844,18258.71,17.6,1,Chhatrapati Sambhajinagar,Construction,Below 10th
TRN_MH_2026_3845,13659.44,,0,Thane,Construction,10th Pass
TRN_MH_2026_3846,15438.97,28.6,1,Nashik,IT-ITeS,ITI Diploma
TRN_MH_2026_3847,14569.58,9.0,2,Mumbai,IT-ITeS,Below 10th
TRN_MH_2026_3848,190935.29,9.4,2,Chhatrapati Sambhajinagar,Electronics and Hardware,ITI Diploma
TRN_MH_2026_3849,15613.07,11.2,0,Nagpur,Healthcare,ITI Diploma
TRN_MH_2026_3850,15581.06,15.2,2,Solapur,Automotive,Below 10th
TRN_MH_2026_3851,20416.67,,0,Chhatrapati Sambhajinagar,Apparel,Below 10th
TRN_MH_2026_3852,13632.98,17.1,1,Gadchiroli,Automotive,12th Pass
TRN_MH_2026_3853,160356.9,9.1,1,Amravati,Construction,10th Pass
TRN_MH_2026_3854,21762.86,7.1,1,Amravati,Healthcare,10th Pass
TRN_MH_2026_3855,15703.81,5.0,1,Solapur,Automotive,Graduate
TRN_MH_2026_3856,14987.28,2.9,0,Nashik,Electronics and Hardware,Below 10th
TRN_MH_2026_3857,16693.16,11.4,2,Solapur,Automotive,Graduate
TRN_MH_2026_3858,21629.04,12.5,1,Chhatrapati Sambhajinagar,Automotive,12th Pass
TRN_MH_2026_3859,18179.38,10.8,2,Pune,Automotive,Graduate
TRN_MH_2026_3860,15640.75,20.2,1,Nashik,Automotive,Graduate
TRN_MH_2026_3861,19193.57,20.1,1,Nashik,Apparel,10th Pass
TRN_MH_2026_3862,13641.98,12.3,0,Thane,Electronics and Hardware,10th Pass
TRN_MH_2026_3863,19884.76,5.0,0,Thane,Automotive,12th Pass
TRN_MH_2026_3864,18930.13,11.2,0,Chhatrapati Sambhajinagar,Apparel,ITI Diploma
TRN_MH_2026_3865,16422.67,11.0,1,Gadchiroli,Healthcare,ITI Diploma
TRN_MH_2026_3866,14564.95,,0,Solapur,Healthcare,Below 10th
TRN_MH_2026_3867,,10.5,0,Gadchiroli,IT-ITeS,Graduate
TRN_MH_2026_3868,19371.86,10.7,0,Nagpur,Apparel,Below 10th
TRN_MH_2026_3869,21801.43,12.1,2,Mumbai,Apparel,Below 10th
TRN_MH_2026_3870,15269.42,10.8,1,Solapur,IT-ITeS,Graduate
TRN_MH_2026_3871,19104.35,15.0,4,Thane,Automotive,10th Pass
TRN_MH_2026_3872,10195.41,15.8,2,Solapur,Electronics and Hardware,Graduate
TRN_MH_2026_3873,15453.84,9.4,0,Gadchiroli,Healthcare,Below 10th
TRN_MH_2026_3874,17391.29,20.4,0,Nashik,IT-ITeS,10th Pass
TRN_MH_2026_3875,14316.11,9.1,1,Thane,IT-ITeS,Below 10th
TRN_MH_2026_3876,,5.9,0,Nashik,Automotive,12th Pass
TRN_MH_2026_3877,15162.77,15.9,1,Thane,Apparel,10th Pass
TRN_MH_2026_3878,18522.67,9.9,2,Pune,Apparel,Below 10th
TRN_MH_2026_3879,16844.35,15.6,1,Thane,Healthcare,10th Pass
TRN_MH_2026_3880,9666.19,2.0,1,Pune,Construction,10th Pass
TRN_MH_2026_3881,10077.55,21.0,1,Thane,Electronics and Hardware,10th Pass
TRN_MH_2026_3882,15375.97,17.4,0,Solapur,Construction,Graduate
TRN_MH_2026_3883,19101.9,6.5,1,Gadchiroli,Electronics and Hardware,10th Pass
TRN_MH_2026_3884,8000.0,6.6,0,Solapur,Electronics and Hardware,12th Pass
TRN_MH_2026_3885,15750.94,22.4,0,Nagpur,IT-ITeS,Below 10th
TRN_MH_2026_3886,15658.13,10.3,0,Nagpur,IT-ITeS,ITI Diploma
TRN_MH_2026_3887,22359.18,9.8,0,Mumbai,Automotive,12th Pass
TRN_MH_2026_3888,16152.42,2.7,0,Solapur,Automotive,Below 10th
TRN_MH_2026_3889,18840.46,12.2,2,Gadchiroli,Construction,10th Pass
TRN_MH_2026_3890,17994.4,12.9,1,Nagpur,Healthcare,Graduate
TRN_MH_2026_3891,10043.02,0.5,16,Nagpur,Apparel,12th Pass
TRN_MH_2026_3892,20188.73,,0,Nagpur,Healthcare,Graduate
TRN_MH_2026_3893,18253.89,6.4,1,Thane,Automotive,Below 10th
TRN_MH_2026_3894,19278.94,16.3,2,Mumbai,Construction,Below 10th
TRN_MH_2026_3895,188123.86,19.0,2,Gadchiroli,Apparel,ITI Diploma
TRN_MH_2026_3896,10205.6,6.1,0,Pune,Automotive,Below 10th
TRN_MH_2026_3897,23536.44,19.4,1,Chhatrapati Sambhajinagar,IT-ITeS,Graduate
TRN_MH_2026_3898,16493.93,14.2,0,Nashik,Apparel,Graduate
TRN_MH_2026_3899,18505.65,,0,Pune,Apparel,Graduate
TRN_MH_2026_3900,17340.71,13.6,1,Amravati,Healthcare,12th Pass
TRN_MH_2026_3901,16015.17,1.4,0,Chhatrapati Sambhajinagar,Electronics and Hardware,Graduate
TRN_MH_2026_3902,15505.58,13.2,2,Mumbai,Automotive,Below 10th
TRN_MH_2026_3903,18653.28,19.3,2,Mumbai,Apparel,ITI Diploma
TRN_MH_2026_3904,12189.89,9.5,0,Chhatrapati Sambhajinagar,Automotive,12th Pass
TRN_MH_2026_3905,20127.03,12.1,1,Pune,Apparel,ITI Diploma
TRN_MH_2026_3906,16043.32,13.1,0,Solapur,Construction,12th Pass
TRN_MH_2026_3907,13544.76,1.0,1,Gadchiroli,Construction,ITI Diploma
TRN_MH_2026_3908,15924.95,22.4,0,Thane,Construction,12th Pass
TRN_MH_2026_3909,21900.02,9.5,0,Amravati,Healthcare,12th Pass
TRN_MH_2026_3910,15626.33,16.5,0,Solapur,Healthcare,12th Pass
TRN_MH_2026_3911,18754.59,13.6,2,Pune,Apparel,Below 10th
TRN_MH_2026_3912,14941.65,20.3,2,Thane,Automotive,ITI Diploma
TRN_MH_2026_3913,20152.73,16.0,1,Pune,IT-ITeS,12th Pass
TRN_MH_2026_3914,19899.28,12.8,1,Chhatrapati Sambhajinagar,Apparel,10th Pass
TRN_MH_2026_3915,23970.13,9.5,1,Solapur,Healthcare,12th Pass
TRN_MH_2026_3916,16885.53,18.0,2,Nagpur,Construction,Below 10th
TRN_MH_2026_3917,19840.29,4.6,0,Gadchiroli,Healthcare,Graduate
TRN_MH_2026_3918,17843.24,17.2,1,Pune,Automotive,10th Pass
TRN_MH_2026_3919,22035.55,8.5,0,Nashik,Healthcare,10th Pass
TRN_MH_2026_3920,14984.09,20.3,1,Solapur,Construction,Graduate
TRN_MH_2026_3921,20107.52,14.8,0,Thane,Apparel,12th Pass
TRN_MH_2026_3922,16818.56,17.2,0,Amravati,Electronics and Hardware,Below 10th
TRN_MH_2026_3923,17275.34,14.4,0,Thane,Healthcare,ITI Diploma
TRN_MH_2026_3924,,5.2,2,Solapur,Apparel,Below 10th
TRN_MH_2026_3925,18382.84,9.7,1,Chhatrapati Sambhajinagar,Healthcare,Below 10th
TRN_MH_2026_3926,17093.2,17.4,1,Amravati,Electronics and Hardware,ITI Diploma
TRN_MH_2026_3927,18251.5,14.8,2,Nagpur,Construction,10th Pass
TRN_MH_2026_3928,23023.41,19.9,1,Thane,Healthcare,Below 10th
TRN_MH_2026_3929,20949.07,16.0,0,Nagpur,Electronics and Hardware,10th Pass
TRN_MH_2026_3930,20542.04,9.2,0,Gadchiroli,Construction,10th Pass
TRN_MH_2026_3931,15905.61,10.0,0,Nagpur,Construction,Below 10th
TRN_MH_2026_3932,14387.66,14.5,0,Pune,Electronics and Hardware,12th Pass
TRN_MH_2026_3933,20843.55,2.4,0,Pune,Healthcare,Graduate
TRN_MH_2026_3934,20566.16,22.4,0,Nashik,Electronics and Hardware,Graduate
TRN_MH_2026_3935,22654.35,16.2,0,Gadchiroli,Automotive,Below 10th
TRN_MH_2026_3936,15386.07,20.1,2,Solapur,Automotive,Graduate
TRN_MH_2026_3937,16696.58,6.1,0,Thane,Apparel,ITI Diploma
TRN_MH_2026_3938,11761.81,20.2,0,Nagpur,Construction,Below 10th
TRN_MH_2026_3939,16126.35,25.2,2,Nagpur,Healthcare,10th Pass
TRN_MH_2026_3940,20988.0,7.4,0,Solapur,IT-ITeS,ITI Diploma
TRN_MH_2026_3941,15867.27,17.9,1,Solapur,Electronics and Hardware,10th Pass
TRN_MH_2026_3942,116599.74,14.0,2,Solapur,Apparel,ITI Diploma
TRN_MH_2026_3943,16833.24,6.3,1,Nagpur,Construction,12th Pass
TRN_MH_2026_3944,18634.2,16.5,0,Amravati,Healthcare,Graduate
TRN_MH_2026_3945,13483.08,18.2,2,Nagpur,IT-ITeS,12th Pass
TRN_MH_2026_3946,17798.23,11.0,0,Nagpur,IT-ITeS,Graduate
TRN_MH_2026_3947,8000.0,19.8,2,Pune,Automotive,Graduate
TRN_MH_2026_3948,16845.86,5.7,0,Pune,Automotive,ITI Diploma
TRN_MH_2026_3949,11793.34,6.5,0,Nashik,IT-ITeS,Below 10th
TRN_MH_2026_3950,21720.98,14.7,2,Solapur,Electronics and Hardware,12th Pass
TRN_MH_2026_3951,20220.93,14.1,1,Amravati,Automotive,ITI Diploma
TRN_MH_2026_3952,19133.35,10.4,0,Gadchiroli,Apparel,Graduate
TRN_MH_2026_3953,22823.52,18.0,0,Thane,IT-ITeS,12th Pass
TRN_MH_2026_3954,14178.79,16.7,1,Pune,Healthcare,10th Pass
TRN_MH_2026_3955,23615.77,18.3,2,Chhatrapati Sambhajinagar,Healthcare,ITI Diploma
TRN_MH_2026_3956,20762.67,13.4,0,Chhatrapati Sambhajinagar,Electronics and Hardware,Below 10th
TRN_MH_2026_3957,16672.06,17.0,1,Chhatrapati Sambhajinagar,Electronics and Hardware,10th Pass
TRN_MH_2026_3958,21474.67,11.8,1,Nashik,Construction,12th Pass
TRN_MH_2026_3959,13627.97,24.3,1,Nagpur,Automotive,12th Pass
TRN_MH_2026_3960,14614.2,9.9,2,Nashik,IT-ITeS,ITI Diploma
TRN_MH_2026_3961,15369.94,24.5,1,Nashik,Automotive,Graduate
TRN_MH_2026_3962,15648.58,14.2,0,Pune,Healthcare,12th Pass
TRN_MH_2026_3963,13802.05,7.1,0,Mumbai,IT-ITeS,Graduate
TRN_MH_2026_3964,21780.79,20.8,0,Mumbai,Healthcare,Below 10th
TRN_MH_2026_3965,16594.01,14.6,3,Mumbai,Automotive,Below 10th
TRN_MH_2026_3966,18733.77,18.3,0,Amravati,Healthcare,Graduate
TRN_MH_2026_3967,15503.77,20.1,1,Chhatrapati Sambhajinagar,Electronics and Hardware,ITI Diploma
TRN_MH_2026_3968,11127.89,15.7,0,Thane,Electronics and Hardware,12th Pass
TRN_MH_2026_3969,18445.2,11.0,1,Nagpur,Electronics and Hardware,Graduate
TRN_MH_2026_3970,10807.11,18.9,1,Amravati,Apparel,ITI Diploma
TRN_MH_2026_3971,17259.78,14.0,1,Nashik,Construction,12th Pass
TRN_MH_2026_3972,12710.9,17.4,0,Pune,Healthcare,Graduate
TRN_MH_2026_3973,24455.47,3.2,2,Mumbai,Healthcare,ITI Diploma
TRN_MH_2026_3974,20689.77,16.2,2,Nashik,Automotive,Below 10th
TRN_MH_2026_3975,17870.14,10.8,4,Gadchiroli,Automotive,10th Pass
TRN_MH_2026_3976,21922.97,22.3,1,Nashik,Electronics and Hardware,Graduate
TRN_MH_2026_3977,14537.89,17.1,0,Gadchiroli,Construction,ITI Diploma
TRN_MH_2026_3978,168497.34,15.2,1,Nashik,Healthcare,Graduate
TRN_MH_2026_3979,18199.34,16.4,1,Amravati,IT-ITeS,Graduate
TRN_MH_2026_3980,18424.07,9.0,0,Nashik,IT-ITeS,12th Pass
TRN_MH_2026_3981,21953.24,22.1,0,Solapur,IT-ITeS,Graduate
TRN_MH_2026_3982,20063.72,24.0,1,Mumbai,Construction,Below 10th
TRN_MH_2026_3983,18510.53,16.0,0,Nagpur,Healthcare,12th Pass
TRN_MH_2026_3984,11707.89,22.0,0,Chhatrapati Sambhajinagar,Automotive,10th Pass
TRN_MH_2026_3985,14139.84,11.2,1,Nashik,Apparel,Graduate
TRN_MH_2026_3986,17070.52,10.0,1,Solapur,Healthcare,Below 10th
TRN_MH_2026_3987,17826.8,14.2,1,Solapur,IT-ITeS,12th Pass
TRN_MH_2026_3988,13544.29,16.2,0,Nagpur,Apparel,Below 10th
TRN_MH_2026_3989,25940.87,12.0,2,Pune,Healthcare,12th Pass
TRN_MH_2026_3990,22807.38,16.7,0,Solapur,Apparel,Below 10th
TRN_MH_2026_3991,19607.41,15.5,0,Solapur,Healthcare,10th Pass
TRN_MH_2026_3992,17752.13,9.0,0,Mumbai,Healthcare,Below 10th
TRN_MH_2026_3993,16757.27,16.6,0,Solapur,Electronics and Hardware,Below 10th
TRN_MH_2026_3994,14168.29,18.3,1,Pune,Healthcare,ITI Diploma
TRN_MH_2026_3995,17771.18,14.9,1,Gadchiroli,Electronics and Hardware,Below 10th
TRN_MH_2026_3996,18402.13,0.5,17,Amravati,Construction,10th Pass
TRN_MH_2026_3997,13153.84,7.9,1,Gadchiroli,IT-ITeS,12th Pass
TRN_MH_2026_3998,18669.62,16.3,1,Gadchiroli,Electronics and Hardware,ITI Diploma
TRN_MH_2026_3999,16956.59,8.1,0,Nagpur,Construction,ITI Diploma
