module_completion_speed,device_concurrency_count,face_simmilarity_index,liveness_stauts,ip_risk_score,training_center_id,is_fake_trainee,face_similarity_index,liveness_status
41.83142024388676,1,0.9032108031807292,1.0,0,TC_NASHIK_02,0,,
37.419229142142925,2,0.9163614039480766,1.0,0,TC_NAGPUR_01,0,,
19.171856203019892,1,0.8195508462679357,1.0,0,TC_NAGPUR_01,0,,
44.63400605484671,1,0.8227361804035841,1.0,0,TC_NAGPUR_01,0,,
54.90113066074366,1,0.8832285468783949,1.0,0,TC_PUNE_03,0,,
48.452009976744314,1,0.8972839813620233,1.0,0,TC_NASHIK_02,0,,
28.634354717254343,1,0.6636512921219174,1.0,0,TC_PUNE_03,0,,
25.96381874536635,2,0.8387780433040233,1.0,0,TC_NASHIK_02,0,,
27.02376003388526,1,0.805902277127127,1.0,0,TC_PUNE_03,0,,
37.96885072990936,1,0.949394270907433,1.0,0,TC_MUMBAI_01,0,,
22.49856317185496,1,0.8589045971631017,1.0,0,TC_MUMBAI_01,0,,
42.69859445086847,1,0.8275624182672072,1.0,0,TC_PUNE_03,0,,
39.375666665724474,2,0.995543642316538,1.0,0,TC_NASHIK_02,0,,
32.879071224658496,1,0.8681413701286318,1.0,0,TC_MUMBAI_01,0,,
77.19256465052025,1,0.8513601318824917,1.0,0,TC_NAGPUR_01,0,,
28.098411732279928,1,0.9583332696463482,1.0,0,TC_NAGPUR_01,0,,
2.435357116292542,6,,,1,TC_RURAL_MALPRACTICE_09,1,0.34781877224197166,1.0
120.02667758008309,1,0.8810811010017834,1.0,0,TC_NASHIK_02,0,,
43.64932564420768,1,0.6452958363328686,1.0,0,TC_MUMBAI_01,0,,
33.4006346349647,1,0.7612365552306638,1.0,0,TC_NASHIK_02,0,,
52.22869189152574,1,0.7252554944128287,0.0,0,TC_NASHIK_02,0,,
36.52388226967089,1,0.8974825504483307,1.0,0,TC_NAGPUR_01,0,,
31.60334582821543,1,0.7027893497341069,1.0,0,TC_MUMBAI_01,0,,
2.0681738870554884,14,,,1,TC_NAGPUR_01,1,0.30436388249193347,0.0
26.489778077832984,1,0.793036768370012,1.0,0,TC_MUMBAI_01,0,,
30.082235644813537,1,0.8340061936580513,1.0,0,TC_NASHIK_02,0,,
1.0912659959350366,15,,,1,TC_RURAL_MALPRACTICE_09,1,0.18634286965633143,0.0
45.8071380524455,1,0.8070238675123483,1.0,0,TC_MUMBAI_01,0,,
36.867160881738144,1,0.9537683264038408,1.0,0,TC_NAGPUR_01,0,,
41.3651093909849,1,0.7701693675186415,1.0,0,TC_NAGPUR_01,0,,
32.7742012348336,1,0.81503703280812,1.0,0,TC_NASHIK_02,0,,
93.31835572819003,1,0.877703205656257,1.0,0,TC_NAGPUR_01,0,,
51.58441870029249,1,0.7981743640270248,1.0,0,TC_MUMBAI_01,0,,
32.923174227196625,1,0.824518836650262,1.0,0,TC_NAGPUR_01,0,,
23.206585793256608,1,0.9032579142292764,1.0,0,TC_MUMBAI_01,0,,
55.98198491560403,1,0.8491026894161824,1.0,0,TC_MUMBAI_01,0,,
35.64648114358749,1,0.9754053307011047,1.0,0,TC_NASHIK_02,0,,
36.185499260889856,1,0.5700885919192883,1.0,0,TC_NAGPUR_01,0,,
26.485553918957038,1,0.7261067428670269,1.0,0,TC_NASHIK_02,0,,
32.28796237702139,1,0.9060188337571082,1.0,0,TC_MUMBAI_01,0,,
50.863092325621366,1,0.8007643372123461,1.0,0,TC_NAGPUR_01,0,,
47.529723448165214,1,0.7550567825243715,1.0,0,TC_MUMBAI_01,0,,
27.85062953382882,1,0.9487900932431091,1.0,0,TC_MUMBAI_01,0,,
54.11575574417653,1,0.9378019602158386,1.0,0,TC_NASHIK_02,0,,
21.158447870343853,1,0.914564840747503,1.0,0,TC_PUNE_03,0,,
53.88393914900905,1,0.7443978368400556,1.0,0,TC_PUNE_03,0,,
32.180433742239956,1,0.7196636128840297,1.0,1,TC_MUMBAI_01,0,,
52.08838582614109,1,0.9322846408180465,1.0,0,TC_MUMBAI_01,0,,
52.22067897753807,1,0.8142422508144032,1.0,0,TC_NASHIK_02,0,,
51.142272741079914,1,0.6573948708926178,1.0,0,TC_PUNE_03,0,,
49.61196627417152,1,0.7839907805280203,1.0,0,TC_NAGPUR_01,0,,
36.96889831093495,1,0.8280799287077881,1.0,0,TC_MUMBAI_01,0,,
25.874390808068142,1,0.8646637111267106,1.0,0,TC_MUMBAI_01,0,,
43.84213091200265,1,0.900112998849866,1.0,0,TC_NAGPUR_01,0,,
37.19465640991068,1,0.7601031597040221,1.0,0,TC_MUMBAI_01,0,,
0.6722874635940457,23,,,1,TC_RURAL_MALPRACTICE_09,1,0.48585922076188237,0.0
23.532569986832957,1,0.9138419830221476,1.0,0,TC_NASHIK_02,0,,
31.62804831024716,2,0.5519612164218582,1.0,0,TC_NAGPUR_01,0,,
48.79769667570501,1,0.74291616513629,1.0,0,TC_PUNE_03,0,,
42.127062691378704,1,0.9726599441389473,1.0,0,TC_NASHIK_02,0,,
34.91677373085466,1,0.9391829155046598,1.0,0,TC_NAGPUR_01,0,,
52.22466571992371,1,0.9348820483690361,1.0,0,TC_NASHIK_02,0,,
35.31407603298038,1,0.9419985618822414,1.0,0,TC_NAGPUR_01,0,,
30.978101389007648,1,0.9297457682045002,1.0,0,TC_NAGPUR_01,0,,
26.93481850979496,1,0.8891363875260194,1.0,0,TC_NASHIK_02,0,,
44.81799307520374,1,0.9420391290971473,1.0,0,TC_NASHIK_02,0,,
35.36803943463535,1,0.6560340970337347,1.0,0,TC_MUMBAI_01,0,,
72.1727538884266,1,0.8596567423371071,1.0,0,TC_NAGPUR_01,0,,
28.87233952455385,1,0.7649822126860739,1.0,0,TC_MUMBAI_01,0,,
36.92093596188829,2,0.8324782501608726,1.0,0,TC_PUNE_03,0,,
28.06126222736984,1,0.9770081064275368,1.0,0,TC_PUNE_03,0,,
26.982461776758118,2,0.9820847292904896,1.0,0,TC_MUMBAI_01,0,,
38.57848382508727,1,0.8834322753122661,1.0,0,TC_MUMBAI_01,0,,
60.950479178168216,1,0.9280438726917581,1.0,0,TC_MUMBAI_01,0,,
1.924978136111189,16,,,1,TC_RURAL_MALPRACTICE_09,1,0.5411211385087251,1.0
40.1181188836594,1,0.6639047244522378,1.0,0,TC_PUNE_03,0,,
35.90046617274348,1,0.8076201712073027,1.0,0,TC_NAGPUR_01,0,,
38.57393841561616,1,0.7929391007506742,1.0,0,TC_PUNE_03,0,,
22.162460602569553,1,0.9214050508769842,1.0,0,TC_NASHIK_02,0,,
40.47760862651895,1,0.8450946968772417,1.0,0,TC_NAGPUR_01,0,,
36.73955661958331,1,0.7781781082282019,1.0,0,TC_NASHIK_02,0,,
63.40564452910443,1,0.9820369835531115,1.0,0,TC_NASHIK_02,0,,
31.848015120886323,1,0.9537179323412289,1.0,0,TC_NAGPUR_01,0,,
42.272276595954715,1,0.8104861588813906,1.0,0,TC_NAGPUR_01,0,,
38.91482206779421,1,0.8933619367287188,1.0,0,TC_NASHIK_02,0,,
17.75645982728878,1,0.9131903135332651,1.0,0,TC_MUMBAI_01,0,,
39.43697596751773,1,0.8071237856698871,1.0,0,TC_MUMBAI_01,0,,
45.58681861726644,1,0.7760553112895943,1.0,0,TC_MUMBAI_01,0,,
40.18793249220584,2,0.550555842348542,1.0,0,TC_NASHIK_02,0,,
40.92327644541253,1,0.7685425391717888,1.0,0,TC_NAGPUR_01,0,,
39.434816176222185,1,0.602507661621558,1.0,0,TC_NASHIK_02,0,,
40.88013689591242,1,0.8207403524261178,1.0,0,TC_MUMBAI_01,0,,
39.45771507009437,1,0.7314358942744652,1.0,0,TC_NAGPUR_01,0,,
37.81958954074071,1,0.9040846990908521,1.0,0,TC_MUMBAI_01,0,,
23.284264245029938,2,0.9575379145917611,1.0,0,TC_NASHIK_02,0,,
42.72991227485728,1,0.8744201998123408,1.0,0,TC_MUMBAI_01,0,,
31.73319135755947,1,0.8244100781720715,1.0,0,TC_PUNE_03,0,,
31.80052012318779,1,0.816758624619237,1.0,0,TC_NASHIK_02,0,,
61.33220641474748,1,0.845341564726579,1.0,0,TC_NASHIK_02,0,,
35.497851168752064,1,0.6453532247602931,1.0,0,TC_MUMBAI_01,0,,
54.32873285353817,1,0.8246519486785319,1.0,0,TC_NAGPUR_01,0,,
40.45153274834417,1,0.9323744214446188,1.0,0,TC_MUMBAI_01,0,,
36.529273336613215,1,0.9576801941568234,1.0,1,TC_NASHIK_02,0,,
0.6818012269422029,11,,,1,TC_RURAL_MALPRACTICE_09,1,0.21273704774462973,1.0
45.743144001829805,1,0.5924630106221702,1.0,0,TC_NAGPUR_01,0,,
26.446858272256932,1,0.823097713743626,1.0,0,TC_PUNE_03,0,,
37.1499486847386,2,0.7722180013342573,1.0,0,TC_PUNE_03,0,,
33.22323361392736,1,0.76654150662336,1.0,0,TC_NASHIK_02,0,,
28.796897221025215,1,0.7407024962738504,1.0,0,TC_MUMBAI_01,0,,
100.36745129140625,2,0.7101949809493955,1.0,0,TC_MUMBAI_01,0,,
32.2955972169445,1,0.9327162290597284,1.0,0,TC_NASHIK_02,0,,
17.759515213030596,1,0.9217907732419357,1.0,0,TC_NASHIK_02,0,,
24.386126475457512,2,0.9515834472007668,1.0,0,TC_MUMBAI_01,0,,
35.40542782395652,1,0.982510117185294,1.0,0,TC_PUNE_03,0,,
31.76004189156071,1,0.8551794275951089,1.0,0,TC_NAGPUR_01,0,,
34.97522664858242,1,0.8808126011446752,1.0,0,TC_MUMBAI_01,0,,
2.253598612957419,8,,,1,TC_RURAL_MALPRACTICE_09,1,0.15521865169022114,0.0
15.597127266021406,2,0.8036147282759739,1.0,0,TC_MUMBAI_01,0,,
58.26914707157723,1,0.8352236939195341,1.0,0,TC_MUMBAI_01,0,,
35.40022266762091,1,0.9463317126889208,1.0,0,TC_PUNE_03,0,,
35.3620410895214,1,0.9552326494613533,1.0,0,TC_PUNE_03,0,,
39.99008642427381,1,0.8891315663732116,1.0,0,TC_PUNE_03,0,,
27.186281298173693,1,0.884675929775975,1.0,0,TC_MUMBAI_01,0,,
30.57228316436409,2,0.671445119148578,1.0,0,TC_NASHIK_02,0,,
46.00713022268912,2,0.8988768218227026,1.0,0,TC_NAGPUR_01,0,,
65.85697389086278,1,0.967778396439677,1.0,0,TC_PUNE_03,0,,
43.267516764946265,1,0.9322007306105535,1.0,0,TC_PUNE_03,0,,
40.351617286193985,1,0.6904636157372955,1.0,0,TC_MUMBAI_01,0,,
50.420697302046186,1,0.7441019869647582,1.0,0,TC_NAGPUR_01,0,,
46.71853064372465,1,0.9479309356454283,1.0,0,TC_NASHIK_02,0,,
52.95527874505852,1,0.9342769712184001,1.0,0,TC_MUMBAI_01,0,,
26.887223637481142,1,0.5341738540399638,1.0,0,TC_PUNE_03,0,,
37.66093614294949,1,0.8351324751393007,1.0,0,TC_PUNE_03,0,,
45.308610353357416,1,0.911864019947017,1.0,0,TC_NAGPUR_01,0,,
26.296272738236283,1,0.9501552077936606,1.0,0,TC_MUMBAI_01,0,,
29.03206460714991,1,0.6352077671875717,1.0,0,TC_MUMBAI_01,0,,
33.564247990744796,1,0.8666472718259819,1.0,0,TC_MUMBAI_01,0,,
66.07690609486357,1,0.956466274133941,1.0,0,TC_NASHIK_02,0,,
57.93701116122049,1,0.840209970925791,1.0,0,TC_NAGPUR_01,0,,
33.575572763178684,1,0.9847569791879955,1.0,0,TC_PUNE_03,0,,
37.137686557463184,1,0.9058357401474549,1.0,0,TC_MUMBAI_01,0,,
18.627486523267162,1,0.9541729309305178,1.0,0,TC_PUNE_03,0,,
26.07143875748328,1,0.7757075453521745,1.0,0,TC_MUMBAI_01,0,,
80.14978859437119,1,0.9854398209399784,1.0,0,TC_NAGPUR_01,0,,
36.81501567599449,1,0.9258080050285282,1.0,0,TC_MUMBAI_01,0,,
67.31587910565445,2,0.8018854893534714,1.0,0,TC_NASHIK_02,0,,
32.55697391384372,1,0.6439416435528331,1.0,0,TC_NAGPUR_01,0,,
61.60993052075379,1,0.8281605477724701,1.0,0,TC_MUMBAI_01,0,,
27.655867494080393,1,0.8378811980235469,1.0,0,TC_PUNE_03,0,,
44.554494586958256,1,0.9504654872683642,1.0,0,TC_MUMBAI_01,0,,
60.14411419937951,1,0.835496478264776,1.0,0,TC_NAGPUR_01,0,,
38.21067587602535,1,0.6787367947014133,1.0,0,TC_PUNE_03,0,,
49.444836851800574,1,0.8668878449292319,1.0,0,TC_PUNE_03,0,,
81.58011139905537,1,0.9360490810890736,1.0,0,TC_NAGPUR_01,0,,
34.01903408413847,1,0.943580910206694,1.0,0,TC_MUMBAI_01,0,,
38.122446135654585,1,0.5796960861176468,1.0,0,TC_NASHIK_02,0,,
21.41648575470012,1,0.8262785487852463,1.0,0,TC_NASHIK_02,0,,
23.863126076842967,1,0.9040177253443519,1.0,0,TC_PUNE_03,0,,
37.404005878884256,1,0.5778281638011539,1.0,0,TC_NAGPUR_01,0,,
48.57589263185027,1,0.7862895550153908,1.0,0,TC_NASHIK_02,0,,
36.85823673298799,1,0.9896793826350965,1.0,0,TC_NASHIK_02,0,,
1.3910296254000316,10,,,0,TC_RURAL_MALPRACTICE_09,1,0.5779814711057839,0.0
23.72951694189724,1,0.8164374404442255,1.0,0,TC_PUNE_03,0,,
44.610204336249275,1,0.9618383616764686,1.0,0,TC_NAGPUR_01,0,,
33.35096943081325,1,0.9441947119719067,1.0,0,TC_MUMBAI_01,0,,
35.24734594400358,1,0.9702174829211819,1.0,0,TC_PUNE_03,0,,
31.009573479608864,2,0.7325136021522307,1.0,0,TC_MUMBAI_01,0,,
90.85719670788653,1,0.5367839197608005,1.0,0,TC_NAGPUR_01,0,,
1.192181852649847,7,,,1,TC_RURAL_MALPRACTICE_09,1,0.33800718694320914,0.0
43.219192252466094,1,0.5960596122088918,1.0,0,TC_MUMBAI_01,0,,
55.20048700578229,1,0.946674781429125,1.0,0,TC_NASHIK_02,0,,
65.37248536174025,1,0.9614091464007163,1.0,0,TC_MUMBAI_01,0,,
61.968359170045105,1,0.7312658507631932,1.0,0,TC_MUMBAI_01,0,,
27.86583873407381,1,0.8685334671937668,1.0,0,TC_NAGPUR_01,0,,
35.90596106502182,1,0.8250467314912721,1.0,0,TC_PUNE_03,0,,
21.408915925138256,1,0.9269449910678587,1.0,0,TC_PUNE_03,0,,
1.2976649682979107,14,,,0,TC_RURAL_MALPRACTICE_09,1,0.4391550067016762,0.0
44.09166044206606,1,0.921774784308163,1.0,0,TC_PUNE_03,0,,
27.43408648088517,1,0.8736625589589249,1.0,0,TC_NAGPUR_01,0,,
31.081913013349634,1,0.8748185801024437,1.0,0,TC_NAGPUR_01,0,,
53.8533418356792,2,0.7349657300822369,1.0,0,TC_NASHIK_02,0,,
84.36345184127045,1,0.9483700262357777,1.0,0,TC_MUMBAI_01,0,,
42.90340936224889,2,0.7726628311938285,1.0,0,TC_NASHIK_02,0,,
29.473683373439265,1,0.951293296840952,1.0,0,TC_PUNE_03,0,,
51.333514094377655,1,0.7927032499437365,1.0,0,TC_PUNE_03,0,,
23.83237131525254,1,0.9163633238505079,1.0,0,TC_PUNE_03,0,,
67.6633631261158,1,0.806573164520232,1.0,0,TC_MUMBAI_01,0,,
40.58174454931513,1,0.9025512086627362,1.0,0,TC_PUNE_03,0,,
28.97384546830804,1,0.6825758996583101,1.0,0,TC_MUMBAI_01,0,,
30.313824079817074,1,0.6648539226799496,1.0,0,TC_NASHIK_02,0,,
23.751537204638137,1,0.9035003290208283,1.0,0,TC_NASHIK_02,0,,
60.77931896240656,1,0.9821395306863155,1.0,0,TC_MUMBAI_01,0,,
27.899930378810346,1,0.8578901173732851,1.0,0,TC_NAGPUR_01,0,,
30.99005671401733,1,0.8012809650741791,1.0,1,TC_MUMBAI_01,0,,
67.54808314454934,1,0.9572259773236365,1.0,0,TC_NASHIK_02,0,,
16.882497706390737,1,0.7002292369605863,1.0,0,TC_PUNE_03,0,,
33.94446413221705,1,0.932266798245296,1.0,0,TC_PUNE_03,0,,
47.743641204985956,2,0.9708328883156241,1.0,0,TC_NAGPUR_01,0,,
47.15013443897425,1,0.8840591979342118,1.0,0,TC_MUMBAI_01,0,,
0.24203586752501355,20,,,0,TC_RURAL_MALPRACTICE_09,1,0.20810772989903303,0.0
29.0088049050029,1,0.7039348920650527,1.0,0,TC_NAGPUR_01,0,,
36.7604025988567,1,0.9787121771978597,1.0,0,TC_NAGPUR_01,0,,
43.6005789824473,1,0.9166561940958892,1.0,0,TC_NAGPUR_01,0,,
43.50872157390371,1,0.889816723440243,1.0,0,TC_PUNE_03,0,,
30.104815750557538,1,0.8751646216680995,1.0,0,TC_NASHIK_02,0,,
28.899313834542507,1,0.8105856778704723,1.0,0,TC_MUMBAI_01,0,,
46.29553524721474,2,0.9845964033658496,1.0,0,TC_NAGPUR_01,0,,
25.194467593059613,1,0.9674784030275533,1.0,0,TC_NASHIK_02,0,,
40.77965479322497,1,0.9526059554674521,1.0,0,TC_MUMBAI_01,0,,
51.570781307914125,1,0.8410325775558948,1.0,0,TC_PUNE_03,0,,
43.130023391743315,1,0.8033839441132911,1.0,0,TC_NASHIK_02,0,,
52.0761647399043,1,0.9397455491467784,1.0,0,TC_NASHIK_02,0,,
33.22516070726064,1,0.9656241376491792,1.0,0,TC_NASHIK_02,0,,
58.164850162788724,1,0.5785703227759412,1.0,0,TC_NASHIK_02,0,,
32.98704909615168,1,0.9399327105185948,1.0,0,TC_NASHIK_02,0,,
42.70024303539459,1,0.5880301882758752,1.0,0,TC_NASHIK_02,0,,
27.335701888473295,1,0.6198371948903576,1.0,0,TC_NASHIK_02,0,,
52.34584550971864,1,0.7356710589522559,1.0,0,TC_NASHIK_02,0,,
25.401195867644955,1,0.8900005817307662,1.0,0,TC_NAGPUR_01,0,,
54.06158734960913,1,0.9130302162060531,1.0,0,TC_MUMBAI_01,0,,
30.541101598926033,1,0.8695962883884811,1.0,0,TC_MUMBAI_01,0,,
36.186264739835366,1,0.9677301692877719,1.0,0,TC_NAGPUR_01,0,,
22.586460120930745,1,0.8837197949775839,1.0,0,TC_NAGPUR_01,0,,
55.34556658864795,2,0.9463109438598107,1.0,0,TC_NASHIK_02,0,,
33.91254329902173,2,0.8565393155475932,1.0,0,TC_NASHIK_02,0,,
25.411982438784868,2,0.8593827196493433,1.0,0,TC_NASHIK_02,0,,
37.281744535703375,1,0.8517051725682331,1.0,0,TC_PUNE_03,0,,
84.73099627061981,1,0.8588238569817731,1.0,0,TC_NAGPUR_01,0,,
56.43834232487431,1,0.7624925112942197,1.0,0,TC_NASHIK_02,0,,
49.39521230824815,1,0.8086400123757286,1.0,0,TC_NAGPUR_01,0,,
26.86968733954577,1,0.9529163790968391,1.0,0,TC_MUMBAI_01,0,,
0.29192721509343406,23,,,1,TC_NAGPUR_01,1,0.31081304124829534,0.0
29.56612991191067,1,0.8395864831288998,1.0,0,TC_NAGPUR_01,0,,
23.064046383232114,1,0.7972014983569473,1.0,0,TC_NAGPUR_01,0,,
49.328395692816514,1,0.9338142334854583,1.0,0,TC_NASHIK_02,0,,
33.63853920952947,1,0.8367019777503129,0.0,0,TC_PUNE_03,0,,
36.977286966531594,1,0.7857409772042343,1.0,0,TC_NAGPUR_01,0,,
17.321456825641693,1,0.8236786689060912,1.0,0,TC_PUNE_03,0,,
37.99264227927617,2,0.8414888562480893,1.0,0,TC_NAGPUR_01,0,,
31.24111969373242,1,0.9542329783968052,1.0,0,TC_MUMBAI_01,0,,
112.47081626508879,1,0.9557753934813107,1.0,0,TC_NASHIK_02,0,,
25.22718525515648,1,0.8642797897341173,1.0,0,TC_PUNE_03,0,,
53.91322908687154,1,0.8772750512542484,1.0,0,TC_NASHIK_02,0,,
46.96902385042135,1,0.8474796833409813,1.0,0,TC_NASHIK_02,0,,
24.5948251234068,2,0.8881727474111408,1.0,0,TC_PUNE_03,0,,
32.41701398165844,1,0.6151050896184224,1.0,0,TC_NAGPUR_01,0,,
18.670705181479217,1,0.6963233900576629,1.0,0,TC_MUMBAI_01,0,,
29.14952226009263,1,0.735163347599273,1.0,0,TC_PUNE_03,0,,
58.090362355369535,1,0.8906239011255966,1.0,0,TC_PUNE_03,0,,
68.21363471771242,1,0.9397969409562643,1.0,0,TC_PUNE_03,0,,
26.651581808104726,1,0.9129853060640938,1.0,0,TC_PUNE_03,0,,
29.713441958115325,1,0.8210606474595501,1.0,0,TC_MUMBAI_01,0,,
26.863169388830244,1,0.7915607547563396,1.0,0,TC_MUMBAI_01,0,,
39.52702583845659,1,0.8325895193109818,1.0,0,TC_MUMBAI_01,0,,
51.25996243794829,1,0.6634498958809044,1.0,0,TC_MUMBAI_01,0,,
38.969383192814995,1,0.8776028593194451,1.0,0,TC_NAGPUR_01,0,,
32.20349685126982,2,0.9447035646559179,1.0,0,TC_MUMBAI_01,0,,
20.121717422544467,1,0.7829676127803747,1.0,0,TC_MUMBAI_01,0,,
2.1277119207823794,21,,,1,TC_RURAL_MALPRACTICE_09,1,0.4152232431520243,0.0
1.8384869754479292,18,,,0,TC_NAGPUR_01,1,0.19939531173629713,0.0
47.698646083422275,1,0.8908588039528756,1.0,0,TC_NAGPUR_01,0,,
36.02777706283547,1,0.8682795226003269,1.0,0,TC_PUNE_03,0,,
31.611087870316506,1,0.9674437513789034,1.0,0,TC_NAGPUR_01,0,,
30.929799801794,1,0.9207308257043021,1.0,0,TC_NAGPUR_01,0,,
1.757693843889919,20,,,1,TC_NAGPUR_01,1,0.47109942714918607,0.0
31.25821003700824,1,0.7874303579693226,1.0,0,TC_MUMBAI_01,0,,
41.12131647021843,1,0.892486326906686,1.0,0,TC_NASHIK_02,0,,
18.99447812336247,1,0.7915415416127805,1.0,0,TC_NASHIK_02,0,,
23.441324087824835,1,0.8812659236646271,1.0,0,TC_MUMBAI_01,0,,
33.69918791221177,1,0.9808545441300622,1.0,0,TC_NASHIK_02,0,,
0.6510647499387185,13,,,1,TC_RURAL_MALPRACTICE_09,1,0.3534227511923306,0.0
27.839309845724145,1,0.8456986556402611,1.0,0,TC_PUNE_03,0,,
49.537420154849194,1,0.9211782993201061,1.0,0,TC_PUNE_03,0,,
24.536824530218773,1,0.9925958200438636,1.0,0,TC_NAGPUR_01,0,,
28.60423817078956,1,0.9317800896546485,1.0,0,TC_PUNE_03,0,,
42.2289316994394,2,0.9673933374869611,1.0,0,TC_NASHIK_02,0,,
20.862675585477763,2,0.9637994728650044,1.0,0,TC_PUNE_03,0,,
45.51282563022902,1,0.6748867081773252,1.0,0,TC_NAGPUR_01,0,,
67.65673530841158,1,0.7634840492171332,1.0,0,TC_NASHIK_02,0,,
71.38960816805778,1,0.9675226579317237,1.0,0,TC_PUNE_03,0,,
75.92724517593483,1,0.7822202028155175,1.0,0,TC_PUNE_03,0,,
52.80569519896546,1,0.6565766479787658,1.0,1,TC_PUNE_03,0,,
33.291329148418924,1,0.7951677091024099,1.0,0,TC_NAGPUR_01,0,,
37.794412920640085,1,0.8608994215067605,1.0,0,TC_MUMBAI_01,0,,
0.3452318516641193,16,,,0,TC_NAGPUR_01,1,0.4749748702843215,0.0
61.09000464052134,1,0.7163816528782134,1.0,0,TC_NAGPUR_01,0,,
35.21223779374516,1,0.9435507325975775,1.0,0,TC_NAGPUR_01,0,,
30.72922914618234,2,0.9596130051171,0.0,0,TC_PUNE_03,0,,
33.31231135838257,1,0.891759591821297,1.0,0,TC_PUNE_03,0,,
31.991276721907333,1,0.8835753559215236,1.0,0,TC_MUMBAI_01,0,,
1.9306102532570457,16,,,1,TC_RURAL_MALPRACTICE_09,1,0.15924346962413993,0.0
31.638416391834532,2,0.9937226923886483,1.0,0,TC_MUMBAI_01,0,,
46.906098353553055,1,0.6039773291588046,1.0,0,TC_NASHIK_02,0,,
0.6835910245227567,22,,,0,TC_NAGPUR_01,1,0.5029156083560973,0.0
42.20261095341209,1,0.8136276289246496,1.0,0,TC_PUNE_03,0,,
42.20186234397246,1,0.9812221379365625,1.0,0,TC_NAGPUR_01,0,,
49.87518270378387,1,0.9036180029779582,1.0,0,TC_NASHIK_02,0,,
76.15084406351983,1,0.7740671613878521,1.0,0,TC_NAGPUR_01,0,,
32.39784227407046,1,0.7126290121597911,1.0,0,TC_MUMBAI_01,0,,
42.68385333641808,1,0.9550974762911185,1.0,0,TC_NAGPUR_01,0,,
27.8524594546262,1,0.6270303633506622,1.0,0,TC_MUMBAI_01,0,,
45.02615711874029,1,0.8580946506047984,1.0,0,TC_MUMBAI_01,0,,
22.415648823350676,1,0.7128391885349976,1.0,0,TC_NAGPUR_01,0,,
45.25156616134478,1,0.7789610180241855,1.0,0,TC_NASHIK_02,0,,
28.44006682883107,1,0.72399860734902,1.0,0,TC_PUNE_03,0,,
24.651707348002905,1,0.8020265062779153,1.0,0,TC_PUNE_03,0,,
46.479017404980375,1,0.8938785996157608,1.0,0,TC_MUMBAI_01,0,,
44.12339516191553,1,0.9745654195703337,1.0,0,TC_MUMBAI_01,0,,
38.394844662700756,1,0.8269393593339784,1.0,0,TC_NASHIK_02,0,,
41.031983942840824,1,0.933069949639911,1.0,0,TC_PUNE_03,0,,
79.15148120555733,1,0.7265954679445786,1.0,0,TC_MUMBAI_01,0,,
35.87196892442117,1,0.9568716788601045,1.0,0,TC_NAGPUR_01,0,,
88.359826798222,1,0.8836185772928781,1.0,1,TC_NASHIK_02,0,,
29.24595671054073,1,0.8995988437736957,1.0,0,TC_PUNE_03,0,,
28.73754022607406,1,0.9682494095522,1.0,0,TC_MUMBAI_01,0,,
22.82168171596735,1,0.7307741896812919,1.0,0,TC_PUNE_03,0,,
21.147136556539724,1,0.8783880528292848,1.0,0,TC_NAGPUR_01,0,,
26.396480370687172,1,0.7064533307582228,1.0,0,TC_NASHIK_02,0,,
36.435655628333755,1,0.8578914232200985,1.0,0,TC_NAGPUR_01,0,,
21.387260028794124,1,0.7740105231375208,1.0,0,TC_MUMBAI_01,0,,
34.13269481716568,1,0.9207365326782931,1.0,0,TC_PUNE_03,0,,
80.37554247045878,1,0.8264396589667458,1.0,0,TC_NASHIK_02,0,,
1.5292836956532891,12,,,1,TC_NAGPUR_01,1,0.38899773758208334,0.0
28.694233788641114,1,0.9750946399156671,1.0,0,TC_PUNE_03,0,,
35.84588168079662,1,0.8737312243375427,1.0,0,TC_MUMBAI_01,0,,
47.749468828589904,1,0.9696419351186439,1.0,0,TC_NAGPUR_01,0,,
45.05689412819344,1,0.8043269638314525,1.0,0,TC_NAGPUR_01,0,,
21.765675253594523,1,0.9259960781260681,1.0,0,TC_MUMBAI_01,0,,
1.4990553652736058,17,,,1,TC_RURAL_MALPRACTICE_09,1,0.4866227017408996,0.0
1.7006872468027567,17,,,1,TC_RURAL_MALPRACTICE_09,1,0.5459826712644589,0.0
1.2559018012063947,18,,,1,TC_RURAL_MALPRACTICE_09,1,0.17648081277921154,0.0
42.63418352394918,1,0.8705494394519936,1.0,0,TC_MUMBAI_01,0,,
22.850394898365035,1,0.9879180695145301,1.0,0,TC_NASHIK_02,0,,
22.954044970663734,1,0.9659658611971296,1.0,1,TC_NASHIK_02,0,,
42.91485458190246,1,0.9311838241449558,1.0,0,TC_NAGPUR_01,0,,
36.45585063027008,1,0.6806689419408658,1.0,0,TC_NASHIK_02,0,,
33.02377549118507,1,0.8542367443982848,1.0,0,TC_NAGPUR_01,0,,
50.485586166554874,1,0.989677049590252,1.0,0,TC_NASHIK_02,0,,
20.45805339092878,1,0.8908643039983737,1.0,0,TC_NASHIK_02,0,,
1.1173122770101964,22,,,0,TC_RURAL_MALPRACTICE_09,1,0.34371534232535345,0.0
28.818563416636156,1,0.7085046452622386,1.0,0,TC_MUMBAI_01,0,,
19.58543588287459,1,0.9730605648445442,1.0,0,TC_NASHIK_02,0,,
32.73741965261982,1,0.7333028061981692,1.0,0,TC_NAGPUR_01,0,,
41.989445020705546,1,0.8213148997255394,1.0,0,TC_NASHIK_02,0,,
38.775350669801234,2,0.9927365777593848,1.0,0,TC_NAGPUR_01,0,,
38.228981514886755,1,0.7063206635543909,1.0,0,TC_NASHIK_02,0,,
36.15616270921021,1,0.8416965711128512,1.0,0,TC_NASHIK_02,0,,
1.3817262375543256,12,,,1,TC_NAGPUR_01,1,0.4126679847040734,0.0
51.77621803292012,1,0.6983716088998579,1.0,0,TC_NASHIK_02,0,,
40.380522757097985,1,0.6817573649391188,1.0,0,TC_NASHIK_02,0,,
17.72053374701303,1,0.8953015767031917,1.0,0,TC_MUMBAI_01,0,,
46.834680249061186,1,0.6573075850960242,1.0,0,TC_NASHIK_02,0,,
0.8520180017198333,9,,,0,TC_NAGPUR_01,1,0.46650903025840473,0.0
38.4628684655756,2,0.9340599602652743,1.0,0,TC_PUNE_03,0,,
35.824184406160484,1,0.8422684793049763,1.0,0,TC_MUMBAI_01,0,,
52.325011273968094,1,0.6595877936451091,1.0,0,TC_PUNE_03,0,,
35.39788157371383,1,0.9096742970986328,1.0,0,TC_PUNE_03,0,,
46.0571418938824,1,0.7699228415562155,1.0,0,TC_PUNE_03,0,,
25.961017509318197,1,0.8601703195406554,1.0,0,TC_MUMBAI_01,0,,
1.368454030647691,14,,,1,TC_NAGPUR_01,1,0.3577667057130743,0.0
24.98320338044384,1,0.871928849121653,1.0,0,TC_NASHIK_02,0,,
49.427338777614466,2,0.8117024744032868,1.0,0,TC_NAGPUR_01,0,,
35.9352620916701,1,0.6540637440401342,1.0,0,TC_NASHIK_02,0,,
31.93841522754721,1,0.9472444331080434,1.0,0,TC_NAGPUR_01,0,,
24.591823731129516,1,0.593377398977323,1.0,0,TC_NASHIK_02,0,,
45.27274156198881,1,0.9048960787492764,1.0,0,TC_PUNE_03,0,,
72.97055595481807,1,0.7371784172851328,1.0,0,TC_NASHIK_02,0,,
37.82137193259815,1,0.7402390053188249,1.0,0,TC_NAGPUR_01,0,,
27.72784715884045,1,0.8289783280873936,1.0,0,TC_MUMBAI_01,0,,
0.46921562951826873,13,,,1,TC_RURAL_MALPRACTICE_09,1,0.23489116696826823,0.0
58.18107808990564,1,0.7375015448842278,1.0,0,TC_PUNE_03,0,,
37.61729820122382,2,0.5330046662275503,1.0,0,TC_NAGPUR_01,0,,
33.65923630179749,2,0.8107005913371503,1.0,0,TC_NASHIK_02,0,,
32.91818649105743,2,0.8208426554733246,1.0,0,TC_NASHIK_02,0,,
23.027264080968934,1,0.8620672518405866,1.0,0,TC_MUMBAI_01,0,,
36.50939291420596,1,0.9353637358989746,1.0,0,TC_PUNE_03,0,,
43.581549921484786,1,0.8907324017297014,1.0,0,TC_MUMBAI_01,0,,
21.257672747198676,1,0.9881896204033586,1.0,0,TC_PUNE_03,0,,
26.56135926422639,1,0.818910265751985,1.0,0,TC_NAGPUR_01,0,,
120.24640077639717,1,0.9753951146973872,1.0,0,TC_PUNE_03,0,,
47.988350112310904,1,0.7472515770348095,1.0,0,TC_PUNE_03,0,,
16.922549774740812,1,0.9293699044128114,1.0,0,TC_NAGPUR_01,0,,
47.847594558343374,1,0.7461348463204122,1.0,0,TC_NASHIK_02,0,,
21.824182304530144,2,0.9506019100865587,1.0,0,TC_PUNE_03,0,,
52.84413818297978,1,0.9412073996460528,1.0,0,TC_NASHIK_02,0,,
22.662292513720583,1,0.8660106182814189,1.0,0,TC_PUNE_03,0,,
39.93828964242832,1,0.8481745296555686,1.0,0,TC_NAGPUR_01,0,,
35.1453382122248,1,0.894482697905902,1.0,0,TC_NAGPUR_01,0,,
61.845720043038355,1,0.5818066262182481,1.0,0,TC_MUMBAI_01,0,,
55.856245395530806,1,0.8968938974036729,1.0,0,TC_NASHIK_02,0,,
29.329083314281046,1,0.7367873864652138,1.0,0,TC_PUNE_03,0,,
41.50364365149595,1,0.4206563133465975,1.0,0,TC_MUMBAI_01,0,,
24.6654265130352,1,0.9683255417041938,1.0,0,TC_NAGPUR_01,0,,
47.87091707827032,1,0.8175010692217349,1.0,0,TC_NAGPUR_01,0,,
49.84305558086967,1,0.8264615193708009,1.0,0,TC_PUNE_03,0,,
29.48482459540032,1,0.9363767876176857,1.0,0,TC_PUNE_03,0,,
48.049917332807354,1,0.7126992147681392,1.0,0,TC_MUMBAI_01,0,,
37.57239394350624,1,0.614871752464339,1.0,0,TC_MUMBAI_01,0,,
0.6116020102287989,23,,,1,TC_RURAL_MALPRACTICE_09,1,0.5724458322504125,0.0
40.09383585503551,1,0.9056984043805714,1.0,0,TC_NAGPUR_01,0,,
73.89499310332668,1,0.7499418089672408,1.0,0,TC_PUNE_03,0,,
45.27576102055778,1,0.7817200766748689,1.0,1,TC_MUMBAI_01,0,,
29.725951184208856,1,0.9617618100487922,1.0,0,TC_MUMBAI_01,0,,
2.3672447212446266,8,,,0,TC_NAGPUR_01,1,0.28790983618186883,0.0
42.44835108135932,1,0.9618440915240408,1.0,0,TC_PUNE_03,0,,
26.237524950161344,1,0.7792611352093911,1.0,0,TC_NAGPUR_01,0,,
47.08289370190717,1,0.5326014402344856,1.0,0,TC_MUMBAI_01,0,,
25.173243955303516,1,0.9820680087790138,1.0,0,TC_PUNE_03,0,,
38.396032287551634,1,0.8056870212988648,1.0,0,TC_NAGPUR_01,0,,
26.6913947894699,1,0.862962380067536,1.0,0,TC_MUMBAI_01,0,,
28.730890051916916,1,0.9423456265512241,0.0,0,TC_MUMBAI_01,0,,
44.75363516701584,1,0.7888621822694635,1.0,0,TC_PUNE_03,0,,
0.8395146187671176,20,,,1,TC_RURAL_MALPRACTICE_09,1,0.15986496834159758,0.0
36.26615454465626,1,0.8261838958085419,1.0,0,TC_NASHIK_02,0,,
30.599685520971562,1,0.8048821444368145,1.0,0,TC_PUNE_03,0,,
27.99675408287821,1,0.8052390034344081,1.0,0,TC_MUMBAI_01,0,,
49.871639355690704,1,0.9565515603101141,1.0,0,TC_MUMBAI_01,0,,
35.799865734876136,2,0.9694775929211207,1.0,0,TC_NAGPUR_01,0,,
45.54393582877601,1,0.9900319636831246,1.0,0,TC_NASHIK_02,0,,
33.18454146906108,1,0.8529539530107008,1.0,0,TC_PUNE_03,0,,
35.74527762642181,1,0.9166761954727032,1.0,0,TC_MUMBAI_01,0,,
31.08695645718569,2,0.8839078578416903,1.0,0,TC_NASHIK_02,0,,
45.58871244234874,1,0.7207269963762413,1.0,0,TC_NAGPUR_01,0,,
43.75761047063521,1,0.8774146467514772,1.0,0,TC_PUNE_03,0,,
1.6596769714046513,11,,,1,TC_RURAL_MALPRACTICE_09,1,0.2248102466633951,0.0
45.05174619789245,1,0.8510466085103509,1.0,0,TC_NASHIK_02,0,,
39.134951269156154,1,0.9305275654314366,1.0,0,TC_NASHIK_02,0,,
40.658524333945124,1,0.8878457129541029,1.0,1,TC_NASHIK_02,0,,
64.10997500362122,1,0.91938378499425,1.0,0,TC_NASHIK_02,0,,
35.003385651791646,1,0.8201188503401783,1.0,0,TC_PUNE_03,0,,
39.13769355215621,1,0.7180104179312945,1.0,0,TC_NASHIK_02,0,,
33.461949862901136,1,0.8707424067429089,1.0,0,TC_NAGPUR_01,0,,
46.32335400513648,1,0.8342166665692732,1.0,0,TC_MUMBAI_01,0,,
53.4722399921763,1,0.852373995549589,1.0,0,TC_NAGPUR_01,0,,
41.686612031531,1,0.8022337282664954,1.0,0,TC_NAGPUR_01,0,,
30.227397579188455,1,0.6444488992062485,1.0,0,TC_NASHIK_02,0,,
41.80751018410328,1,0.836107445811422,1.0,0,TC_NAGPUR_01,0,,
71.0147802346668,1,0.7751439304384,1.0,0,TC_NAGPUR_01,0,,
35.903804677368676,1,0.8805535852488923,1.0,0,TC_NASHIK_02,0,,
35.688980912598396,1,0.779559312202138,1.0,0,TC_PUNE_03,0,,
30.762151985745202,1,0.9169300800614671,1.0,0,TC_NAGPUR_01,0,,
39.801840520355576,1,0.6136176864231524,1.0,0,TC_NAGPUR_01,0,,
59.591826190513494,1,0.6051426044759604,1.0,0,TC_MUMBAI_01,0,,
42.878636384634916,1,0.8382577281987923,1.0,0,TC_MUMBAI_01,0,,
57.19182205205975,1,0.8095430404247511,1.0,0,TC_PUNE_03,0,,
24.05981436627098,1,0.6223572120560166,1.0,0,TC_NASHIK_02,0,,
47.211353437231466,1,0.780794389822517,1.0,0,TC_PUNE_03,0,,
64.64844807354113,1,0.6483785869955883,1.0,0,TC_NAGPUR_01,0,,
39.91787435952416,1,0.914896441019957,1.0,0,TC_MUMBAI_01,0,,
1.8714771077816423,9,,,1,TC_RURAL_MALPRACTICE_09,1,0.1568462698034001,0.0
1.4599349293303987,9,,,0,TC_RURAL_MALPRACTICE_09,1,0.21882366589408436,0.0
58.51872445970148,1,0.8834235086012937,1.0,0,TC_NAGPUR_01,0,,
56.445818355835584,1,0.8385057464079477,1.0,0,TC_PUNE_03,0,,
25.57616436809522,2,0.682373473076567,1.0,0,TC_MUMBAI_01,0,,
41.49597165282795,1,0.6411407049827464,1.0,0,TC_PUNE_03,0,,
1.6044286474533682,19,,,1,TC_RURAL_MALPRACTICE_09,1,0.5672860904002432,0.0
57.58351501049612,2,0.9059444134907725,1.0,0,TC_PUNE_03,0,,
33.61522602676153,1,0.9750190693521384,1.0,0,TC_NAGPUR_01,0,,
65.35862877846759,1,0.9171152218410542,1.0,0,TC_NASHIK_02,0,,
45.491736772884245,1,0.84759401442262,1.0,0,TC_MUMBAI_01,0,,
22.147296131599102,1,0.6929036303958636,1.0,0,TC_NAGPUR_01,0,,
27.128200475913495,1,0.8667566690215324,1.0,0,TC_NAGPUR_01,0,,
55.12074831676493,1,0.8726969452362899,1.0,0,TC_NASHIK_02,0,,
30.705563351980274,1,0.9646473900396743,1.0,0,TC_NASHIK_02,0,,
19.953904467901168,1,0.8292592718771425,1.0,0,TC_NASHIK_02,0,,
30.783353873648185,1,0.7908044666969748,1.0,0,TC_NASHIK_02,0,,
25.788080031698026,1,0.8445815555625793,1.0,0,TC_MUMBAI_01,0,,
20.0923136551152,1,0.914931100910155,1.0,0,TC_MUMBAI_01,0,,
37.207105164865816,1,0.7627513672781466,1.0,1,TC_NASHIK_02,0,,
36.614035111039506,1,0.7542339550649575,1.0,0,TC_PUNE_03,0,,
28.469655575088808,1,0.9381455297126439,1.0,0,TC_MUMBAI_01,0,,
40.277158627616345,1,0.7417677666278769,1.0,0,TC_NAGPUR_01,0,,
20.64155276973966,1,0.9612733237567282,1.0,0,TC_PUNE_03,0,,
34.26277905915364,2,0.8809290656466129,1.0,0,TC_NAGPUR_01,0,,
31.79938472046015,1,0.8457157675430875,1.0,0,TC_PUNE_03,0,,
26.60400753196971,1,0.5048038152819431,1.0,0,TC_PUNE_03,0,,
65.61012583471813,1,0.8818133299106575,1.0,0,TC_PUNE_03,0,,
41.2702682901101,1,0.6987855381157402,1.0,0,TC_NAGPUR_01,0,,
44.430099362939636,1,0.9044976560904566,1.0,0,TC_MUMBAI_01,0,,
31.09478490729665,1,0.8842594597333855,1.0,0,TC_NASHIK_02,0,,
35.82612935445989,1,0.7926117423974214,1.0,0,TC_NASHIK_02,0,,
17.557321675332485,1,0.8190794682210927,1.0,0,TC_NASHIK_02,0,,
33.720477389692874,1,0.9003719115023787,1.0,0,TC_NASHIK_02,0,,
34.19411736385403,1,0.9688140665604781,1.0,0,TC_MUMBAI_01,0,,
34.10130598822356,1,0.9275941974856143,1.0,0,TC_NASHIK_02,0,,
66.0870766859351,1,0.6392231883471767,1.0,0,TC_PUNE_03,0,,
42.29617925771105,1,0.9230782105291091,1.0,0,TC_MUMBAI_01,0,,
1.560766309732701,17,,,1,TC_RURAL_MALPRACTICE_09,1,0.5442881817065972,0.0
29.365617454553146,1,0.846640422039836,1.0,0,TC_NAGPUR_01,0,,
38.91892275802762,1,0.9302868645217456,1.0,0,TC_MUMBAI_01,0,,
42.292560982510764,1,0.7238374682065559,1.0,1,TC_PUNE_03,0,,
41.12990572755708,2,0.8167600880326061,1.0,0,TC_NASHIK_02,0,,
37.97181630476312,1,0.9115491640655883,1.0,0,TC_PUNE_03,0,,
2.170942254067563,20,,,0,TC_RURAL_MALPRACTICE_09,1,0.20303656183698762,1.0
37.859212849304015,1,0.6161446146477515,1.0,0,TC_PUNE_03,0,,
39.8565743322433,1,0.8397351794253284,1.0,0,TC_NASHIK_02,0,,
38.209144124988285,1,0.847453686462423,1.0,0,TC_NAGPUR_01,0,,
27.9135986716059,1,0.9385404118707453,1.0,0,TC_NASHIK_02,0,,
29.49589455331665,1,0.8355843895435633,1.0,0,TC_MUMBAI_01,0,,
62.816401775954816,1,0.7798690824194264,1.0,1,TC_NASHIK_02,0,,
36.541400883735975,2,0.8584569630124761,1.0,1,TC_NASHIK_02,0,,
40.789088354536936,1,0.9099184293958176,1.0,0,TC_NAGPUR_01,0,,
32.799462330237944,1,0.8326676848648321,1.0,0,TC_NAGPUR_01,0,,
123.77643481838192,1,0.8444207331424476,1.0,0,TC_MUMBAI_01,0,,
99.47329825382063,1,0.7839396784001087,1.0,0,TC_MUMBAI_01,0,,
33.10064716642454,1,0.6845482464938606,1.0,0,TC_MUMBAI_01,0,,
53.0046689772941,1,0.7871267402510851,1.0,0,TC_NAGPUR_01,0,,
71.91667533366649,1,0.9403458599452416,1.0,0,TC_NAGPUR_01,0,,
45.33399183995401,1,0.8321545976122063,1.0,0,TC_NAGPUR_01,0,,
24.7801112988131,1,0.9556958798650428,1.0,0,TC_MUMBAI_01,0,,
30.51738184562763,1,0.6154887419206366,1.0,0,TC_NAGPUR_01,0,,
36.063223272571456,1,0.7693151794693606,1.0,0,TC_NAGPUR_01,0,,
54.551150324469575,1,0.921388263025877,1.0,0,TC_MUMBAI_01,0,,
51.29832061493241,1,0.9228375959132751,1.0,0,TC_PUNE_03,0,,
27.777232910076155,1,0.8093569256632387,1.0,0,TC_NAGPUR_01,0,,
30.35277464279859,1,0.8731392547979042,1.0,0,TC_NAGPUR_01,0,,
56.48482112663162,1,0.7738734468790363,1.0,0,TC_MUMBAI_01,0,,
28.690995223813534,1,0.9809555319527415,1.0,0,TC_NASHIK_02,0,,
27.953957455168457,1,0.9702227111720906,1.0,0,TC_NASHIK_02,0,,
25.68752094074227,1,0.9859872284068885,1.0,0,TC_PUNE_03,0,,
69.42444442174462,1,0.9294480466795401,1.0,0,TC_NASHIK_02,0,,
42.484528859085785,1,0.8538432434077196,1.0,0,TC_NASHIK_02,0,,
32.29861761827999,1,0.698246450120866,1.0,0,TC_NASHIK_02,0,,
28.750888811810576,1,0.9310166995763117,1.0,0,TC_MUMBAI_01,0,,
47.7913998582984,1,0.7408155982424038,1.0,0,TC_PUNE_03,0,,
38.5352332485773,1,0.6867383859159084,1.0,0,TC_NAGPUR_01,0,,
55.55822651218502,1,0.7404170073519659,1.0,0,TC_MUMBAI_01,0,,
35.32561663803432,1,0.8353219264658642,1.0,0,TC_NASHIK_02,0,,
24.518791835485978,2,0.785276101107334,1.0,0,TC_NASHIK_02,0,,
29.0839412139949,1,0.950963066146759,1.0,0,TC_NAGPUR_01,0,,
36.963106447828785,1,0.776421503076699,1.0,0,TC_NAGPUR_01,0,,
29.66014198782392,1,0.6409399915487181,1.0,0,TC_NAGPUR_01,0,,
36.44960281421956,1,0.8113514076534247,1.0,1,TC_NAGPUR_01,0,,
54.526957816482096,1,0.9527157788934941,1.0,0,TC_MUMBAI_01,0,,
1.3215343685328065,17,,,1,TC_RURAL_MALPRACTICE_09,1,0.5275393026431059,0.0
23.98997541013876,1,0.7531215257914904,1.0,1,TC_NASHIK_02,0,,
53.93125176486661,1,0.8076588611448832,1.0,0,TC_PUNE_03,0,,
46.060720592454125,1,0.9908363556169568,1.0,0,TC_MUMBAI_01,0,,
20.430113411441923,1,0.6364120206008136,1.0,0,TC_NAGPUR_01,0,,
35.47032493665745,1,0.9594491492377353,1.0,0,TC_NAGPUR_01,0,,
56.618489749531335,1,0.8554655551796009,1.0,0,TC_PUNE_03,0,,
24.298545779420976,1,0.964176658070219,1.0,0,TC_MUMBAI_01,0,,
24.182363358928892,1,0.5377009768425394,1.0,0,TC_PUNE_03,0,,
53.154879235192276,2,0.8171185435835279,1.0,0,TC_NASHIK_02,0,,
1.670512299455669,21,,,1,TC_RURAL_MALPRACTICE_09,1,0.1803238302707047,0.0
55.01046253556766,2,0.6171550660175029,1.0,0,TC_MUMBAI_01,0,,
41.45513540579055,1,0.929909127826624,1.0,0,TC_NASHIK_02,0,,
44.265154179237,1,0.8111179612864798,1.0,0,TC_NAGPUR_01,0,,
20.411253816310868,1,0.9261218179827084,1.0,0,TC_MUMBAI_01,0,,
32.34398482457884,1,0.9659313394301757,1.0,0,TC_MUMBAI_01,0,,
20.19646766437417,1,0.7588603737381022,1.0,0,TC_NASHIK_02,0,,
62.06913561216128,1,0.9239329660497856,1.0,0,TC_PUNE_03,0,,
2.019660068971746,10,,,1,TC_RURAL_MALPRACTICE_09,1,0.27034365775378116,1.0
22.298970447428438,2,0.8380482221057457,1.0,0,TC_NAGPUR_01,0,,
43.76020803114244,1,0.9529819023783092,1.0,0,TC_MUMBAI_01,0,,
24.859032640220498,1,0.7570315931005817,1.0,0,TC_NAGPUR_01,0,,
38.87441365453499,1,0.8477846415920781,1.0,0,TC_NAGPUR_01,0,,
45.71749197494019,1,0.643858301140451,1.0,0,TC_NASHIK_02,0,,
49.08842334060147,1,0.7646432424275715,1.0,0,TC_NAGPUR_01,0,,
32.6419959740623,1,0.9638703508400973,1.0,0,TC_MUMBAI_01,0,,
30.875326125550558,1,0.8823446890721516,1.0,0,TC_NAGPUR_01,0,,
39.747869218749756,1,0.860347944645624,1.0,0,TC_PUNE_03,0,,
46.305513166280214,1,0.9607845124528359,1.0,0,TC_NASHIK_02,0,,
2.1657134559494344,11,,,1,TC_NAGPUR_01,1,0.44432667198670794,0.0
0.4131606906836371,15,,,0,TC_RURAL_MALPRACTICE_09,1,0.5783311240800175,0.0
1.932972506612031,11,,,0,TC_RURAL_MALPRACTICE_09,1,0.49126172673107793,1.0
45.22950403026944,1,0.8198472301845395,1.0,0,TC_NAGPUR_01,0,,
37.77868221436086,2,0.7849181649374859,1.0,0,TC_PUNE_03,0,,
38.58993369303582,1,0.7450282146336746,1.0,0,TC_PUNE_03,0,,
27.057407118045713,1,0.8489721650436559,1.0,0,TC_PUNE_03,0,,
24.789165135926982,1,0.7628542930212234,1.0,0,TC_MUMBAI_01,0,,
35.09705000074567,1,0.9724712428140732,1.0,0,TC_NAGPUR_01,0,,
24.843534586124214,1,0.956317188415258,1.0,0,TC_PUNE_03,0,,
55.630207581776816,1,0.8721535783499543,1.0,0,TC_PUNE_03,0,,
47.15942626327001,1,0.8766760762571569,1.0,0,TC_NASHIK_02,0,,
54.831593655451485,1,0.8042422349920667,1.0,0,TC_MUMBAI_01,0,,
34.8901232279364,1,0.8809609270390066,1.0,0,TC_NASHIK_02,0,,
41.38824646707872,1,0.7056203525603312,1.0,0,TC_NASHIK_02,0,,
24.745978712832954,1,0.8656319066621919,1.0,0,TC_NASHIK_02,0,,
35.95304289338884,1,0.8810528888284694,1.0,0,TC_NAGPUR_01,0,,
46.21051438353837,1,0.8351109462848486,1.0,0,TC_NASHIK_02,0,,
22.239341112788164,1,0.8665652180560628,1.0,0,TC_NAGPUR_01,0,,
35.6343240576921,1,0.7672124859127721,1.0,0,TC_PUNE_03,0,,
19.442936327805768,2,0.8507010195126101,1.0,0,TC_NAGPUR_01,0,,
64.2291388360616,1,0.9948466599168269,1.0,0,TC_NASHIK_02,0,,
56.55680294828454,1,0.8590868606659972,1.0,0,TC_NASHIK_02,0,,
29.83710420331197,1,0.8987176971769116,1.0,0,TC_PUNE_03,0,,
17.789535993099374,1,0.9728217758780711,1.0,0,TC_MUMBAI_01,0,,
43.35615173928661,1,0.8898631559420582,1.0,0,TC_MUMBAI_01,0,,
39.21949550051197,1,0.8448019631292346,1.0,0,TC_PUNE_03,0,,
79.76496658281208,1,0.5770951190536928,1.0,0,TC_NAGPUR_01,0,,
38.92100360325325,1,0.94735270079509,1.0,0,TC_NAGPUR_01,0,,
47.50611410259488,1,0.9290156238155018,1.0,0,TC_NASHIK_02,0,,
28.3987571393353,1,0.8875738916515901,1.0,1,TC_NASHIK_02,0,,
38.414380363391295,1,0.7231431894954736,1.0,0,TC_PUNE_03,0,,
44.76271691932156,1,0.8692834003130958,1.0,0,TC_NASHIK_02,0,,
59.99180613890048,1,0.9335409104350049,1.0,0,TC_MUMBAI_01,0,,
44.04759160066086,1,0.7009849661100656,1.0,0,TC_NASHIK_02,0,,
50.02792652157463,1,0.7368063394053066,1.0,0,TC_NAGPUR_01,0,,
33.613758160481524,1,0.8383687598197493,1.0,0,TC_NASHIK_02,0,,
20.18298378453737,1,0.3700323381772352,1.0,0,TC_NASHIK_02,0,,
29.90607362825771,2,0.6274302339450606,1.0,0,TC_NAGPUR_01,0,,
32.247087417028794,1,0.9775848988903528,1.0,0,TC_MUMBAI_01,0,,
37.70469365406574,1,0.8923326370952096,1.0,0,TC_NAGPUR_01,0,,
46.232499568819286,1,0.7541674261660656,1.0,0,TC_MUMBAI_01,0,,
34.48525129795394,1,0.9258028200755094,1.0,0,TC_NAGPUR_01,0,,
45.46076084378165,1,0.9281247017307591,1.0,0,TC_MUMBAI_01,0,,
43.06657862407486,1,0.8681388890950068,1.0,0,TC_MUMBAI_01,0,,
30.683173450213744,1,0.6938807313911318,1.0,0,TC_PUNE_03,0,,
42.323915731336484,1,0.7647423079528416,1.0,0,TC_NAGPUR_01,0,,
0.27626551994975335,19,,,1,TC_RURAL_MALPRACTICE_09,1,0.4436471095642657,0.0
1.886293877955266,16,,,1,TC_RURAL_MALPRACTICE_09,1,0.4298221851184335,0.0
28.503209291778774,1,0.9078838646850468,1.0,0,TC_NASHIK_02,0,,
26.71415284363946,1,0.9536110096784168,1.0,0,TC_NASHIK_02,0,,
30.66081148421242,1,0.8508733660491381,1.0,0,TC_PUNE_03,0,,
39.34537130582719,1,0.6686139058340484,1.0,0,TC_PUNE_03,0,,
36.8311108045643,1,0.851002300496194,1.0,0,TC_PUNE_03,0,,
34.15133396673373,1,0.86864197286484,1.0,0,TC_NAGPUR_01,0,,
36.70234433754686,1,0.9278037253059415,1.0,0,TC_MUMBAI_01,0,,
30.79221156226268,1,0.9572645696544522,1.0,0,TC_NASHIK_02,0,,
34.217761292264704,1,0.8563382973853748,1.0,0,TC_NAGPUR_01,0,,
48.59623101684218,1,0.9249374480109116,1.0,0,TC_MUMBAI_01,0,,
22.668789155600635,2,0.8004613311069264,1.0,0,TC_PUNE_03,0,,
1.3894834459295917,17,,,1,TC_RURAL_MALPRACTICE_09,1,0.4318515754271617,0.0
45.53783342639951,1,0.9076923093868531,1.0,0,TC_MUMBAI_01,0,,
33.6968754672269,2,0.6372451970658228,1.0,0,TC_MUMBAI_01,0,,
40.46503609707341,1,0.8872500607864865,1.0,0,TC_NAGPUR_01,0,,
45.60436984596637,1,0.7405838423695918,1.0,0,TC_NAGPUR_01,0,,
31.836090080692053,1,0.7934231051819984,1.0,0,TC_MUMBAI_01,0,,
23.800681576169772,1,0.6676942724789168,1.0,0,TC_MUMBAI_01,0,,
34.456830432876686,1,0.953002330384542,1.0,0,TC_MUMBAI_01,0,,
35.12250471383129,1,0.8608591526936784,1.0,0,TC_NAGPUR_01,0,,
49.0621085973863,1,0.9919654509715384,1.0,0,TC_NAGPUR_01,0,,
34.75340453634274,1,0.6891395898577749,1.0,0,TC_MUMBAI_01,0,,
20.075485900653185,1,0.7583314436329621,1.0,0,TC_PUNE_03,0,,
55.8930923986193,2,0.9442379845592698,1.0,0,TC_NASHIK_02,0,,
31.522497083349123,1,0.8447687477065982,1.0,1,TC_NASHIK_02,0,,
33.89765694418692,1,0.9463170815066977,1.0,0,TC_PUNE_03,0,,
31.629839300433805,1,0.9412149476762247,1.0,0,TC_NAGPUR_01,0,,
30.600009122879726,1,0.8533507009719202,1.0,0,TC_PUNE_03,0,,
43.088789874656364,1,0.902182279953305,1.0,0,TC_MUMBAI_01,0,,
42.769445054736096,1,0.8795759347298755,1.0,0,TC_MUMBAI_01,0,,
17.66107795429137,1,0.9007969309768213,1.0,0,TC_NASHIK_02,0,,
35.651399113665285,1,0.9081918953904384,1.0,0,TC_PUNE_03,0,,
28.53354468208681,1,0.8904575421286858,1.0,0,TC_NAGPUR_01,0,,
28.95339495757416,1,0.8900024412853269,1.0,0,TC_NASHIK_02,0,,
39.744195798792724,1,0.8437015556803056,1.0,0,TC_NASHIK_02,0,,
22.559703008437708,1,0.8799015862777563,1.0,0,TC_MUMBAI_01,0,,
38.661934879386116,1,0.6625526576673237,1.0,0,TC_NAGPUR_01,0,,
29.95145691183151,2,0.9002306385959531,1.0,0,TC_NASHIK_02,0,,
1.4687345222367658,13,,,1,TC_RURAL_MALPRACTICE_09,1,0.35147737739529183,0.0
44.50877743160585,1,0.7938874651828445,1.0,0,TC_NASHIK_02,0,,
1.412515496431103,16,,,1,TC_RURAL_MALPRACTICE_09,1,0.2315885830702569,1.0
22.244029296689067,1,0.8294792516631592,1.0,0,TC_NAGPUR_01,0,,
26.82309738829887,1,0.9096845913601027,1.0,0,TC_MUMBAI_01,0,,
24.8425428006876,1,0.9716721219889464,1.0,0,TC_PUNE_03,0,,
29.870839290620903,1,0.8717063776333905,1.0,0,TC_NAGPUR_01,0,,
40.42381699943758,1,0.9356788904286584,1.0,0,TC_NAGPUR_01,0,,
45.951574741502284,1,0.9406673135568597,1.0,0,TC_PUNE_03,0,,
30.05096722196374,1,0.6478919976457814,1.0,0,TC_PUNE_03,0,,
24.809592572109036,2,0.9287854878260873,1.0,0,TC_NAGPUR_01,0,,
63.94633467839673,1,0.969780489108552,1.0,0,TC_PUNE_03,0,,
47.38533288336179,1,0.8696068570852251,1.0,0,TC_PUNE_03,0,,
28.58541579748515,1,0.8792737876978433,1.0,0,TC_NASHIK_02,0,,
35.59148583170141,1,0.5866478889310741,1.0,0,TC_NASHIK_02,0,,
49.802607260105454,1,0.9718838791436154,1.0,0,TC_NASHIK_02,0,,
29.214786403467354,1,0.9883657036016422,1.0,0,TC_NASHIK_02,0,,
34.945661188880116,1,0.9608515203665626,1.0,0,TC_NAGPUR_01,0,,
41.754824881348746,1,0.7418210537129706,1.0,1,TC_NASHIK_02,0,,
30.795390623554574,1,0.8544035888922498,1.0,0,TC_PUNE_03,0,,
51.60746868260465,1,0.8752129450747532,1.0,0,TC_MUMBAI_01,0,,
31.05586643333778,1,0.9380771304917901,1.0,0,TC_NASHIK_02,0,,
28.67247523468209,1,0.9278348750019475,1.0,0,TC_NAGPUR_01,0,,
30.583614760726004,1,0.756953845490409,1.0,0,TC_PUNE_03,0,,
51.158296844907674,1,0.7011155607709849,1.0,0,TC_NASHIK_02,0,,
67.12869068681871,1,0.6874351872651703,1.0,0,TC_MUMBAI_01,0,,
34.64444276476604,2,0.9790743536366208,1.0,0,TC_PUNE_03,0,,
44.94524743990928,1,0.6884193489043243,1.0,0,TC_NAGPUR_01,0,,
29.490607090824703,1,0.8400212201510757,1.0,0,TC_MUMBAI_01,0,,
40.81807246937963,1,0.9502596894169724,1.0,0,TC_NASHIK_02,0,,
53.66699863674984,2,0.9045136199622739,1.0,0,TC_NAGPUR_01,0,,
37.51935702571295,1,0.6840347184217942,1.0,0,TC_PUNE_03,0,,
1.5105404951253347,22,,,0,TC_RURAL_MALPRACTICE_09,1,0.319115729266222,0.0
22.833494532964536,1,0.985771330973734,1.0,0,TC_PUNE_03,0,,
48.28772119118304,1,0.9904475779684331,1.0,0,TC_PUNE_03,0,,
0.6270399520329761,18,,,1,TC_RURAL_MALPRACTICE_09,1,0.5659994895481254,1.0
52.13022886873943,1,0.8196985440357016,1.0,0,TC_NASHIK_02,0,,
62.37253784509078,1,0.9102853878621036,1.0,0,TC_MUMBAI_01,0,,
53.19780701418065,1,0.7464649981883553,1.0,0,TC_MUMBAI_01,0,,
36.65033645405968,1,0.8755927852561624,1.0,0,TC_PUNE_03,0,,
29.311177448445825,1,0.812882750323688,1.0,0,TC_NASHIK_02,0,,
29.828797939054045,1,0.9746793442149917,1.0,0,TC_NAGPUR_01,0,,
0.7723911478921643,17,,,1,TC_RURAL_MALPRACTICE_09,1,0.1700629739546724,0.0
56.3600732044757,1,0.872291166185703,1.0,0,TC_NASHIK_02,0,,
43.57255965230436,2,0.827392852296001,1.0,0,TC_MUMBAI_01,0,,
20.928775826456793,2,0.48953004888686,1.0,0,TC_NAGPUR_01,0,,
23.82298104757963,1,0.9645697488221316,1.0,0,TC_NASHIK_02,0,,
29.08536599637708,1,0.6216151194725392,1.0,0,TC_MUMBAI_01,0,,
58.37403556634083,1,0.9738773644301606,1.0,0,TC_NAGPUR_01,0,,
66.32431964988106,1,0.9306251255116801,1.0,0,TC_NAGPUR_01,0,,
35.647044069761854,1,0.9662132380008239,1.0,0,TC_NAGPUR_01,0,,
32.99218245514542,1,0.8260747602132492,1.0,1,TC_PUNE_03,0,,
23.74354144620543,1,0.6815619745629976,1.0,0,TC_NASHIK_02,0,,
48.128497820374264,1,0.8046924760850321,1.0,0,TC_NASHIK_02,0,,
45.12919806147153,1,0.8518217159975382,1.0,0,TC_MUMBAI_01,0,,
27.63774501949977,1,0.9636611319877721,1.0,0,TC_NASHIK_02,0,,
46.705073381210305,1,0.699362030685946,1.0,0,TC_MUMBAI_01,0,,
21.574989586499886,1,0.8202749838662268,1.0,0,TC_PUNE_03,0,,
32.44253588619132,1,0.8391628331126245,1.0,0,TC_MUMBAI_01,0,,
43.08650496213203,1,0.8807116472415991,1.0,0,TC_MUMBAI_01,0,,
31.783861972995084,1,0.7362384457411508,1.0,0,TC_PUNE_03,0,,
50.277533264173385,1,0.7265974187408454,1.0,0,TC_NAGPUR_01,0,,
46.216511987760136,1,0.8626551229572211,1.0,0,TC_NAGPUR_01,0,,
40.9077571314989,1,0.8737276893179358,1.0,0,TC_NAGPUR_01,0,,
41.63104696556149,1,0.9717971778389607,1.0,1,TC_PUNE_03,0,,
46.7564223949499,1,0.9402247602631567,1.0,0,TC_MUMBAI_01,0,,
35.27348998755406,1,0.9593858509597314,1.0,0,TC_NASHIK_02,0,,
37.9940439444809,1,0.894962193501063,1.0,0,TC_NASHIK_02,0,,
29.325371010361668,1,0.8820350751434465,1.0,0,TC_MUMBAI_01,0,,
35.601977525209314,1,0.9641621725186914,1.0,0,TC_MUMBAI_01,0,,
31.62699370351827,1,0.9415704562759218,1.0,0,TC_NASHIK_02,0,,
42.4573877756917,1,0.6143069108170217,1.0,0,TC_MUMBAI_01,0,,
77.73093319275107,1,0.743146362155946,1.0,0,TC_NAGPUR_01,0,,
39.59913327973001,1,0.9501105612851187,1.0,0,TC_NASHIK_02,0,,
30.358763388297497,1,0.8520387579102688,1.0,0,TC_NAGPUR_01,0,,
35.32981569013947,1,0.9112433780117664,1.0,0,TC_NAGPUR_01,0,,
48.3429688170691,1,0.9639536202673026,1.0,0,TC_NAGPUR_01,0,,
69.56087712806476,1,0.8786307796860136,1.0,0,TC_PUNE_03,0,,
45.58130351027577,1,0.9564888980096308,1.0,0,TC_PUNE_03,0,,
36.41894207197011,1,0.987506144492271,1.0,0,TC_NASHIK_02,0,,
51.51825403277537,1,0.8683627868102016,1.0,0,TC_NASHIK_02,0,,
49.369491329226165,1,0.8215579858210365,1.0,0,TC_PUNE_03,0,,
64.80038101485185,1,0.897780958371449,1.0,0,TC_NASHIK_02,0,,
1.7914504702314766,22,,,1,TC_RURAL_MALPRACTICE_09,1,0.26558040540711203,0.0
47.009750103620696,1,0.930649855706406,1.0,0,TC_PUNE_03,0,,
14.94377834985599,1,0.8092200182961053,1.0,0,TC_MUMBAI_01,0,,
29.465940448543794,1,0.9100113000338073,1.0,0,TC_NASHIK_02,0,,
37.46127817863929,1,0.9066004191586688,1.0,0,TC_NAGPUR_01,0,,
30.558840835212838,1,0.7908766645657291,1.0,0,TC_PUNE_03,0,,
78.32564415040177,1,0.7216227910806988,1.0,1,TC_NASHIK_02,0,,
94.73614116357508,1,0.8230018656152419,1.0,0,TC_MUMBAI_01,0,,
41.431069982628,1,0.6097151072188947,1.0,0,TC_MUMBAI_01,0,,
37.44520033943219,2,0.822978853677963,1.0,0,TC_NASHIK_02,0,,
45.741233219007775,1,0.9095421369759317,1.0,0,TC_MUMBAI_01,0,,
57.30694353353064,1,0.672698044252867,1.0,0,TC_NASHIK_02,0,,
44.965543682334605,1,0.9523326962604662,1.0,0,TC_NASHIK_02,0,,
33.34899812170197,1,0.9560814381116247,1.0,0,TC_PUNE_03,0,,
28.512496922405607,1,0.6687985114875314,1.0,0,TC_PUNE_03,0,,
18.123209414381744,1,0.9803889374707891,1.0,0,TC_MUMBAI_01,0,,
32.62014630303531,1,0.8999110340792438,1.0,0,TC_NAGPUR_01,0,,
57.37409284219198,1,0.9461892576511399,1.0,0,TC_NASHIK_02,0,,
46.15544878636795,1,0.9019008699637937,1.0,0,TC_NASHIK_02,0,,
19.906349868195143,1,0.9838985633351761,1.0,0,TC_MUMBAI_01,0,,
24.007860037719848,1,0.9112128495258037,1.0,0,TC_NAGPUR_01,0,,
44.87493557455769,1,0.785765548165243,1.0,0,TC_NAGPUR_01,0,,
2.1222035968757935,24,,,1,TC_RURAL_MALPRACTICE_09,1,0.49235320819486905,0.0
1.784765771865986,6,,,1,TC_RURAL_MALPRACTICE_09,1,0.5063467201966132,0.0
74.08056766305793,1,0.8155623853070808,1.0,0,TC_MUMBAI_01,0,,
44.85638095821559,1,0.9956127598167269,1.0,0,TC_PUNE_03,0,,
22.78750943053662,1,0.985603980426412,1.0,0,TC_MUMBAI_01,0,,
16.034183696219458,2,0.9319222027012156,1.0,1,TC_MUMBAI_01,0,,
47.13367609412772,2,0.8269892425165164,1.0,0,TC_MUMBAI_01,0,,
56.445966667219224,1,0.979942100776497,1.0,1,TC_NASHIK_02,0,,
1.2058774354948778,19,,,1,TC_NAGPUR_01,1,0.46174902673105644,0.0
34.37457019792513,1,0.7213747662435673,1.0,0,TC_NASHIK_02,0,,
2.099705549807676,15,,,1,TC_NAGPUR_01,1,0.18856233694135466,0.0
57.93642195421941,1,0.8898237559304181,1.0,0,TC_NASHIK_02,0,,
45.66817256605779,1,0.9370098517233012,1.0,0,TC_PUNE_03,0,,
50.98068427118086,1,0.880488945967666,1.0,0,TC_MUMBAI_01,0,,
29.214716327231653,1,0.7967830825057081,1.0,0,TC_PUNE_03,0,,
45.41153741463164,1,0.7844570998035132,1.0,0,TC_MUMBAI_01,0,,
2.3388418500154624,22,,,0,TC_NAGPUR_01,1,0.3429601070967659,0.0
40.99316298910298,1,0.8152186267611994,1.0,0,TC_PUNE_03,0,,
81.2806132236877,1,0.8814987383929482,1.0,0,TC_MUMBAI_01,0,,
90.24666522879683,1,0.7838435320464693,1.0,0,TC_NASHIK_02,0,,
27.254944168830637,1,0.9581385129578838,1.0,0,TC_PUNE_03,0,,
24.16827664903716,1,0.9091238939621404,1.0,0,TC_NASHIK_02,0,,
19.39902532783839,2,0.7210687709356346,1.0,0,TC_NAGPUR_01,0,,
1.3635768200806127,19,,,1,TC_RURAL_MALPRACTICE_09,1,0.3831670638174238,0.0
42.79003774569043,1,0.9371003602469643,1.0,0,TC_NAGPUR_01,0,,
33.751626680231794,1,0.8919343010851669,1.0,1,TC_MUMBAI_01,0,,
53.863064303157216,1,0.9473007440535628,1.0,0,TC_NASHIK_02,0,,
0.7349479519210116,6,,,1,TC_RURAL_MALPRACTICE_09,1,0.5479148943796506,0.0
51.008512384819234,1,0.8769673784709183,1.0,0,TC_PUNE_03,0,,
20.379884366187415,1,0.803572245003395,1.0,0,TC_MUMBAI_01,0,,
36.43669630173923,1,0.5892289250516185,1.0,0,TC_NAGPUR_01,0,,
42.69900071080301,1,0.9884333588642752,1.0,0,TC_NASHIK_02,0,,
67.78953227397733,1,0.9582691543026031,1.0,0,TC_NAGPUR_01,0,,
21.759521730909686,1,0.8957084289702387,1.0,0,TC_NASHIK_02,0,,
33.968224016211906,1,0.5723071160958249,1.0,1,TC_NAGPUR_01,0,,
41.49786851578205,1,0.7664106449008972,1.0,0,TC_MUMBAI_01,0,,
103.30428985475487,1,0.8881946266487265,1.0,0,TC_NASHIK_02,0,,
45.462148478782815,1,0.9474435056772874,1.0,0,TC_NAGPUR_01,0,,
42.55095959605123,1,0.9062862166818644,1.0,0,TC_NAGPUR_01,0,,
35.810123692738145,1,0.8441264660556802,1.0,0,TC_MUMBAI_01,0,,
27.495588958883246,1,0.9521808151423994,1.0,0,TC_NAGPUR_01,0,,
44.84486145029165,1,0.9182181613935515,1.0,0,TC_NASHIK_02,0,,
1.202707114945482,11,,,0,TC_RURAL_MALPRACTICE_09,1,0.5143338907676792,0.0
38.27776377272089,1,0.9727455330226826,1.0,0,TC_NAGPUR_01,0,,
36.41059839411798,1,0.7181575954227829,1.0,0,TC_NAGPUR_01,0,,
1.3762501415200377,13,,,1,TC_RURAL_MALPRACTICE_09,1,0.4539951522543193,1.0
48.57752004125022,1,0.8853268913880077,1.0,0,TC_NASHIK_02,0,,
33.30423832516166,1,0.9292495821215158,1.0,0,TC_NASHIK_02,0,,
22.04005303490075,1,0.8808352332217178,1.0,0,TC_PUNE_03,0,,
40.31104659151984,1,0.857918220261085,1.0,0,TC_PUNE_03,0,,
22.367062297005223,1,0.981619795171903,1.0,0,TC_PUNE_03,0,,
41.43448308168029,1,0.7836204354052495,1.0,0,TC_PUNE_03,0,,
47.01651730646136,2,0.6939483839169435,1.0,0,TC_PUNE_03,0,,
56.714007238627914,1,0.5629658021776468,1.0,0,TC_MUMBAI_01,0,,
64.90645770303855,1,0.9630476083644006,1.0,0,TC_NAGPUR_01,0,,
21.37370141060822,1,0.7763462804845817,1.0,0,TC_PUNE_03,0,,
30.305095069328278,1,0.82100705081368,1.0,0,TC_NASHIK_02,0,,
62.05674848784889,1,0.9901175745840914,1.0,0,TC_MUMBAI_01,0,,
33.83622093763002,1,0.8889389644942282,1.0,0,TC_NAGPUR_01,0,,
31.075820225581626,1,0.9994999763196406,1.0,0,TC_NASHIK_02,0,,
63.912122603606385,1,0.8568006848941166,1.0,0,TC_NASHIK_02,0,,
1.1007582456281266,20,,,1,TC_RURAL_MALPRACTICE_09,1,0.3108819874804829,0.0
45.70934267395036,1,0.9088221865272434,1.0,0,TC_NASHIK_02,0,,
21.810616554581955,1,0.8696302590812311,1.0,0,TC_NAGPUR_01,0,,
23.112052718567988,1,0.964147749186866,1.0,0,TC_NASHIK_02,0,,
37.81391867020003,2,0.8651500639204991,1.0,0,TC_MUMBAI_01,0,,
28.123929106769584,1,0.9423042350011817,1.0,0,TC_NASHIK_02,0,,
48.31660421104355,2,0.9474242462806226,1.0,0,TC_NASHIK_02,0,,
68.40571485974573,1,0.9654275701381354,1.0,0,TC_MUMBAI_01,0,,
32.11049366813411,1,0.9799110271429347,1.0,0,TC_NASHIK_02,0,,
23.79346452375706,1,0.94128133708316,1.0,0,TC_PUNE_03,0,,
26.094272548145383,2,0.7960500360638733,1.0,0,TC_PUNE_03,0,,
1.2430395892706063,9,,,1,TC_RURAL_MALPRACTICE_09,1,0.49497677488576053,0.0
56.80868706552007,1,0.8978881348942499,1.0,0,TC_MUMBAI_01,0,,
53.204675049032325,1,0.8712329820049896,1.0,1,TC_NAGPUR_01,0,,
33.70357934594637,1,0.7897197839896319,1.0,0,TC_MUMBAI_01,0,,
36.72837567060145,1,0.8299637634283655,1.0,1,TC_NASHIK_02,0,,
0.9713986737308147,10,,,0,TC_RURAL_MALPRACTICE_09,1,0.43594239018848524,0.0
45.224405629587366,1,0.8720272797822615,1.0,0,TC_NAGPUR_01,0,,
65.26094182754606,1,0.8228257748375071,1.0,0,TC_NAGPUR_01,0,,
41.87144607608681,1,0.7542581015357742,1.0,0,TC_NAGPUR_01,0,,
25.591819886254182,1,0.8798344459427055,1.0,0,TC_NAGPUR_01,0,,
43.359133694235496,1,0.6876168247090436,1.0,0,TC_NASHIK_02,0,,
23.298264644967183,1,0.969470613316944,1.0,0,TC_MUMBAI_01,0,,
49.32622453350937,1,0.8917871396293404,1.0,0,TC_NAGPUR_01,0,,
30.24284566271178,1,0.913811983696981,1.0,0,TC_MUMBAI_01,0,,
39.52488752758646,2,0.7239697446673853,1.0,0,TC_NASHIK_02,0,,
45.309138472794984,1,0.8315298384019296,1.0,0,TC_PUNE_03,0,,
38.36567309697379,1,0.7789674571088159,1.0,0,TC_MUMBAI_01,0,,
41.464920012066976,1,0.9285304795220336,1.0,0,TC_PUNE_03,0,,
35.210227858493745,1,0.8920155064873216,1.0,0,TC_MUMBAI_01,0,,
39.111613977984184,1,0.9838226621930292,1.0,0,TC_NASHIK_02,0,,
21.460200826718562,1,0.8816956679477003,1.0,0,TC_NASHIK_02,0,,
59.87367039351589,1,0.9185391244227248,1.0,0,TC_NAGPUR_01,0,,
36.92662103551096,1,0.6615296242640349,1.0,0,TC_PUNE_03,0,,
24.762287133051963,1,0.8552596703868744,1.0,0,TC_NASHIK_02,0,,
38.2131231216159,1,0.8026987743259064,1.0,0,TC_NAGPUR_01,0,,
29.016195607196117,1,0.9364047590849028,1.0,0,TC_NAGPUR_01,0,,
27.18357158070719,1,0.796233373384028,1.0,0,TC_NASHIK_02,0,,
31.55215155579512,1,0.7187106211514771,1.0,0,TC_NAGPUR_01,0,,
26.067969754881954,1,0.8601088495379057,1.0,0,TC_MUMBAI_01,0,,
36.216879729214675,1,0.8125013077722961,1.0,0,TC_NAGPUR_01,0,,
48.74893190316732,1,0.8565581840040971,1.0,0,TC_NAGPUR_01,0,,
67.56667756094996,1,0.8535335668199804,1.0,0,TC_PUNE_03,0,,
19.726916159595895,1,0.8960431941639303,1.0,0,TC_MUMBAI_01,0,,
39.16654995982115,1,0.6110527602417791,1.0,0,TC_MUMBAI_01,0,,
35.62482463258663,1,0.917854122327621,1.0,0,TC_NAGPUR_01,0,,
44.34405831305164,1,0.9366233817928381,1.0,0,TC_PUNE_03,0,,
39.464524720666624,1,0.8917065115600918,1.0,0,TC_NASHIK_02,0,,
24.875309512689853,1,0.8870033874925695,1.0,0,TC_NAGPUR_01,0,,
30.5687485581122,1,0.9463590802726765,1.0,0,TC_MUMBAI_01,0,,
60.2454493700695,1,0.7333991211338825,1.0,0,TC_MUMBAI_01,0,,
25.96410901157047,1,0.8491537114578452,1.0,0,TC_NAGPUR_01,0,,
39.2542551008858,1,0.81755511002907,1.0,0,TC_NASHIK_02,0,,
51.981582926358826,1,0.6608280059759426,1.0,0,TC_NASHIK_02,0,,
48.93946731368104,1,0.8858401681689965,1.0,0,TC_NAGPUR_01,0,,
1.3652147870651656,7,,,1,TC_NAGPUR_01,1,0.17865450442494565,0.0
45.44221010513298,1,0.6169070810412712,1.0,0,TC_NAGPUR_01,0,,
27.493121306294167,1,0.8631728567111328,1.0,0,TC_NAGPUR_01,0,,
0.8364376311666022,21,,,1,TC_NAGPUR_01,1,0.5704777539567146,0.0
87.18508913134627,1,0.7598124591361288,1.0,0,TC_NAGPUR_01,0,,
1.2519638575331085,11,,,0,TC_RURAL_MALPRACTICE_09,1,0.3643080740019937,0.0
37.55303636722894,1,0.8648222064967588,1.0,0,TC_NAGPUR_01,0,,
43.578443718334626,1,0.7454118880944061,1.0,0,TC_NAGPUR_01,0,,
36.91950570273107,1,0.8082147430196233,1.0,0,TC_MUMBAI_01,0,,
49.09511908030628,1,0.8645190773881908,1.0,0,TC_NASHIK_02,0,,
39.965778529969455,1,0.83496627516552,1.0,0,TC_NAGPUR_01,0,,
50.975992119629026,1,0.8551132811582121,1.0,0,TC_NAGPUR_01,0,,
61.890036136319544,1,0.9944023511210405,1.0,0,TC_NASHIK_02,0,,
63.43068627835138,1,0.9411180632139416,1.0,0,TC_NASHIK_02,0,,
47.66864792474546,1,0.9068758013214495,1.0,0,TC_MUMBAI_01,0,,
39.68578104747993,1,0.6490775049108773,1.0,0,TC_NAGPUR_01,0,,
31.563171157427654,1,0.8765032161895451,1.0,0,TC_MUMBAI_01,0,,
36.85883556281008,1,0.9430210036618112,1.0,0,TC_MUMBAI_01,0,,
37.86451541320264,1,0.7330858253861253,1.0,0,TC_PUNE_03,0,,
46.64790741844268,1,0.7139287598454804,1.0,0,TC_NASHIK_02,0,,
35.12017496949347,1,0.9690436316648463,1.0,0,TC_PUNE_03,0,,
42.99472429809594,1,0.8138924130386448,1.0,0,TC_NASHIK_02,0,,
44.70207625823801,1,0.6639972928539938,1.0,0,TC_NASHIK_02,0,,
34.849361802358494,1,0.6157710376704334,1.0,0,TC_NAGPUR_01,0,,
28.282415222640218,1,0.891935988082766,1.0,0,TC_MUMBAI_01,0,,
34.58151547971722,1,0.9679528934224587,1.0,0,TC_NAGPUR_01,0,,
38.288125997666015,1,0.8481698551423179,1.0,0,TC_NASHIK_02,0,,
35.387507543462746,1,0.8175014673799313,1.0,0,TC_NASHIK_02,0,,
51.320109636007984,1,0.8404056458569226,1.0,0,TC_PUNE_03,0,,
51.227222761595904,1,0.5933617370954976,1.0,0,TC_PUNE_03,0,,
41.80770906354346,1,0.8878578982141213,1.0,0,TC_MUMBAI_01,0,,
43.36125385808503,1,0.5431494663480144,1.0,0,TC_NASHIK_02,0,,
41.607432473649794,2,0.8706487356352479,1.0,0,TC_PUNE_03,0,,
23.07471938617727,1,0.7282222162845605,1.0,0,TC_NAGPUR_01,0,,
56.36310304078869,1,0.9187010120566843,1.0,1,TC_MUMBAI_01,0,,
74.59265113499495,1,0.9686739708120898,1.0,0,TC_MUMBAI_01,0,,
23.556023249643523,1,0.8706694433792984,1.0,0,TC_PUNE_03,0,,
53.7867127569287,1,0.907021724931106,1.0,0,TC_NAGPUR_01,0,,
35.87713978493307,2,0.7494185629139904,1.0,0,TC_NAGPUR_01,0,,
36.77600034839968,1,0.9589481585755659,1.0,0,TC_NAGPUR_01,0,,
26.78530384530899,1,0.7580052390431775,1.0,0,TC_NASHIK_02,0,,
33.9647277439977,1,0.69143584472717,1.0,0,TC_NAGPUR_01,0,,
2.363170849293924,8,,,0,TC_RURAL_MALPRACTICE_09,1,0.4988491871759576,0.0
25.265663773463093,1,0.8961445445529229,1.0,0,TC_NAGPUR_01,0,,
47.75289804070498,1,0.9794692113471387,1.0,0,TC_NASHIK_02,0,,
60.96874978556098,1,0.9639693600518149,1.0,0,TC_MUMBAI_01,0,,
43.82090186285047,2,0.8161772498443528,1.0,0,TC_PUNE_03,0,,
53.80474834616981,1,0.946521719361421,1.0,0,TC_NAGPUR_01,0,,
42.45799664728361,1,0.8975423529343852,1.0,0,TC_NASHIK_02,0,,
44.445709159176936,1,0.9460971771541495,1.0,0,TC_MUMBAI_01,0,,
31.858157830920167,1,0.7360954499109891,1.0,0,TC_NASHIK_02,0,,
20.0263434617147,1,0.8846008844235598,1.0,0,TC_NAGPUR_01,0,,
75.41979203295656,1,0.9053412579862167,1.0,0,TC_MUMBAI_01,0,,
59.71064597978656,1,0.6806764631329824,1.0,0,TC_PUNE_03,0,,
88.21732013338386,1,0.9952593812641278,1.0,0,TC_PUNE_03,0,,
39.440287101854956,1,0.9893169286663994,1.0,0,TC_NASHIK_02,0,,
24.251940523254774,1,0.9317634772816462,1.0,0,TC_PUNE_03,0,,
44.424606656802084,1,0.8557761918290326,1.0,0,TC_NAGPUR_01,0,,
39.03621789696054,1,0.8681188756444331,1.0,0,TC_PUNE_03,0,,
37.512624774408934,1,0.6808240774341133,1.0,1,TC_NAGPUR_01,0,,
31.725405288854542,1,0.9348341616166381,1.0,1,TC_NAGPUR_01,0,,
56.8626918439424,1,0.8764794976989041,1.0,0,TC_PUNE_03,0,,
21.56876801963273,1,0.897411588242147,1.0,0,TC_MUMBAI_01,0,,
33.64735096644112,1,0.8693373490152946,1.0,0,TC_PUNE_03,0,,
38.133016928055696,2,0.6173185273926934,1.0,0,TC_NASHIK_02,0,,
20.429134380019136,1,0.9197401656670036,1.0,0,TC_MUMBAI_01,0,,
57.81780317379897,1,0.8491696128130601,1.0,0,TC_PUNE_03,0,,
20.149696395789363,1,0.8124716354116083,1.0,0,TC_PUNE_03,0,,
18.331792383340865,1,0.9601562885865654,1.0,0,TC_NASHIK_02,0,,
43.71698406034616,1,0.8680146736477435,1.0,0,TC_NASHIK_02,0,,
29.51496089514295,1,0.9415525070600286,1.0,0,TC_NAGPUR_01,0,,
44.73987568190901,1,0.862916798680269,1.0,0,TC_PUNE_03,0,,
37.63430416968045,1,0.9301559413264988,1.0,0,TC_MUMBAI_01,0,,
25.891190363197204,1,0.744819952306148,1.0,1,TC_NAGPUR_01,0,,
0.8472606474560638,6,,,1,TC_NAGPUR_01,1,0.5525008188347151,0.0
45.547051377017944,1,0.8064703285756077,1.0,1,TC_PUNE_03,0,,
26.68101440070723,1,0.8971756244721298,1.0,0,TC_MUMBAI_01,0,,
46.981981032349395,1,0.7885037922452084,1.0,0,TC_MUMBAI_01,0,,
38.580823633018916,1,0.7550079854007362,1.0,0,TC_MUMBAI_01,0,,
38.45346498540055,1,0.8675593937585857,1.0,0,TC_NASHIK_02,0,,
35.239759459183915,1,0.5939717409544415,1.0,0,TC_PUNE_03,0,,
36.31709606954384,1,0.8546736859043769,1.0,0,TC_NAGPUR_01,0,,
75.71920615351613,1,0.9194632196439141,1.0,0,TC_MUMBAI_01,0,,
34.04757901761543,1,0.6787463388058483,1.0,0,TC_MUMBAI_01,0,,
38.282673967708824,1,0.822005041620536,1.0,0,TC_MUMBAI_01,0,,
44.3040150174225,1,0.9333962272992191,1.0,0,TC_MUMBAI_01,0,,
27.87039082666827,1,0.8914599478938526,1.0,0,TC_MUMBAI_01,0,,
50.770744300719585,1,0.8354679548681435,1.0,0,TC_MUMBAI_01,0,,
60.950362774458604,1,0.8884062070185241,1.0,0,TC_PUNE_03,0,,
41.36787729109899,1,0.7205384895355915,1.0,0,TC_MUMBAI_01,0,,
59.03216412867322,1,0.7649912318074468,1.0,0,TC_MUMBAI_01,0,,
30.927291614167242,1,0.9385249538633638,1.0,0,TC_MUMBAI_01,0,,
38.41268758706922,1,0.7681520792515216,1.0,0,TC_NAGPUR_01,0,,
46.66362676603939,1,0.9731582949992099,1.0,0,TC_PUNE_03,0,,
40.32248807538218,1,0.7698660106548176,1.0,0,TC_PUNE_03,0,,
27.159887266233213,1,0.9054360375539319,1.0,0,TC_NAGPUR_01,0,,
33.14151539420989,1,0.8857528897764735,1.0,0,TC_MUMBAI_01,0,,
27.25491311575057,1,0.9453314641058175,0.0,0,TC_PUNE_03,0,,
25.879467656354144,1,0.9363419441822094,1.0,0,TC_NAGPUR_01,0,,
22.75176951592201,2,0.632781541261659,1.0,0,TC_NASHIK_02,0,,
54.9824615278516,1,0.70008652711304,1.0,0,TC_MUMBAI_01,0,,
53.712742714248215,1,0.8755729517685769,1.0,0,TC_NAGPUR_01,0,,
32.897530970584924,1,0.8950842415982059,1.0,0,TC_PUNE_03,0,,
40.0913665590643,1,0.7899110883763025,1.0,0,TC_MUMBAI_01,0,,
32.200007201207896,1,0.8712213189890693,1.0,0,TC_MUMBAI_01,0,,
34.19160996103668,1,0.8600115601764132,1.0,0,TC_NAGPUR_01,0,,
55.34639826524913,1,0.9230204829672866,1.0,0,TC_MUMBAI_01,0,,
48.33312539574205,1,0.8054084260830113,1.0,0,TC_PUNE_03,0,,
64.28337596591162,1,0.6113815692137065,1.0,0,TC_PUNE_03,0,,
36.49819456041897,1,0.8911582678682297,1.0,0,TC_NASHIK_02,0,,
31.65376669719587,1,0.8959003203892342,1.0,0,TC_NASHIK_02,0,,
44.76094803636232,1,0.9077160568190588,1.0,0,TC_MUMBAI_01,0,,
32.16729357934544,1,0.8044041679108572,1.0,0,TC_NAGPUR_01,0,,
56.256514062136176,1,0.8585137308160996,1.0,0,TC_NAGPUR_01,0,,
31.0292842946719,1,0.9882799664432542,1.0,1,TC_NAGPUR_01,0,,
35.28382092548952,1,0.9370207306566684,1.0,0,TC_NASHIK_02,0,,
37.45663063646928,2,0.9870486434923115,1.0,0,TC_PUNE_03,0,,
22.040887895610858,1,0.6545081300781864,1.0,0,TC_MUMBAI_01,0,,
51.927776726496425,1,0.8315162235949032,1.0,0,TC_PUNE_03,0,,
2.0009858886519236,14,,,1,TC_RURAL_MALPRACTICE_09,1,0.3184071532710818,0.0
1.6024320120264388,10,,,1,TC_RURAL_MALPRACTICE_09,1,0.15828861410481906,0.0
29.16454555582498,1,0.8000167988309488,1.0,0,TC_NASHIK_02,0,,
44.684025187928434,1,0.9509871233254128,1.0,0,TC_MUMBAI_01,0,,
0.5778172432906,11,,,0,TC_RURAL_MALPRACTICE_09,1,0.35705711287221853,0.0
35.73006639508887,1,0.9266398979271371,1.0,0,TC_PUNE_03,0,,
32.15737724485162,1,0.7922690074182722,1.0,0,TC_MUMBAI_01,0,,
28.90416569081213,1,0.7254117248661949,1.0,0,TC_PUNE_03,0,,
41.64460063900691,1,0.9493238113197424,1.0,0,TC_NAGPUR_01,0,,
30.736244288854177,1,0.8443034945414958,1.0,0,TC_NASHIK_02,0,,
26.416181583714188,1,0.6544151132476981,1.0,0,TC_NAGPUR_01,0,,
47.06599362978209,1,0.8614352220418338,1.0,0,TC_NASHIK_02,0,,
34.7119867773495,1,0.847780291001894,1.0,0,TC_NAGPUR_01,0,,
44.10814087269448,1,0.9344733122545867,1.0,0,TC_NASHIK_02,0,,
50.094850569712634,1,0.7357264469887917,1.0,0,TC_MUMBAI_01,0,,
66.03815376570091,1,0.9230590333133165,1.0,0,TC_MUMBAI_01,0,,
53.770117920121336,1,0.9629209701046062,1.0,0,TC_NASHIK_02,0,,
31.597086308233305,1,0.8085438714682557,1.0,0,TC_PUNE_03,0,,
32.81395361575976,1,0.8158137303682861,1.0,0,TC_PUNE_03,0,,
33.41374832993236,1,0.9352138687601492,1.0,0,TC_PUNE_03,0,,
40.53294096546892,1,0.9677708964863148,1.0,0,TC_NASHIK_02,0,,
37.598852388586955,2,0.7860467944360867,1.0,0,TC_PUNE_03,0,,
40.59189531332026,1,0.9818148436107849,1.0,0,TC_MUMBAI_01,0,,
28.905238018309998,1,0.9592969898174812,1.0,0,TC_NASHIK_02,0,,
41.98972998730595,1,0.7039050825361077,1.0,0,TC_PUNE_03,0,,
38.562517072790016,1,0.6867673087745825,1.0,0,TC_MUMBAI_01,0,,
0.31311887907264113,12,,,1,TC_RURAL_MALPRACTICE_09,1,0.40693971390644856,0.0
40.61603483089738,1,0.8864092079558247,1.0,0,TC_MUMBAI_01,0,,
24.53900258787471,1,0.8881608811853288,1.0,0,TC_NAGPUR_01,0,,
31.128176628770248,1,0.9495162939911722,1.0,0,TC_MUMBAI_01,0,,
66.92088131636447,1,0.9403607970791324,1.0,0,TC_NASHIK_02,0,,
35.40531073119388,1,0.8340661185350537,1.0,0,TC_PUNE_03,0,,
37.384903373085635,1,0.8084706090584138,1.0,0,TC_MUMBAI_01,0,,
33.938289417269445,1,0.9138530243208346,1.0,0,TC_NASHIK_02,0,,
38.53882700051856,1,0.8996161806318247,1.0,0,TC_PUNE_03,0,,
18.903339080541173,2,0.7366469026286198,1.0,0,TC_NAGPUR_01,0,,
34.90476052417107,1,0.9428439213897312,1.0,0,TC_PUNE_03,0,,
27.961276999822463,1,0.966090807352034,1.0,0,TC_PUNE_03,0,,
17.026367920590573,1,0.7970982412156556,1.0,0,TC_NAGPUR_01,0,,
34.066752687455704,1,0.7547115082316203,1.0,0,TC_PUNE_03,0,,
50.428913266039125,1,0.9942881908048797,1.0,0,TC_NASHIK_02,0,,
30.34907818295247,1,0.6874662098454375,1.0,0,TC_PUNE_03,0,,
78.57218226345468,1,0.7992063224519961,1.0,0,TC_NASHIK_02,0,,
31.773649586660582,1,0.90799740216105,1.0,0,TC_NAGPUR_01,0,,
41.8714268707726,1,0.9268328978254344,0.0,0,TC_PUNE_03,0,,
74.47113022348645,2,0.9341243916820477,1.0,0,TC_MUMBAI_01,0,,
35.685761665152825,1,0.7729722420432397,1.0,0,TC_PUNE_03,0,,
46.314603550920914,1,0.9725494286250117,1.0,0,TC_MUMBAI_01,0,,
60.836561651461324,1,0.8430799915843368,1.0,0,TC_MUMBAI_01,0,,
35.01942744581402,1,0.7383082211138836,1.0,0,TC_MUMBAI_01,0,,
29.847920987122457,1,0.940081719154781,1.0,0,TC_PUNE_03,0,,
25.753789756337913,1,0.912216477870797,1.0,0,TC_PUNE_03,0,,
48.112483167706145,1,0.8722480562568664,1.0,0,TC_PUNE_03,0,,
39.769403339166246,1,0.9256144949153543,1.0,0,TC_PUNE_03,0,,
17.03579336933455,1,0.7888668455963759,1.0,0,TC_NAGPUR_01,0,,
32.62443304559119,1,0.8017535938982514,1.0,0,TC_PUNE_03,0,,
29.55751060515443,1,0.8071998982719291,1.0,0,TC_NASHIK_02,0,,
50.84573046325074,1,0.8692663899238052,1.0,0,TC_PUNE_03,0,,
38.66200992314148,1,0.9634953371773106,1.0,0,TC_MUMBAI_01,0,,
26.539211026911136,1,0.8755054836538673,1.0,0,TC_PUNE_03,0,,
58.21187905157827,1,0.653264227110338,1.0,0,TC_PUNE_03,0,,
26.527438892629213,1,0.949434224729008,1.0,0,TC_NAGPUR_01,0,,
30.962668884691457,1,0.9051623012637067,1.0,0,TC_NAGPUR_01,0,,
53.527084405722995,1,0.8268497155654574,1.0,0,TC_MUMBAI_01,0,,
25.896936494805555,1,0.970130380589245,1.0,0,TC_PUNE_03,0,,
56.49956796888239,1,0.9022184847287471,1.0,0,TC_PUNE_03,0,,
62.38853283825918,1,0.9269278391982285,1.0,0,TC_PUNE_03,0,,
24.691114733213034,1,0.706156079906443,1.0,0,TC_PUNE_03,0,,
52.965699460790894,1,0.9016937272468467,1.0,0,TC_PUNE_03,0,,
31.081083600952034,1,0.5704513478786741,1.0,0,TC_NASHIK_02,0,,
44.8399057273721,1,0.9891196984939594,1.0,0,TC_PUNE_03,0,,
52.9649731752333,1,0.8233069441117795,1.0,0,TC_NAGPUR_01,0,,
38.49882037861543,1,0.8722606403781878,1.0,0,TC_MUMBAI_01,0,,
24.06700618975431,1,0.7398798611790078,1.0,0,TC_MUMBAI_01,0,,
36.22184120503975,1,0.7088130367400467,1.0,0,TC_NASHIK_02,0,,
46.071663518651484,1,0.9501855915987383,1.0,0,TC_MUMBAI_01,0,,
46.95257009472264,2,0.7909842966433158,1.0,1,TC_NASHIK_02,0,,
1.9658230667126533,10,,,1,TC_NAGPUR_01,1,0.1951882567092722,0.0
29.309055442179496,1,0.9626883839378196,1.0,0,TC_MUMBAI_01,0,,
27.21299082177006,1,0.83469612527852,1.0,0,TC_NAGPUR_01,0,,
34.21224952334374,1,0.8089137232301139,1.0,0,TC_MUMBAI_01,0,,
54.084383903572586,1,0.6817707545262025,1.0,0,TC_MUMBAI_01,0,,
44.6542563161491,1,0.7998886150555475,1.0,0,TC_NASHIK_02,0,,
31.045518604202037,1,0.8004759245741738,1.0,0,TC_MUMBAI_01,0,,
36.51641185713945,1,0.8632713019865016,1.0,0,TC_PUNE_03,0,,
40.58619068370578,1,0.8245073957753595,1.0,0,TC_NAGPUR_01,0,,
35.99256806402991,1,0.8849621832389002,1.0,0,TC_NASHIK_02,0,,
27.656196522593106,1,0.7281403753490326,1.0,0,TC_NASHIK_02,0,,
1.0993239286089216,7,,,1,TC_RURAL_MALPRACTICE_09,1,0.184797080218567,0.0
47.54725520145401,1,0.4995833156112415,1.0,0,TC_MUMBAI_01,0,,
1.1165969498831887,22,,,1,TC_NAGPUR_01,1,0.18202435413971021,1.0
28.720177577537243,1,0.9187103600043165,1.0,0,TC_NASHIK_02,0,,
68.1120238186418,1,0.524979933656053,1.0,0,TC_PUNE_03,0,,
30.514975565908784,1,0.933600863411565,1.0,0,TC_MUMBAI_01,0,,
34.40036589426806,1,0.9249127727722047,1.0,0,TC_NASHIK_02,0,,
41.57219435209544,1,0.8550694771117778,1.0,0,TC_NASHIK_02,0,,
26.53000460016284,2,0.9656650158085234,1.0,0,TC_MUMBAI_01,0,,
51.95218485725324,1,0.7087582150637532,1.0,0,TC_NAGPUR_01,0,,
46.15392114363337,1,0.9659818726791555,1.0,0,TC_MUMBAI_01,0,,
39.780890987080916,1,0.9298682870331949,1.0,0,TC_NAGPUR_01,0,,
37.57064064231285,1,0.8584715392564166,1.0,0,TC_NAGPUR_01,0,,
26.97046225690068,1,0.8749419000212499,1.0,0,TC_MUMBAI_01,0,,
64.85815353492802,1,0.8291782895328816,1.0,0,TC_MUMBAI_01,0,,
41.14229270537457,2,0.6283146565992559,1.0,0,TC_NAGPUR_01,0,,
31.2400583202305,1,0.9012342366280504,1.0,0,TC_PUNE_03,0,,
70.25411772605374,1,0.5529203160607791,1.0,0,TC_MUMBAI_01,0,,
28.466646875777325,1,0.972906145914123,1.0,0,TC_NAGPUR_01,0,,
23.385263332030775,1,0.9151842051804082,1.0,0,TC_NASHIK_02,0,,
43.33272593658984,1,0.7837192822354165,1.0,0,TC_MUMBAI_01,0,,
30.66286868891712,1,0.5416626711498,1.0,0,TC_NASHIK_02,0,,
17.786649051147705,2,0.9821216665771413,1.0,0,TC_MUMBAI_01,0,,
38.951483166764405,2,0.9415105205019104,1.0,0,TC_NAGPUR_01,0,,
55.18141379273295,1,0.9543147565280482,1.0,0,TC_MUMBAI_01,0,,
27.861346256826764,1,0.770164941915443,1.0,0,TC_MUMBAI_01,0,,
32.305129317369506,1,0.906193405280554,1.0,0,TC_MUMBAI_01,0,,
61.91443215555931,1,0.5989919160510316,1.0,0,TC_PUNE_03,0,,
65.34691595583527,1,0.8988276991269466,1.0,0,TC_PUNE_03,0,,
98.30049905875673,1,0.8591730222483643,1.0,0,TC_NAGPUR_01,0,,
31.056050101685983,1,0.9517830669434775,1.0,1,TC_NASHIK_02,0,,
1.9497663957369826,12,,,0,TC_RURAL_MALPRACTICE_09,1,0.4286148602586931,0.0
0.2560474140337141,12,,,1,TC_NAGPUR_01,1,0.3136238032531735,1.0
0.9296684324831277,9,,,1,TC_RURAL_MALPRACTICE_09,1,0.4538088108171693,0.0
62.43182430048277,1,0.8344826760949363,1.0,0,TC_MUMBAI_01,0,,
40.18293694445783,2,0.884650589062569,1.0,0,TC_MUMBAI_01,0,,
55.60536141347847,1,0.9648011022276055,1.0,1,TC_PUNE_03,0,,
69.6751310431368,1,0.746985216120973,1.0,0,TC_MUMBAI_01,0,,
49.14002509624845,1,0.9573420361287521,1.0,0,TC_PUNE_03,0,,
35.33674816790875,1,0.8468625307764963,1.0,0,TC_NAGPUR_01,0,,
48.737904369599676,1,0.9391636182033377,1.0,1,TC_NASHIK_02,0,,
71.6160326573499,1,0.9501085286779585,0.0,0,TC_NASHIK_02,0,,
69.67539503916701,1,0.8416655188957723,1.0,1,TC_NASHIK_02,0,,
37.36381619046848,1,0.910068029836023,1.0,0,TC_PUNE_03,0,,
38.74929298567648,1,0.9610862867964007,1.0,1,TC_NAGPUR_01,0,,
24.9250067712914,1,0.8207013658905112,1.0,0,TC_PUNE_03,0,,
45.47615739525957,1,0.8206501621380479,1.0,0,TC_MUMBAI_01,0,,
36.87632475389046,1,0.6889134747321427,1.0,0,TC_NASHIK_02,0,,
33.6738137249284,1,0.6817708803746432,1.0,0,TC_NAGPUR_01,0,,
54.938612709853935,1,0.8546900428547027,1.0,0,TC_MUMBAI_01,0,,
59.45432728599285,1,0.8760545688367624,1.0,0,TC_NAGPUR_01,0,,
62.21120134809,1,0.8795729942576852,1.0,0,TC_NAGPUR_01,0,,
43.9644157785043,1,0.9962425732545404,1.0,0,TC_NAGPUR_01,0,,
24.336494292999166,1,0.8740378377626538,1.0,0,TC_PUNE_03,0,,
31.77992369234239,1,0.9464064325803407,1.0,0,TC_MUMBAI_01,0,,
31.450185202358455,2,0.9034676612799396,1.0,0,TC_MUMBAI_01,0,,
34.55479920049696,1,0.846612861135417,1.0,0,TC_MUMBAI_01,0,,
23.19409228982073,1,0.8824806138330923,1.0,0,TC_NASHIK_02,0,,
41.47141393816753,1,0.8409668347943756,1.0,0,TC_NAGPUR_01,0,,
31.302729149478207,1,0.8887412345690544,1.0,0,TC_PUNE_03,0,,
30.683661346825275,1,0.6672690211879002,1.0,0,TC_MUMBAI_01,0,,
67.94415678233148,1,0.975724903365152,1.0,0,TC_NAGPUR_01,0,,
30.499741298868727,1,0.8866159108793134,1.0,0,TC_NASHIK_02,0,,
48.45601656744543,1,0.7722446950870199,1.0,0,TC_NASHIK_02,0,,
28.189520048763974,1,0.9806702522451617,1.0,0,TC_MUMBAI_01,0,,
33.3582892164998,1,0.9113487976070261,1.0,0,TC_PUNE_03,0,,
39.77170307068801,1,0.6795588371412803,1.0,0,TC_MUMBAI_01,0,,
72.69000725984863,1,0.909456584374112,1.0,0,TC_NAGPUR_01,0,,
51.39734013578562,1,0.9340287550106,1.0,0,TC_PUNE_03,0,,
29.932397398147803,2,0.9386931977430689,1.0,0,TC_PUNE_03,0,,
45.57680227458486,1,0.9028310374522324,1.0,0,TC_MUMBAI_01,0,,
28.956691312211735,1,0.6421716306717763,1.0,0,TC_PUNE_03,0,,
62.25143015598731,1,0.9544429302264202,1.0,0,TC_PUNE_03,0,,
30.75792905900723,1,0.9332085122065613,1.0,0,TC_NAGPUR_01,0,,
30.866361201384848,1,0.9613785789219867,1.0,0,TC_NASHIK_02,0,,
35.12696040281641,1,0.952803221212735,1.0,0,TC_NASHIK_02,0,,
29.87537893001365,1,0.9387505440582512,1.0,0,TC_PUNE_03,0,,
27.985776975620322,1,0.4022950796742327,0.0,0,TC_NAGPUR_01,0,,
1.2676497424475772,9,,,1,TC_RURAL_MALPRACTICE_09,1,0.5006764344270695,0.0
47.36719003594155,1,0.9843672649799633,1.0,0,TC_NAGPUR_01,0,,
32.56222828043957,2,0.8437242712269684,1.0,0,TC_PUNE_03,0,,
55.23388834737992,1,0.8997507074261112,1.0,0,TC_NASHIK_02,0,,
24.13139152196003,2,0.7805329650058069,1.0,0,TC_NAGPUR_01,0,,
27.111718527767785,1,0.8400833718396651,1.0,0,TC_PUNE_03,0,,
81.35374715780192,1,0.8784123258135204,1.0,0,TC_NASHIK_02,0,,
0.49426452376068064,15,,,1,TC_RURAL_MALPRACTICE_09,1,0.390847165779511,0.0
2.325911686774509,24,,,1,TC_RURAL_MALPRACTICE_09,1,0.3580027559272543,0.0
49.211228447189995,1,0.8868319898615229,1.0,0,TC_NASHIK_02,0,,
30.1924988893389,1,0.975844379389202,1.0,0,TC_MUMBAI_01,0,,
37.276669455611994,2,0.8756112321834549,1.0,0,TC_NASHIK_02,0,,
81.17734652871926,1,0.9010318353526962,1.0,0,TC_NAGPUR_01,0,,
26.66629816776672,1,0.9165971682965629,1.0,0,TC_NAGPUR_01,0,,
43.74701212056345,1,0.9325107318951638,1.0,0,TC_PUNE_03,0,,
42.8074197316877,1,0.8664790107646347,1.0,0,TC_PUNE_03,0,,
62.76534007889721,1,0.7457844641415561,1.0,0,TC_NASHIK_02,0,,
43.604699299131305,2,0.8286944698011154,1.0,0,TC_PUNE_03,0,,
62.148673092343515,1,0.9644816522549989,1.0,0,TC_PUNE_03,0,,
60.15549042821034,1,0.7498955085498481,1.0,0,TC_NAGPUR_01,0,,
26.634991856505586,1,0.9763232189548035,1.0,0,TC_NAGPUR_01,0,,
42.279668992664156,1,0.7526745638879777,1.0,0,TC_NASHIK_02,0,,
37.42721283474108,1,0.808915350801966,1.0,0,TC_PUNE_03,0,,
47.823589356463536,1,0.5826288427743864,1.0,0,TC_NAGPUR_01,0,,
33.965048157503816,1,0.8751550741275157,1.0,0,TC_PUNE_03,0,,
2.1943929809810894,23,,,1,TC_RURAL_MALPRACTICE_09,1,0.42703377500591044,0.0
41.21651320325737,1,0.9530403347645224,1.0,0,TC_NASHIK_02,0,,
24.93114448676364,1,0.789765874890488,1.0,0,TC_MUMBAI_01,0,,
74.84718641169982,2,0.982439029358503,1.0,0,TC_PUNE_03,0,,
36.214660506235845,1,0.7769931552309517,1.0,0,TC_PUNE_03,0,,
32.70851810641868,2,0.9274980152607475,1.0,0,TC_PUNE_03,0,,
37.387292259066314,1,0.800526007964735,1.0,0,TC_NAGPUR_01,0,,
43.91227778874639,1,0.8216073916320594,1.0,0,TC_PUNE_03,0,,
43.97112217676042,2,0.7671642734916476,1.0,0,TC_MUMBAI_01,0,,
46.26525405144391,1,0.8140417860956543,1.0,1,TC_NASHIK_02,0,,
45.51990369107324,1,0.8385895525409667,1.0,0,TC_NASHIK_02,0,,
27.73823992723343,1,0.8634214946548044,1.0,0,TC_NAGPUR_01,0,,
55.62788459232187,1,0.7504580178284244,1.0,0,TC_NAGPUR_01,0,,
40.07032695158747,1,0.7836156708279688,1.0,0,TC_MUMBAI_01,0,,
26.847300949856688,1,0.8891603654833924,1.0,0,TC_MUMBAI_01,0,,
45.108646331063575,1,0.9539824466982937,1.0,0,TC_PUNE_03,0,,
0.625826659215089,19,,,1,TC_RURAL_MALPRACTICE_09,1,0.2796473813691091,0.0
2.1482813637590046,14,,,1,TC_RURAL_MALPRACTICE_09,1,0.4151668927788291,0.0
49.340974188236956,1,0.8969560150032274,1.0,0,TC_MUMBAI_01,0,,
37.90125335563403,1,0.932449925508541,1.0,0,TC_NAGPUR_01,0,,
30.73855360755486,1,0.9432466053447768,1.0,0,TC_NASHIK_02,0,,
72.99879655782964,1,0.9865648853382772,1.0,0,TC_MUMBAI_01,0,,
93.42193355134971,1,0.9278152650203983,1.0,0,TC_NAGPUR_01,0,,
35.76528796568394,1,0.7254755715322873,1.0,0,TC_PUNE_03,0,,
67.63189484410103,1,0.9102271755291174,1.0,0,TC_NASHIK_02,0,,
46.86129615000006,1,0.8235675990715788,1.0,0,TC_PUNE_03,0,,
40.65481460989087,1,0.7895201716210579,1.0,0,TC_NAGPUR_01,0,,
30.2724979855109,2,0.8074179057842227,1.0,0,TC_NASHIK_02,0,,
41.022611748863135,1,0.8469415816939141,1.0,0,TC_MUMBAI_01,0,,
32.68000062917946,1,0.9070228503609787,1.0,0,TC_NAGPUR_01,0,,
45.339339551919046,1,0.8397550850588338,1.0,0,TC_MUMBAI_01,0,,
42.31961695506741,1,0.5377564628159117,1.0,0,TC_PUNE_03,0,,
49.21006787535372,1,0.9351303142981255,1.0,0,TC_PUNE_03,0,,
32.13899611645854,1,0.22123157086338296,1.0,0,TC_NAGPUR_01,0,,
35.349548527002426,1,0.9683227375805663,1.0,0,TC_NAGPUR_01,0,,
62.96491177362465,1,0.847495140039075,1.0,0,TC_PUNE_03,0,,
34.39584324185711,1,0.9431549492618125,1.0,0,TC_NASHIK_02,0,,
1.0525224754578262,24,,,1,TC_NAGPUR_01,1,0.47588425259052336,0.0
40.23817456635959,1,0.6504684402053722,1.0,0,TC_NAGPUR_01,0,,
53.885972399944386,1,0.8968021036305758,1.0,0,TC_NASHIK_02,0,,
28.137783636566606,2,0.9622683596278918,1.0,0,TC_NASHIK_02,0,,
45.2220163363554,1,0.9918759501904425,1.0,0,TC_MUMBAI_01,0,,
57.44208042095492,1,0.5970694280283221,1.0,0,TC_NAGPUR_01,0,,
64.08176191555845,1,0.8763142328522695,1.0,0,TC_NAGPUR_01,0,,
81.23991683337144,1,0.9809457866867154,1.0,0,TC_PUNE_03,0,,
15.214870452809405,1,0.7526886088733269,1.0,0,TC_PUNE_03,0,,
31.129308562488344,1,0.7399001023270022,1.0,0,TC_PUNE_03,0,,
61.01558707383811,1,0.7246477037385746,1.0,0,TC_NAGPUR_01,0,,
44.3201192908377,1,0.9749286884084201,1.0,0,TC_NASHIK_02,0,,
1.8391073127286262,23,,,1,TC_NAGPUR_01,1,0.4274656657052359,0.0
71.08998800849423,1,0.8353863766767677,1.0,0,TC_MUMBAI_01,0,,
33.59972755846904,1,0.883110976562886,1.0,0,TC_NAGPUR_01,0,,
27.413214070886585,2,0.874943307763041,1.0,0,TC_NASHIK_02,0,,
64.74840445540384,1,0.7479932315599126,1.0,0,TC_NASHIK_02,0,,
37.35665709682436,1,0.9520325034346532,1.0,0,TC_PUNE_03,0,,
46.39351071541019,1,0.928657146001069,1.0,0,TC_NAGPUR_01,0,,
41.88010951213877,1,0.7131791921116885,1.0,0,TC_PUNE_03,0,,
42.662745262545656,1,0.919276230880031,1.0,0,TC_MUMBAI_01,0,,
29.04352759671164,1,0.960900714488507,1.0,0,TC_NAGPUR_01,0,,
61.047711349110486,1,0.7750078711305562,0.0,0,TC_NASHIK_02,0,,
42.6614597791012,1,0.866166126765295,1.0,0,TC_NASHIK_02,0,,
80.95646289208631,1,0.9171758301286475,1.0,0,TC_PUNE_03,0,,
51.88334174832763,1,0.9632567161235973,1.0,0,TC_PUNE_03,0,,
31.85648929966037,1,0.9396305514507547,1.0,0,TC_NASHIK_02,0,,
37.853245770629464,1,0.8571125669573274,1.0,0,TC_NAGPUR_01,0,,
44.21165363256588,1,0.9492980673423661,1.0,0,TC_NAGPUR_01,0,,
61.15780105309718,1,0.9641967831004804,1.0,0,TC_MUMBAI_01,0,,
1.9877017938846735,6,,,1,TC_RURAL_MALPRACTICE_09,1,0.5476912402081823,0.0
22.6271995346884,1,0.7702118855629866,1.0,0,TC_NASHIK_02,0,,
55.817674839977514,1,0.8771620651508647,1.0,0,TC_NASHIK_02,0,,
42.32700398591657,1,0.937992267033461,1.0,0,TC_PUNE_03,0,,
42.82331096677837,1,0.7501077798538127,1.0,0,TC_NASHIK_02,0,,
38.35496873491553,1,0.9466220213805971,1.0,0,TC_MUMBAI_01,0,,
38.62585274289779,1,0.834560066217788,1.0,0,TC_NAGPUR_01,0,,
29.119774714005775,1,0.9608746425698804,1.0,0,TC_PUNE_03,0,,
45.3323383953604,1,0.8299670627313742,1.0,0,TC_MUMBAI_01,0,,
43.69039940003231,1,0.7594592245350291,1.0,0,TC_NASHIK_02,0,,
47.458991150179386,2,0.9817060292811532,1.0,0,TC_NASHIK_02,0,,
47.05134145350145,1,0.8853341237747796,1.0,0,TC_MUMBAI_01,0,,
38.1715288617185,1,0.8314424749326949,1.0,0,TC_NAGPUR_01,0,,
24.334011619572955,1,0.9215929633782237,1.0,0,TC_MUMBAI_01,0,,
57.90337058951915,1,0.8288422781117547,1.0,0,TC_NAGPUR_01,0,,
41.711902308197196,1,0.8087756490635333,1.0,0,TC_NAGPUR_01,0,,
26.134593310638877,2,0.8558314071898314,1.0,0,TC_NASHIK_02,0,,
26.35935816620563,1,0.5741695864065643,1.0,0,TC_NASHIK_02,0,,
53.485008814999915,1,0.8999725779851713,1.0,0,TC_MUMBAI_01,0,,
35.15156653520899,1,0.6430780678665075,1.0,0,TC_MUMBAI_01,0,,
29.991002004647704,1,0.7198976854104772,1.0,0,TC_MUMBAI_01,0,,
43.46014952424773,1,0.8279252750344693,1.0,0,TC_NASHIK_02,0,,
50.66179246158333,1,0.5008321408017484,1.0,0,TC_PUNE_03,0,,
31.25859770260042,2,0.9573106507929172,1.0,0,TC_NASHIK_02,0,,
36.64351797720997,2,0.9252163957841592,1.0,0,TC_PUNE_03,0,,
53.579303028613246,1,0.7753338124127077,1.0,0,TC_MUMBAI_01,0,,
33.78023071004323,1,0.9976697413715628,1.0,0,TC_MUMBAI_01,0,,
94.92410623863049,2,0.7875319517387481,1.0,0,TC_MUMBAI_01,0,,
84.51305112548167,1,0.8416575391446933,1.0,0,TC_NAGPUR_01,0,,
28.64782979382387,1,0.9368069250052774,1.0,0,TC_PUNE_03,0,,
37.952944521424456,1,0.8340306097745508,1.0,0,TC_NAGPUR_01,0,,
56.54692838584143,1,0.8915843397057659,1.0,0,TC_PUNE_03,0,,
58.658680889648345,1,0.8423241554660981,1.0,0,TC_PUNE_03,0,,
32.37641352439797,2,0.7526350154908024,1.0,0,TC_MUMBAI_01,0,,
33.797059509154465,1,0.8599108830185742,1.0,0,TC_MUMBAI_01,0,,
57.727409832696615,1,0.8913276874582762,1.0,0,TC_PUNE_03,0,,
14.896638338133366,1,0.8727314425450063,0.0,0,TC_MUMBAI_01,0,,
49.07284866231519,1,0.8437832230916905,1.0,0,TC_NAGPUR_01,0,,
35.62583272541529,1,0.9399327919247572,1.0,0,TC_MUMBAI_01,0,,
45.75250079395572,1,0.7994654889383306,1.0,0,TC_MUMBAI_01,0,,
21.495891055353283,1,0.5935705769054546,1.0,0,TC_NASHIK_02,0,,
25.499888370794714,1,0.9228138149387367,1.0,0,TC_PUNE_03,0,,
48.20175408016346,1,0.8811186739586637,1.0,0,TC_PUNE_03,0,,
36.176509648741316,1,0.9261158883067682,1.0,0,TC_NAGPUR_01,0,,
18.8573102202083,1,0.9026178005216291,1.0,0,TC_NAGPUR_01,0,,
65.56107774943777,1,0.9304362821119191,1.0,0,TC_NASHIK_02,0,,
36.632220241183674,1,0.7906633368150956,1.0,0,TC_PUNE_03,0,,
80.2780664221647,1,0.9833337210069193,1.0,0,TC_NASHIK_02,0,,
46.52118829428381,1,0.744474558937718,1.0,0,TC_PUNE_03,0,,
28.134918720293232,1,0.570523284650125,1.0,0,TC_NAGPUR_01,0,,
25.877244705569396,1,0.7750945303257966,1.0,0,TC_NASHIK_02,0,,
23.57688181026665,2,0.9306865247603286,1.0,0,TC_PUNE_03,0,,
48.502908417197304,1,0.8457511241576977,1.0,0,TC_NASHIK_02,0,,
34.59868602369424,1,0.7048132445282358,1.0,0,TC_NAGPUR_01,0,,
32.705266305513945,1,0.6791014565285879,1.0,0,TC_NASHIK_02,0,,
45.30155205150321,1,0.6099111110919514,1.0,0,TC_NASHIK_02,0,,
25.08226136802451,1,0.953082701826229,1.0,0,TC_PUNE_03,0,,
55.808318710737794,1,0.6295524228892645,1.0,0,TC_NAGPUR_01,0,,
23.742806582955907,1,0.8131551672272256,1.0,0,TC_NASHIK_02,0,,
51.52695085456065,1,0.9692198570189714,1.0,0,TC_PUNE_03,0,,
51.21309070992808,1,0.8207958522407915,1.0,0,TC_PUNE_03,0,,
35.53219942488464,1,0.5745254648174838,1.0,0,TC_NASHIK_02,0,,
53.92484528890315,1,0.8073514854465041,1.0,0,TC_NASHIK_02,0,,
19.132913419359852,1,0.7452322131619292,1.0,0,TC_PUNE_03,0,,
61.38651090883306,1,0.8738339268527809,1.0,0,TC_PUNE_03,0,,
29.559907287695967,1,0.6235114625496897,1.0,0,TC_NASHIK_02,0,,
37.10973696022596,1,0.8595747904062991,1.0,0,TC_PUNE_03,0,,
59.16289865422743,1,0.8149669931137743,1.0,0,TC_NASHIK_02,0,,
48.69100747521938,1,0.8772040428581402,1.0,0,TC_NASHIK_02,0,,
18.643626155455493,1,0.9198933683273632,1.0,0,TC_NASHIK_02,0,,
49.407977441385036,2,0.5920687485074028,1.0,0,TC_NASHIK_02,0,,
52.540117637991095,1,0.8250199011992994,1.0,0,TC_MUMBAI_01,0,,
37.368428970555115,1,0.629603929095121,1.0,0,TC_NASHIK_02,0,,
25.211675879295708,1,0.9548671349428716,1.0,0,TC_NASHIK_02,0,,
2.2188993423736183,20,,,0,TC_RURAL_MALPRACTICE_09,1,0.19263524085627812,0.0
0.5495787560731704,16,,,1,TC_NAGPUR_01,1,0.48318465436269364,0.0
45.561044416055054,1,0.7748744383751152,1.0,0,TC_NAGPUR_01,0,,
24.592262532049727,1,0.7210979090889332,1.0,0,TC_NAGPUR_01,0,,
61.21017479876115,1,0.8309229819486781,1.0,0,TC_PUNE_03,0,,
27.768162931921086,2,0.8887198264634176,1.0,0,TC_MUMBAI_01,0,,
35.25547925192999,1,0.6862875657463542,1.0,0,TC_MUMBAI_01,0,,
41.22613165832058,1,0.877385618876791,1.0,0,TC_PUNE_03,0,,
81.47431327572451,1,0.8946056994224907,1.0,0,TC_MUMBAI_01,0,,
30.046150176610347,1,0.9081877645283457,1.0,0,TC_NASHIK_02,0,,
59.66661149442726,2,0.8732052586099812,1.0,0,TC_PUNE_03,0,,
34.93099896325141,1,0.83787063177309,1.0,0,TC_NASHIK_02,0,,
57.863770479799285,1,0.9010248313348519,1.0,0,TC_NASHIK_02,0,,
30.870381046778036,1,0.9162242181069243,1.0,0,TC_NAGPUR_01,0,,
54.97423619707879,1,0.9849052850217201,1.0,0,TC_PUNE_03,0,,
27.144586114370455,1,0.9027397883427148,1.0,0,TC_NAGPUR_01,0,,
59.548860832811854,1,0.8152924607542559,1.0,0,TC_NASHIK_02,0,,
40.25929584612763,1,0.8318605330295847,1.0,0,TC_MUMBAI_01,0,,
34.13327169285773,2,0.7854263828306938,1.0,0,TC_NAGPUR_01,0,,
49.99256212582111,2,0.9706073194742226,1.0,0,TC_NAGPUR_01,0,,
62.23912652642308,1,0.8703908251476519,1.0,0,TC_MUMBAI_01,0,,
2.4149505717746416,15,,,1,TC_NAGPUR_01,1,0.25180922834342423,0.0
42.76961578273995,1,0.5727033782640203,1.0,0,TC_NASHIK_02,0,,
42.202869375519754,1,0.5354385268758592,1.0,0,TC_NAGPUR_01,0,,
51.67719092671565,1,0.6350167597767548,1.0,0,TC_NASHIK_02,0,,
43.84567958361524,1,0.937464455032544,1.0,0,TC_MUMBAI_01,0,,
29.899847698581745,1,0.7222864329396562,1.0,0,TC_MUMBAI_01,0,,
26.394514275769748,1,0.89961648637176,1.0,0,TC_MUMBAI_01,0,,
67.11324704269101,1,0.9191257033690996,1.0,0,TC_NAGPUR_01,0,,
45.69149385940541,1,0.9184160345285898,1.0,0,TC_PUNE_03,0,,
41.397113007107215,1,0.8238986857920416,1.0,0,TC_NASHIK_02,0,,
29.479764244403313,1,0.9670460877293977,1.0,0,TC_NAGPUR_01,0,,
70.64394395418692,1,0.8942881560320849,1.0,0,TC_NAGPUR_01,0,,
38.49269483592363,1,0.7637114620676592,1.0,0,TC_NASHIK_02,0,,
31.791801284507255,1,0.9818951819535445,1.0,0,TC_NAGPUR_01,0,,
54.98196572823742,2,0.805977783127306,1.0,0,TC_MUMBAI_01,0,,
35.686460327369915,1,0.8363606761936478,1.0,0,TC_MUMBAI_01,0,,
32.869970197958935,1,0.8606894372069579,1.0,0,TC_PUNE_03,0,,
47.30847910441237,1,0.941544852798795,1.0,0,TC_NASHIK_02,0,,
29.49365647048864,1,0.8282989331267611,1.0,1,TC_MUMBAI_01,0,,
36.82850525403804,1,0.9929069561244751,1.0,0,TC_MUMBAI_01,0,,
41.07223722676013,1,0.9997707845477208,1.0,0,TC_NAGPUR_01,0,,
24.506818724714154,1,0.74185582363845,1.0,0,TC_MUMBAI_01,0,,
38.895541527639836,1,0.8986729585836576,1.0,0,TC_NAGPUR_01,0,,
1.6060163346375669,11,,,1,TC_RURAL_MALPRACTICE_09,1,0.19593578699279882,0.0
32.57170116996312,1,0.8770527697122086,1.0,0,TC_NASHIK_02,0,,
19.8904449122714,1,0.9279822742194226,1.0,0,TC_NAGPUR_01,0,,
43.415397252680165,1,0.8683915163545632,1.0,0,TC_MUMBAI_01,0,,
1.4414696833914251,11,,,1,TC_NAGPUR_01,1,0.4855793777418368,0.0
73.18535277407429,1,0.9070064457920863,1.0,0,TC_NASHIK_02,0,,
46.56711504220197,1,0.8928779610354874,1.0,0,TC_PUNE_03,0,,
42.41595623037558,1,0.8001037495921333,1.0,0,TC_MUMBAI_01,0,,
45.930565297890645,1,0.9603066239619276,1.0,0,TC_NAGPUR_01,0,,
32.358731203087586,1,0.8550074880317625,1.0,0,TC_PUNE_03,0,,
76.76119706259841,1,0.8434311756399249,1.0,0,TC_NASHIK_02,0,,
28.032298833648042,1,0.7903232559648292,1.0,0,TC_NAGPUR_01,0,,
69.71181967702597,1,0.8205412427784213,1.0,0,TC_PUNE_03,0,,
45.05070371521794,1,0.8833424304370537,1.0,0,TC_NAGPUR_01,0,,
42.45472795055479,1,0.7665454660533605,1.0,0,TC_NASHIK_02,0,,
63.70123977297901,1,0.9225677396178557,1.0,0,TC_NASHIK_02,0,,
1.1532752839312428,19,,,1,TC_RURAL_MALPRACTICE_09,1,0.34355409203402176,0.0
26.089493499915967,1,0.7756024400143571,1.0,0,TC_NAGPUR_01,0,,
30.42136540556446,1,0.7555996560975077,1.0,0,TC_PUNE_03,0,,
35.283741910681314,1,0.5731965702366949,1.0,0,TC_PUNE_03,0,,
32.06734629476892,1,0.9028000223497802,1.0,0,TC_MUMBAI_01,0,,
33.59609686538283,1,0.69844748604609,1.0,0,TC_NASHIK_02,0,,
48.96274536065688,1,0.9473771838298246,1.0,0,TC_PUNE_03,0,,
18.27243200152441,1,0.8744128651895394,1.0,0,TC_PUNE_03,0,,
30.06045918260264,1,0.7448578096943409,1.0,0,TC_MUMBAI_01,0,,
37.30733583433815,1,0.7245527778484628,1.0,0,TC_MUMBAI_01,0,,
25.868793991308316,1,0.9715648635690652,1.0,0,TC_NAGPUR_01,0,,
53.44952322445312,1,0.7324001387023094,0.0,0,TC_PUNE_03,0,,
51.11893143764322,1,0.920612952378157,1.0,0,TC_NASHIK_02,0,,
27.422779175783784,1,0.914343228633993,1.0,0,TC_NASHIK_02,0,,
17.82422878667884,1,0.865682623189909,1.0,0,TC_NAGPUR_01,0,,
25.63064364588673,1,0.9929516410301601,1.0,0,TC_PUNE_03,0,,
24.177793829792233,1,0.75211351105854,1.0,0,TC_MUMBAI_01,0,,
28.58884098968899,1,0.9021891464345638,0.0,0,TC_NAGPUR_01,0,,
20.91603515136689,2,0.9111899541988848,1.0,0,TC_NASHIK_02,0,,
69.66029151781814,1,0.7956085059775128,1.0,0,TC_NAGPUR_01,0,,
29.138551695409124,1,0.9558226348755702,1.0,0,TC_NAGPUR_01,0,,
41.46311755606503,1,0.9268602509688981,1.0,0,TC_NAGPUR_01,0,,
2.2432568220152924,14,,,1,TC_RURAL_MALPRACTICE_09,1,0.4654172593350844,0.0
66.77604536070501,1,0.9608071064805399,1.0,0,TC_PUNE_03,0,,
53.401230579160995,1,0.8482120817875652,1.0,0,TC_NAGPUR_01,0,,
118.47157027444665,1,0.7447756574656671,1.0,0,TC_PUNE_03,0,,
46.12372030023692,1,0.763163354664903,1.0,0,TC_NASHIK_02,0,,
27.56699899205663,1,0.8846807463686995,1.0,0,TC_NASHIK_02,0,,
36.96542392581122,1,0.8681083441736499,1.0,0,TC_NASHIK_02,0,,
37.87925820297329,1,0.7687667808621479,1.0,0,TC_NASHIK_02,0,,
48.982011767251954,1,0.9327086523551569,1.0,0,TC_NASHIK_02,0,,
30.766485133260346,1,0.8633134074407606,1.0,0,TC_NASHIK_02,0,,
39.788327808391024,1,0.94696085928324,1.0,0,TC_MUMBAI_01,0,,
47.900280993651904,1,0.8471864238661831,1.0,0,TC_PUNE_03,0,,
28.74033447233259,1,0.979381602879405,1.0,0,TC_MUMBAI_01,0,,
36.164697443076804,1,0.612770369747813,1.0,0,TC_PUNE_03,0,,
39.2825306861865,2,0.8832859350350634,1.0,0,TC_PUNE_03,0,,
2.1626640206435814,8,,,1,TC_RURAL_MALPRACTICE_09,1,0.1874229340201443,0.0
33.06800994604859,1,0.7513093122544048,1.0,0,TC_NASHIK_02,0,,
43.24702094996108,1,0.9034783847473731,1.0,0,TC_MUMBAI_01,0,,
45.5215011483583,1,0.8164660499950479,1.0,0,TC_MUMBAI_01,0,,
64.78613455523995,1,0.9378771328751303,1.0,0,TC_NAGPUR_01,0,,
49.8813519972155,1,0.8188005472772141,1.0,0,TC_PUNE_03,0,,
20.081327123574113,1,0.9862619094501247,1.0,0,TC_PUNE_03,0,,
43.58923402417577,1,0.7660003648585054,1.0,0,TC_NAGPUR_01,0,,
37.28459463452006,1,0.7574429511437866,1.0,1,TC_NASHIK_02,0,,
20.821515921908187,1,0.9651933151893368,1.0,0,TC_MUMBAI_01,0,,
38.23200647444173,1,0.9676803298434988,1.0,0,TC_NASHIK_02,0,,
71.71103468342169,1,0.6992180009751648,1.0,0,TC_MUMBAI_01,0,,
22.597527754379765,1,0.8313911195567243,1.0,0,TC_PUNE_03,0,,
42.31894711939368,1,0.9164419427762714,1.0,0,TC_MUMBAI_01,0,,
59.76479839770247,1,0.5793128415244193,1.0,0,TC_NASHIK_02,0,,
54.34844358397717,2,0.5811685318022146,1.0,0,TC_NASHIK_02,0,,
39.45746021518958,2,0.7601621364503655,1.0,0,TC_PUNE_03,0,,
70.87448325358596,1,0.9538458188350232,1.0,0,TC_NAGPUR_01,0,,
65.80752631925898,1,0.8261131616259625,1.0,0,TC_PUNE_03,0,,
43.26619720228923,1,0.7370290415822539,1.0,0,TC_PUNE_03,0,,
39.22566842075276,1,0.6088104655188398,1.0,0,TC_MUMBAI_01,0,,
37.64668786986559,1,0.9784153035433015,1.0,0,TC_MUMBAI_01,0,,
29.319809330607004,1,0.899020514203045,1.0,0,TC_NAGPUR_01,0,,
15.666090851539666,1,0.8616193466396745,1.0,0,TC_NASHIK_02,0,,
55.3804745521255,1,0.9508257426715326,1.0,0,TC_PUNE_03,0,,
15.322207106264235,1,0.8229861804081461,1.0,0,TC_NAGPUR_01,0,,
48.5642081190525,1,0.9854062985716562,1.0,0,TC_PUNE_03,0,,
22.174881761708598,1,0.8850878326000575,1.0,0,TC_NAGPUR_01,0,,
40.36483292412027,1,0.9399944692020261,1.0,0,TC_MUMBAI_01,0,,
56.76283962291659,1,0.9724195982646928,1.0,0,TC_PUNE_03,0,,
114.30078760321233,1,0.873908694956886,1.0,0,TC_PUNE_03,0,,
46.25916518962534,1,0.6742430883675098,1.0,0,TC_NAGPUR_01,0,,
58.77332864524005,1,0.8150130211472714,1.0,0,TC_NAGPUR_01,0,,
48.842247740125174,1,0.8991236863377216,1.0,0,TC_MUMBAI_01,0,,
29.358502664021902,1,0.9460964022356441,1.0,0,TC_MUMBAI_01,0,,
61.17779729465892,1,0.8919273583490334,1.0,0,TC_MUMBAI_01,0,,
31.412643392363773,1,0.7576653033008173,1.0,0,TC_PUNE_03,0,,
31.008045314091728,1,0.7509557945120255,1.0,0,TC_NAGPUR_01,0,,
45.81845041373572,1,0.8067843996312972,1.0,0,TC_PUNE_03,0,,
72.0998424584302,2,0.8288665567309649,1.0,0,TC_PUNE_03,0,,
48.47066932054477,1,0.6872503109159573,1.0,0,TC_PUNE_03,0,,
61.87643294248381,1,0.9762256849021448,1.0,0,TC_PUNE_03,0,,
52.45775515549522,1,0.8918956558122471,1.0,0,TC_NAGPUR_01,0,,
27.661349277988446,1,0.781644582194858,1.0,0,TC_PUNE_03,0,,
20.43869432918686,1,0.9449436636913436,1.0,0,TC_NAGPUR_01,0,,
40.009220679585745,1,0.8678274257857335,1.0,0,TC_NASHIK_02,0,,
31.487668853772874,1,0.9426639025592345,1.0,0,TC_MUMBAI_01,0,,
36.5929210825629,1,0.8386201373026682,1.0,0,TC_MUMBAI_01,0,,
23.79990286711682,1,0.9040555918865273,1.0,0,TC_PUNE_03,0,,
44.25695097023497,1,0.9450581511439076,1.0,0,TC_PUNE_03,0,,
38.37317705251148,1,0.8907348892699694,1.0,0,TC_NAGPUR_01,0,,
27.483499769303076,1,0.8932754620857067,1.0,0,TC_MUMBAI_01,0,,
58.084770719943464,1,0.8719752853500924,1.0,0,TC_MUMBAI_01,0,,
53.98642506864538,2,0.7096672783014413,1.0,1,TC_MUMBAI_01,0,,
37.25161374327551,1,0.9432526040509556,1.0,0,TC_NASHIK_02,0,,
45.88483326527441,1,0.9452615953840102,1.0,0,TC_MUMBAI_01,0,,
35.732736288203675,1,0.8037452293839069,1.0,0,TC_MUMBAI_01,0,,
37.10534784233793,1,0.9046610098613292,1.0,0,TC_PUNE_03,0,,
35.90202068278982,1,0.844507908280117,1.0,0,TC_MUMBAI_01,0,,
43.45210624921886,1,0.9684278644163531,1.0,1,TC_PUNE_03,0,,
23.55550041447407,1,0.8430584423521801,1.0,0,TC_PUNE_03,0,,
1.090629685180974,19,,,1,TC_NAGPUR_01,1,0.4141260860626822,0.0
26.350019913942948,1,0.7946228032425838,1.0,0,TC_NAGPUR_01,0,,
23.947733480471737,1,0.6994392093991123,1.0,0,TC_NAGPUR_01,0,,
36.089340028274606,1,0.8750938204476446,1.0,0,TC_PUNE_03,0,,
26.081150321451073,1,0.7387442251576496,1.0,0,TC_PUNE_03,0,,
46.382374247431166,1,0.8439081148250327,1.0,0,TC_MUMBAI_01,0,,
44.77614043288353,1,0.5291482613025625,1.0,0,TC_NASHIK_02,0,,
1.537053482472648,19,,,1,TC_RURAL_MALPRACTICE_09,1,0.17790817870234588,0.0
50.77352555314749,1,0.9301808296598423,1.0,1,TC_MUMBAI_01,0,,
35.22887850245751,1,0.9777041174362735,1.0,0,TC_NAGPUR_01,0,,
39.01481914588663,1,0.92895470395802,1.0,0,TC_PUNE_03,0,,
38.0418811492094,1,0.7884585006336378,1.0,0,TC_NASHIK_02,0,,
29.998990018301118,1,0.9429981881637091,1.0,0,TC_MUMBAI_01,0,,
26.359826044026338,1,0.9314232684106496,1.0,0,TC_MUMBAI_01,0,,
38.52161871835406,1,0.8647513184081103,1.0,0,TC_MUMBAI_01,0,,
49.587819226733856,1,0.7233324698232926,1.0,0,TC_PUNE_03,0,,
64.27417973538462,1,0.8925935280281657,1.0,0,TC_PUNE_03,0,,
62.78914264594897,1,0.9686608401817409,1.0,0,TC_MUMBAI_01,0,,
35.45561960873419,1,0.9266196244595675,1.0,1,TC_PUNE_03,0,,
30.765379378228317,1,0.7883124557663245,1.0,0,TC_PUNE_03,0,,
31.026498077359754,1,0.8331277961570286,1.0,0,TC_NAGPUR_01,0,,
58.28023029571721,1,0.8816033771037491,1.0,0,TC_NASHIK_02,0,,
28.83783605640994,1,0.9770077477781468,1.0,0,TC_PUNE_03,0,,
29.90853981417313,1,0.8918315698191978,1.0,0,TC_NAGPUR_01,0,,
20.065852257954944,1,0.8625775785707641,1.0,0,TC_MUMBAI_01,0,,
69.62097381643319,1,0.920562015724006,1.0,0,TC_MUMBAI_01,0,,
80.73878772500804,1,0.7752745183312302,1.0,0,TC_NASHIK_02,0,,
23.625134013161222,2,0.9471732396666738,1.0,0,TC_NASHIK_02,0,,
28.96519474592031,1,0.8381430358538128,1.0,0,TC_MUMBAI_01,0,,
18.6068090490892,1,0.9176789298091744,1.0,0,TC_PUNE_03,0,,
65.16407585426802,1,0.7295114385612385,1.0,0,TC_PUNE_03,0,,
70.44885801292294,1,0.8903837732439401,1.0,0,TC_NASHIK_02,0,,
24.12231962201208,2,0.8679653327280089,1.0,0,TC_NAGPUR_01,0,,
48.77930902224964,1,0.8094142783199696,1.0,0,TC_PUNE_03,0,,
34.72591550525017,1,0.8855942695991569,1.0,1,TC_NASHIK_02,0,,
58.075682869264796,1,0.8646098851155883,1.0,0,TC_MUMBAI_01,0,,
52.44009058421419,1,0.9119506228342479,1.0,0,TC_PUNE_03,0,,
23.139862239932135,1,0.8443058896479132,1.0,0,TC_MUMBAI_01,0,,
41.292044482273496,1,0.47558816217714295,1.0,0,TC_NAGPUR_01,0,,
30.503608135564495,1,0.8142371719594238,1.0,0,TC_NAGPUR_01,0,,
36.52126427338643,1,0.9120483249092942,1.0,0,TC_PUNE_03,0,,
2.1730569410912897,20,,,1,TC_NAGPUR_01,1,0.4344750929983944,1.0
51.51806997910511,1,0.8723731378868481,1.0,0,TC_MUMBAI_01,0,,
27.906474288595703,1,0.9619961874687758,1.0,0,TC_NASHIK_02,0,,
41.05681577459567,1,0.7469501595466977,1.0,0,TC_MUMBAI_01,0,,
24.1893915418204,1,0.9964937650994936,1.0,0,TC_NAGPUR_01,0,,
34.84405029668932,1,0.906546707982147,1.0,0,TC_MUMBAI_01,0,,
45.611437733231796,1,0.6699769444002402,1.0,0,TC_NAGPUR_01,0,,
0.663324860603822,10,,,0,TC_RURAL_MALPRACTICE_09,1,0.4628126251182936,0.0
42.86484888365611,1,0.92028034278541,1.0,0,TC_MUMBAI_01,0,,
28.599262479454385,1,0.8240608056239483,1.0,0,TC_PUNE_03,0,,
62.36666686835632,1,0.5957832800027573,1.0,0,TC_NASHIK_02,0,,
33.49551013419806,1,0.9569166093825588,0.0,0,TC_NAGPUR_01,0,,
34.849895200649456,1,0.783060458409088,1.0,0,TC_MUMBAI_01,0,,
60.75885092438159,1,0.9584493589985272,1.0,0,TC_NASHIK_02,0,,
62.4475509763415,1,0.9434308868853211,1.0,0,TC_NAGPUR_01,0,,
42.579638816138925,1,0.8606755266501325,1.0,0,TC_MUMBAI_01,0,,
80.72910276685384,1,0.9054363250160439,1.0,0,TC_PUNE_03,0,,
23.55173719781647,1,0.8162304244867514,1.0,0,TC_PUNE_03,0,,
48.70189935969444,1,0.9196927037977292,1.0,0,TC_MUMBAI_01,0,,
75.77416213824547,1,0.9370291702601046,1.0,0,TC_NASHIK_02,0,,
59.98501010142127,1,0.5801642659283573,1.0,0,TC_NASHIK_02,0,,
41.30764422009337,1,0.682125483123615,1.0,0,TC_NAGPUR_01,0,,
23.012505608402808,1,0.8928650835441759,1.0,0,TC_PUNE_03,0,,
0.26890379198992165,18,,,0,TC_RURAL_MALPRACTICE_09,1,0.2970934546740136,1.0
42.72153406397201,1,0.7793748777258457,1.0,0,TC_MUMBAI_01,0,,
22.685450123897915,2,0.8594545393926427,1.0,0,TC_MUMBAI_01,0,,
61.85073546005842,1,0.9392300021651672,1.0,0,TC_NAGPUR_01,0,,
28.689637349222455,1,0.8245223251195247,1.0,0,TC_PUNE_03,0,,
41.86038713910603,1,0.8764758470581437,1.0,0,TC_NAGPUR_01,0,,
53.60412143178831,1,0.5920441926816619,1.0,0,TC_NASHIK_02,0,,
38.87565698214725,1,0.815579439385507,1.0,0,TC_PUNE_03,0,,
81.65298822023887,1,0.5580360265207005,1.0,0,TC_NAGPUR_01,0,,
56.97080168036742,1,0.5342660258945916,1.0,0,TC_MUMBAI_01,0,,
47.35039955357336,1,0.9585094495489501,1.0,0,TC_PUNE_03,0,,
42.70286491496016,1,0.8120118899279395,1.0,0,TC_PUNE_03,0,,
35.52712228078154,1,0.8200300850672073,1.0,0,TC_NASHIK_02,0,,
53.91475317570784,1,0.816478353328151,1.0,0,TC_NASHIK_02,0,,
62.54582756380319,1,0.7576396216320034,1.0,0,TC_NAGPUR_01,0,,
49.362015234884446,1,0.6400335499139531,1.0,0,TC_PUNE_03,0,,
19.50710804058054,1,0.8975859775250379,1.0,0,TC_MUMBAI_01,0,,
41.02695420015013,1,0.8364493780269888,1.0,0,TC_MUMBAI_01,0,,
31.075493375909552,1,0.9146282209190331,1.0,0,TC_NAGPUR_01,0,,
27.355723790882266,1,0.8616236353637029,1.0,0,TC_NAGPUR_01,0,,
26.911036038441384,1,0.9638509898315588,1.0,0,TC_PUNE_03,0,,
39.974321907130715,1,0.9919646991720544,1.0,0,TC_NASHIK_02,0,,
64.07401526745036,1,0.9667973276433801,1.0,0,TC_NASHIK_02,0,,
34.309874174928446,1,0.9497090006208461,1.0,0,TC_NAGPUR_01,0,,
42.16908813454667,1,0.8011241923957251,1.0,0,TC_MUMBAI_01,0,,
33.097322435821496,1,0.8978851148687057,1.0,0,TC_NAGPUR_01,0,,
55.218408844164976,1,0.7352738729866053,1.0,1,TC_PUNE_03,0,,
37.70658477351007,1,0.9526981675114055,1.0,0,TC_PUNE_03,0,,
23.670252542405983,1,0.9727888341445238,1.0,0,TC_MUMBAI_01,0,,
50.54408558543229,1,0.6651102726784062,1.0,0,TC_MUMBAI_01,0,,
62.74877465056707,1,0.7392236887129934,1.0,0,TC_PUNE_03,0,,
49.15329104123564,1,0.9665282295741454,1.0,0,TC_MUMBAI_01,0,,
27.36581747043505,2,0.9344373147541288,1.0,0,TC_NAGPUR_01,0,,
45.659898800241585,1,0.9784161183046481,1.0,0,TC_NAGPUR_01,0,,
32.55371276395328,1,0.8627060685770621,1.0,0,TC_MUMBAI_01,0,,
36.773337995163374,2,0.9935056999000756,1.0,0,TC_MUMBAI_01,0,,
30.466156426120733,1,0.5392769014953754,1.0,0,TC_NAGPUR_01,0,,
26.96376127060481,1,0.8896714574951533,1.0,0,TC_NAGPUR_01,0,,
28.872131360463957,1,0.9523069346059524,1.0,0,TC_NASHIK_02,0,,
33.14051220231193,1,0.9226214874813683,1.0,0,TC_NAGPUR_01,0,,
57.73874697262364,1,0.913533468933279,1.0,0,TC_NASHIK_02,0,,
37.81152342311631,1,0.9080363620828964,1.0,0,TC_NASHIK_02,0,,
35.34217591432592,1,0.7899283479717486,1.0,0,TC_PUNE_03,0,,
62.127841516070234,1,0.8035663385438067,1.0,0,TC_PUNE_03,0,,
2.1554052445867704,12,,,1,TC_RURAL_MALPRACTICE_09,1,0.35143670035311564,0.0
0.5359093283164561,17,,,1,TC_RURAL_MALPRACTICE_09,1,0.4666156647118448,1.0
46.542154819834764,1,0.6650455834327788,1.0,0,TC_PUNE_03,0,,
41.11049111896276,1,0.8928398803270231,1.0,1,TC_NAGPUR_01,0,,
33.31355238918205,1,0.9016619334160202,1.0,0,TC_MUMBAI_01,0,,
40.687342849498926,1,0.718814395213874,1.0,0,TC_NAGPUR_01,0,,
32.73117600679997,2,0.941154191456071,1.0,0,TC_NASHIK_02,0,,
51.52960128561902,1,0.9771922664232078,1.0,0,TC_NAGPUR_01,0,,
0.38661776382383006,14,,,1,TC_RURAL_MALPRACTICE_09,1,0.22209338028911751,0.0
43.32047700587723,2,0.9346678306413738,1.0,0,TC_NASHIK_02,0,,
28.371627530526755,1,0.8353377948946789,1.0,0,TC_NASHIK_02,0,,
25.888546219391475,1,0.6923586579660811,1.0,0,TC_PUNE_03,0,,
43.7786024759896,1,0.9532513012455452,1.0,0,TC_PUNE_03,0,,
40.94644297837215,1,0.8429566038106641,1.0,0,TC_NAGPUR_01,0,,
43.77718251737889,1,0.8444363117854955,1.0,0,TC_NAGPUR_01,0,,
29.684200158972782,1,0.9291339908498577,1.0,0,TC_PUNE_03,0,,
101.2320140726061,1,0.6854296176098923,1.0,0,TC_NAGPUR_01,0,,
74.30786336572658,1,0.7919208916265129,1.0,0,TC_NASHIK_02,0,,
25.64916481668336,1,0.9427152214306432,1.0,0,TC_MUMBAI_01,0,,
87.82786236066022,1,0.8103392396328883,1.0,0,TC_NASHIK_02,0,,
42.46972243203567,1,0.7553173443138311,1.0,0,TC_MUMBAI_01,0,,
67.9934858953986,1,0.8518729121344537,1.0,0,TC_NASHIK_02,0,,
58.458132073265666,1,0.8813150512542327,1.0,0,TC_MUMBAI_01,0,,
45.24999696390892,1,0.9654453250869722,1.0,0,TC_NAGPUR_01,0,,
45.054273597319636,1,0.9167002625891395,1.0,0,TC_NAGPUR_01,0,,
2.355318519720203,15,,,1,TC_NAGPUR_01,1,0.267916671138238,0.0
28.89186452124544,1,0.8696664281622889,1.0,0,TC_MUMBAI_01,0,,
2.396781297972494,14,,,1,TC_RURAL_MALPRACTICE_09,1,0.43184513882184394,0.0
49.39921160278074,1,0.6620968391985326,1.0,0,TC_NAGPUR_01,0,,
22.988586513041508,1,0.9182309955991119,1.0,0,TC_NASHIK_02,0,,
37.039290246866166,1,0.8967391923823966,1.0,0,TC_MUMBAI_01,0,,
29.91363197068409,1,0.9249185312792635,1.0,1,TC_NASHIK_02,0,,
33.10871027431626,1,0.9233905645826105,1.0,0,TC_NASHIK_02,0,,
0.7183416407303491,14,,,1,TC_NAGPUR_01,1,0.16162411566662568,0.0
64.09336007261987,1,0.8832377667069146,1.0,0,TC_NAGPUR_01,0,,
70.47328563214339,1,0.8360162295959805,1.0,0,TC_MUMBAI_01,0,,
37.038161067721575,1,0.8915832916617161,1.0,0,TC_NAGPUR_01,0,,
25.103355214200718,1,0.8369990410656928,1.0,0,TC_NASHIK_02,0,,
45.39417781955786,1,0.8600443638923263,1.0,0,TC_NASHIK_02,0,,
70.42379157463387,2,0.8685057766952681,1.0,0,TC_MUMBAI_01,0,,
24.301243335790048,1,0.9233659362599886,1.0,0,TC_NASHIK_02,0,,
42.14056041074557,1,0.9028745462165216,1.0,0,TC_NASHIK_02,0,,
42.14880343996507,1,0.8470932450675002,1.0,0,TC_NAGPUR_01,0,,
1.553336493352101,16,,,0,TC_NAGPUR_01,1,0.33631948412188406,0.0
54.093613712735255,1,0.6852164703799656,1.0,0,TC_NASHIK_02,0,,
21.610464145853648,1,0.8928247519631584,1.0,0,TC_NAGPUR_01,0,,
53.416362682702186,1,0.7373625364858237,1.0,0,TC_MUMBAI_01,0,,
15.644011392551842,1,0.9168802940362396,1.0,0,TC_MUMBAI_01,0,,
44.8730435469976,1,0.8840390378091826,1.0,0,TC_NASHIK_02,0,,
46.05823734237375,1,0.913990798380984,1.0,0,TC_NASHIK_02,0,,
32.445720265716396,2,0.9455690356760544,1.0,0,TC_NASHIK_02,0,,
55.711388413011136,1,0.9396403160991952,1.0,0,TC_NASHIK_02,0,,
49.711541482638054,1,0.9325521914970127,1.0,0,TC_NASHIK_02,0,,
52.87818845042198,1,0.8287509681324731,1.0,0,TC_NAGPUR_01,0,,
55.34197997847677,2,0.8137132452122141,1.0,0,TC_MUMBAI_01,0,,
34.11311436735795,1,0.7953052084002632,1.0,0,TC_PUNE_03,0,,
23.713952512045296,1,0.7993662842755498,1.0,0,TC_PUNE_03,0,,
27.324360392784584,2,0.8588210873308838,1.0,0,TC_NASHIK_02,0,,
2.2631754851668635,8,,,1,TC_RURAL_MALPRACTICE_09,1,0.5791935431819715,0.0
26.16145885574176,1,0.9561492577151931,1.0,0,TC_PUNE_03,0,,
31.430276201873458,1,0.8772199787719818,1.0,0,TC_MUMBAI_01,0,,
28.017274933735184,1,0.8265467840415452,1.0,0,TC_MUMBAI_01,0,,
26.87788482035378,1,0.9668283247072692,1.0,0,TC_PUNE_03,0,,
23.661781648726194,1,0.9390798659462173,1.0,0,TC_NASHIK_02,0,,
37.18046193660049,1,0.9643237526677101,1.0,0,TC_NASHIK_02,0,,
36.83849400495645,1,0.6479046677702595,1.0,0,TC_NAGPUR_01,0,,
24.12965106003186,1,0.7734000243046066,1.0,0,TC_MUMBAI_01,0,,
43.849347339548835,1,0.7972124243799356,1.0,0,TC_MUMBAI_01,0,,
34.30945377031049,1,0.7323057861797807,1.0,0,TC_PUNE_03,0,,
75.30267143482627,2,0.8724139746456837,1.0,0,TC_MUMBAI_01,0,,
45.57427732978474,1,0.8341482555749602,1.0,0,TC_NAGPUR_01,0,,
56.3614595312561,1,0.7773495898675072,1.0,0,TC_PUNE_03,0,,
0.8492380171562299,18,,,0,TC_RURAL_MALPRACTICE_09,1,0.397160767308719,0.0
42.94055215700475,1,0.7375406584207823,1.0,0,TC_NASHIK_02,0,,
70.35110789664922,1,0.9594156476835123,1.0,0,TC_NAGPUR_01,0,,
54.31521260703257,1,0.9661765286355143,1.0,0,TC_NAGPUR_01,0,,
50.751037806568675,2,0.8838430669948248,1.0,0,TC_PUNE_03,0,,
31.020163005456077,1,0.5423613986243104,1.0,0,TC_PUNE_03,0,,
61.3328393194686,1,0.8694510151014763,1.0,0,TC_MUMBAI_01,0,,
28.616329875586057,1,0.8003768849648522,1.0,0,TC_NAGPUR_01,0,,
51.43545057240273,1,0.6446931229803009,1.0,0,TC_MUMBAI_01,0,,
56.59792364465216,1,0.8858103869652212,1.0,0,TC_NAGPUR_01,0,,
100.12127923197207,1,0.889174784142593,1.0,0,TC_NASHIK_02,0,,
17.845697606343837,1,0.9011252863399352,1.0,0,TC_NAGPUR_01,0,,
71.77160536750142,1,0.866993485869281,1.0,0,TC_NAGPUR_01,0,,
0.4739238243438125,7,,,1,TC_RURAL_MALPRACTICE_09,1,0.34921347308828476,0.0
2.4763515882176343,11,,,0,TC_RURAL_MALPRACTICE_09,1,0.42376499965757386,0.0
47.56543415196413,1,0.6495243240588426,1.0,0,TC_NAGPUR_01,0,,
28.25353179177501,1,0.5558279799762205,1.0,0,TC_NASHIK_02,0,,
45.53374589160284,1,0.7815982706247582,1.0,0,TC_NAGPUR_01,0,,
40.96494480135097,1,0.9878290974008603,1.0,0,TC_NASHIK_02,0,,
29.547386328549422,1,0.9442598772371199,1.0,0,TC_PUNE_03,0,,
31.848789751177225,1,0.9214615061832234,1.0,0,TC_MUMBAI_01,0,,
24.759277190108172,1,0.8731449884563827,1.0,1,TC_NAGPUR_01,0,,
32.425512999796666,1,0.8808888366572691,1.0,0,TC_NAGPUR_01,0,,
34.732397203118836,1,0.96055311290006,1.0,0,TC_PUNE_03,0,,
30.291894217438916,1,0.8330982355143537,1.0,0,TC_NASHIK_02,0,,
29.312059440068445,1,0.8850040081469909,1.0,0,TC_MUMBAI_01,0,,
15.259668445828616,2,0.7233859448800838,1.0,0,TC_PUNE_03,0,,
1.999623132337291,19,,,1,TC_RURAL_MALPRACTICE_09,1,0.16286217324264063,0.0
50.47989113943584,1,0.9592589488174545,1.0,0,TC_NASHIK_02,0,,
34.16338433559886,1,0.9511096358697163,1.0,0,TC_PUNE_03,0,,
30.16816990646982,1,0.7265566678986748,1.0,0,TC_MUMBAI_01,0,,
30.803042613282663,1,0.9595309677862718,1.0,0,TC_NASHIK_02,0,,
28.942196006551587,2,0.9718519860324764,1.0,1,TC_NAGPUR_01,0,,
1.8062317286583116,24,,,0,TC_RURAL_MALPRACTICE_09,1,0.36262183504438295,0.0
21.60455920379292,1,0.8026345139213739,0.0,0,TC_PUNE_03,0,,
63.775427490625965,1,0.988417382817718,1.0,0,TC_PUNE_03,0,,
26.151121703691942,1,0.7263359474490747,1.0,0,TC_PUNE_03,0,,
70.43163540207969,1,0.9009493947362325,1.0,0,TC_MUMBAI_01,0,,
44.49562456179762,1,0.8401511260114888,1.0,0,TC_PUNE_03,0,,
16.690133142670064,1,0.8909617770339685,1.0,0,TC_NASHIK_02,0,,
25.221764563193688,1,0.8572749207589347,1.0,0,TC_PUNE_03,0,,
44.07074437742411,1,0.8645760088056096,1.0,0,TC_NAGPUR_01,0,,
46.63562306338086,1,0.9711020101150979,1.0,0,TC_NASHIK_02,0,,
95.9921255494838,1,0.9606235232876644,1.0,0,TC_NASHIK_02,0,,
83.10543550113383,1,0.9219546366014355,1.0,0,TC_NAGPUR_01,0,,
38.322982815992866,1,0.9813806750595203,1.0,0,TC_NASHIK_02,0,,
41.443452045347804,1,0.9500128871300035,1.0,0,TC_PUNE_03,0,,
35.00805625750496,1,0.8888426065273634,1.0,0,TC_NAGPUR_01,0,,
25.226302786131747,2,0.8161019007821682,1.0,0,TC_PUNE_03,0,,
37.20580187200764,1,0.8193409788870768,1.0,0,TC_PUNE_03,0,,
55.12506371905373,1,0.6394741921134143,1.0,0,TC_MUMBAI_01,0,,
38.54397480569347,1,0.8965157680160332,1.0,0,TC_NAGPUR_01,0,,
28.058186448064884,2,0.881252114480691,1.0,0,TC_NASHIK_02,0,,
67.76884603892077,1,0.9721515579306171,1.0,0,TC_NASHIK_02,0,,
41.49418034451561,1,0.952473586362221,1.0,0,TC_PUNE_03,0,,
48.33798405960732,1,0.87588247005009,1.0,0,TC_PUNE_03,0,,
54.043428171210785,1,0.7764397188302967,1.0,0,TC_NAGPUR_01,0,,
38.2770467626755,1,0.7363475152640659,1.0,0,TC_NAGPUR_01,0,,
51.70419311329704,1,0.7792693637140947,1.0,0,TC_PUNE_03,0,,
26.843873989490177,1,0.7453255040612473,1.0,0,TC_NASHIK_02,0,,
39.95758044513221,2,0.9793459841565849,1.0,0,TC_MUMBAI_01,0,,
32.335953480381384,1,0.8144379636926413,1.0,0,TC_PUNE_03,0,,
1.9740472447217843,22,,,0,TC_RURAL_MALPRACTICE_09,1,0.31818546182180674,0.0
30.995865489908063,1,0.6860299546262285,1.0,0,TC_MUMBAI_01,0,,
30.36221614619892,1,0.9642266525419718,1.0,0,TC_MUMBAI_01,0,,
26.27894598795664,1,0.8518607517676737,1.0,0,TC_PUNE_03,0,,
17.50183042123696,1,0.3614263443955402,1.0,0,TC_NAGPUR_01,0,,
60.79789234903656,1,0.8450263634529482,1.0,0,TC_MUMBAI_01,0,,
34.33143984562108,1,0.7936427202036018,1.0,0,TC_PUNE_03,0,,
50.389538833156976,1,0.5372673800807597,1.0,0,TC_NAGPUR_01,0,,
25.151843434824094,2,0.9668315108277754,1.0,0,TC_NASHIK_02,0,,
40.746044769740216,1,0.9577901504825015,1.0,0,TC_NASHIK_02,0,,
31.804058893523287,1,0.9462590519298394,1.0,0,TC_PUNE_03,0,,
30.35729975883571,1,0.8948841220713698,1.0,1,TC_NASHIK_02,0,,
51.87614919904305,1,0.9096119569030303,1.0,0,TC_NAGPUR_01,0,,
28.954557356323473,1,0.9185814934375096,1.0,0,TC_NAGPUR_01,0,,
2.228573582174998,18,,,1,TC_NAGPUR_01,1,0.5671972578066736,0.0
58.111631972580845,1,0.8499032481672641,1.0,0,TC_MUMBAI_01,0,,
39.565911031569826,2,0.9192706051755369,1.0,0,TC_PUNE_03,0,,
34.59096200845196,1,0.9013312386641396,1.0,0,TC_MUMBAI_01,0,,
34.07142052775095,1,0.5894260163785648,1.0,0,TC_NASHIK_02,0,,
1.5466501416698772,17,,,0,TC_NAGPUR_01,1,0.4296370549613687,0.0
26.10644439966978,1,0.483527836897489,1.0,0,TC_NAGPUR_01,0,,
52.2796213526422,1,0.8701234676102089,1.0,1,TC_NASHIK_02,0,,
53.536742965895286,1,0.6465095780311154,1.0,0,TC_MUMBAI_01,0,,
49.83540241077053,1,0.8142475361413885,1.0,0,TC_MUMBAI_01,0,,
69.75152231005522,1,0.7690161665574846,1.0,0,TC_NASHIK_02,0,,
63.21736384433901,1,0.9546407126609577,1.0,0,TC_NAGPUR_01,0,,
70.86559624264325,1,0.7715233088451904,1.0,0,TC_NASHIK_02,0,,
39.0468574055857,1,0.9838152581382442,1.0,0,TC_PUNE_03,0,,
29.64369287645439,1,0.7636998487567693,1.0,0,TC_MUMBAI_01,0,,
41.60116543917178,1,0.9901333281587932,1.0,0,TC_PUNE_03,0,,
40.275537142218646,1,0.7717247716091811,1.0,0,TC_MUMBAI_01,0,,
31.140506500949,1,0.9667514014005238,1.0,0,TC_MUMBAI_01,0,,
27.42892143410408,2,0.8861521774520857,1.0,0,TC_PUNE_03,0,,
28.375977473358176,1,0.8966125195826933,1.0,0,TC_MUMBAI_01,0,,
34.25762180911484,1,0.971750261851835,1.0,0,TC_NASHIK_02,0,,
23.033876441205894,1,0.9317498324401855,1.0,0,TC_MUMBAI_01,0,,
48.104255923751666,1,0.8844597415574781,1.0,0,TC_NASHIK_02,0,,
45.37750226350257,1,0.8204329727543871,1.0,0,TC_NAGPUR_01,0,,
44.43664344226048,1,0.8540114187899311,1.0,0,TC_NASHIK_02,0,,
20.6911039278997,1,0.8923715642676199,1.0,0,TC_MUMBAI_01,0,,
23.68915574220809,1,0.9511513435144702,1.0,0,TC_PUNE_03,0,,
40.510595798089696,1,0.8043378799216242,1.0,0,TC_NASHIK_02,0,,
32.237904961583816,1,0.8952704493576599,1.0,0,TC_NAGPUR_01,0,,
38.70090153536177,1,0.9467898977697323,1.0,0,TC_MUMBAI_01,0,,
34.37267209487625,1,0.7219242721089209,1.0,0,TC_NAGPUR_01,0,,
26.87933471931079,1,0.8284402992384609,1.0,0,TC_NAGPUR_01,0,,
39.77494658596511,1,0.8566689890290979,1.0,0,TC_PUNE_03,0,,
38.078567189942824,1,0.9705067331113482,1.0,1,TC_MUMBAI_01,0,,
29.860273105413263,1,0.9979070437102238,1.0,0,TC_NASHIK_02,0,,
91.29267880355422,1,0.8792824238224876,1.0,0,TC_NASHIK_02,0,,
60.232211531475286,1,0.49113860174504137,1.0,0,TC_NASHIK_02,0,,
47.2729797847311,1,0.9169897115749259,1.0,0,TC_MUMBAI_01,0,,
39.50119140306706,1,0.83368752674354,1.0,0,TC_PUNE_03,0,,
29.251177741690665,1,0.5687096411566844,1.0,0,TC_MUMBAI_01,0,,
55.54921024758643,2,0.7586516338848543,1.0,0,TC_NAGPUR_01,0,,
39.231046621018436,1,0.761375758347723,1.0,0,TC_NAGPUR_01,0,,
48.18350263276308,1,0.754123749965197,1.0,0,TC_PUNE_03,0,,
25.134901571099864,1,0.9267812060649075,1.0,0,TC_NASHIK_02,0,,
28.554929761785605,1,0.9187640095163551,1.0,0,TC_NAGPUR_01,0,,
35.125677618331686,1,0.7349324280210525,1.0,0,TC_PUNE_03,0,,
37.700572803250324,1,0.8971350078762769,1.0,0,TC_MUMBAI_01,0,,
34.97979184514948,1,0.9265447877660623,1.0,0,TC_PUNE_03,0,,
45.22642014703815,1,0.8513453933999804,1.0,0,TC_NAGPUR_01,0,,
2.252931263035172,20,,,0,TC_RURAL_MALPRACTICE_09,1,0.16770075308009963,1.0
33.45989961313528,2,0.9163575627840413,1.0,0,TC_MUMBAI_01,0,,
51.94272561574726,1,0.838596755421227,1.0,0,TC_PUNE_03,0,,
49.82273426573777,1,0.8929404772419208,1.0,0,TC_MUMBAI_01,0,,
31.969715097429667,1,0.7553459540397556,1.0,0,TC_NASHIK_02,0,,
21.51580727768824,1,0.9094180635796588,1.0,0,TC_NASHIK_02,0,,
99.91225430940328,1,0.9477476852513975,1.0,0,TC_MUMBAI_01,0,,
32.18865052559904,1,0.8737729833629626,1.0,0,TC_NAGPUR_01,0,,
39.157842470859045,1,0.9170059459318434,1.0,0,TC_NASHIK_02,0,,
53.65696070730242,2,0.5754397674651781,1.0,0,TC_NASHIK_02,0,,
32.58194790629389,1,0.8136886498690874,1.0,0,TC_MUMBAI_01,0,,
38.285819232644194,2,0.7576359991342146,1.0,0,TC_NASHIK_02,0,,
28.600844912613496,1,0.636152191393277,1.0,0,TC_PUNE_03,0,,
32.09925825600402,1,0.7907765227194922,1.0,0,TC_NAGPUR_01,0,,
32.8891516523865,1,0.9701813728083134,1.0,0,TC_PUNE_03,0,,
76.33895513488383,1,0.906959829114492,1.0,0,TC_MUMBAI_01,0,,
48.55898662409069,1,0.5537796400146086,1.0,0,TC_NASHIK_02,0,,
45.66793900678821,1,0.8877348335408856,1.0,0,TC_NASHIK_02,0,,
2.364913934694764,10,,,1,TC_RURAL_MALPRACTICE_09,1,0.1819475352453679,0.0
60.507022018580386,1,0.7481829599055579,1.0,0,TC_PUNE_03,0,,
76.07720326326792,1,0.6025677796662782,1.0,0,TC_MUMBAI_01,0,,
41.617514320554704,1,0.835873292668246,1.0,0,TC_NAGPUR_01,0,,
24.741902010842857,1,0.9469229290366772,1.0,0,TC_MUMBAI_01,0,,
23.87377122452526,1,0.9049509727190069,1.0,0,TC_MUMBAI_01,0,,
15.497058915981073,1,0.8228683197146673,1.0,0,TC_MUMBAI_01,0,,
62.11262188937576,1,0.9093345672736617,1.0,0,TC_NAGPUR_01,0,,
45.67546239052928,1,0.9911218141440525,1.0,0,TC_MUMBAI_01,0,,
37.606212640289364,1,0.8580503214795625,1.0,0,TC_NAGPUR_01,0,,
25.683618754081365,2,0.684730482608743,1.0,0,TC_NAGPUR_01,0,,
33.497033210241234,1,0.5892900947807198,1.0,0,TC_PUNE_03,0,,
33.873521450916414,1,0.8999882234049941,1.0,0,TC_NAGPUR_01,0,,
33.59175605118685,1,0.7429070378116948,1.0,0,TC_NASHIK_02,0,,
43.38268993930918,2,0.9359250648588746,1.0,0,TC_PUNE_03,0,,
60.91192252761664,1,0.9310045541817243,1.0,0,TC_NASHIK_02,0,,
35.194308624009125,1,0.8524888183210261,1.0,0,TC_NASHIK_02,0,,
39.612473642331544,2,0.8342288679715107,1.0,1,TC_PUNE_03,0,,
24.566589163529784,1,0.9006005909699694,1.0,0,TC_MUMBAI_01,0,,
61.53091346068015,1,0.8235439949454748,1.0,0,TC_NASHIK_02,0,,
2.2718473731831677,19,,,1,TC_NAGPUR_01,1,0.22628765709251308,0.0
52.659706500867806,1,0.9699736793242592,1.0,0,TC_NASHIK_02,0,,
31.035290442994174,2,0.8740234008454848,1.0,0,TC_PUNE_03,0,,
78.46540788291267,1,0.8081103086512498,1.0,0,TC_NASHIK_02,0,,
1.6559985009582605,21,,,1,TC_NAGPUR_01,1,0.21713188971135983,0.0
32.47757923307839,1,0.9807942723570233,1.0,0,TC_NASHIK_02,0,,
65.08977919568804,1,0.9158135180372976,1.0,0,TC_MUMBAI_01,0,,
20.69567745597267,1,0.9543467436284602,1.0,0,TC_PUNE_03,0,,
29.309565483465516,1,0.7938836711618682,1.0,0,TC_NASHIK_02,0,,
26.394702884557415,1,0.9656024276920758,1.0,0,TC_PUNE_03,0,,
48.04976857420972,2,0.7844756755676663,1.0,0,TC_NASHIK_02,0,,
71.8289478002943,1,0.7307120816127526,1.0,0,TC_NAGPUR_01,0,,
32.25262499316237,1,0.995670687043505,1.0,0,TC_MUMBAI_01,0,,
23.10129558887414,1,0.8704504113725633,1.0,0,TC_MUMBAI_01,0,,
32.84474260991501,1,0.9526415315304985,1.0,0,TC_PUNE_03,0,,
22.80350059096753,1,0.9072626289434585,1.0,0,TC_MUMBAI_01,0,,
24.930830443732372,1,0.5903849131599468,1.0,0,TC_NASHIK_02,0,,
27.057910103348707,1,0.8317129834786473,1.0,0,TC_NAGPUR_01,0,,
31.128911728333563,1,0.9964204788474591,1.0,0,TC_NAGPUR_01,0,,
40.65524395512649,2,0.8123623193801532,1.0,0,TC_PUNE_03,0,,
0.8236052261588036,10,,,1,TC_RURAL_MALPRACTICE_09,1,0.43193657578105815,0.0
49.07524380910205,1,0.7428096610715629,1.0,0,TC_MUMBAI_01,0,,
57.80195509112551,1,0.8739482712017249,1.0,0,TC_NAGPUR_01,0,,
35.035759619667346,1,0.7239193661357542,1.0,0,TC_NASHIK_02,0,,
45.05021213165975,1,0.8547965215339469,1.0,0,TC_MUMBAI_01,0,,
39.32356939292328,1,0.9073614138694989,1.0,0,TC_PUNE_03,0,,
47.417224553284626,1,0.7683015583333636,1.0,0,TC_MUMBAI_01,0,,
39.624067776961994,1,0.9168579988008569,1.0,0,TC_NAGPUR_01,0,,
36.41018670761609,1,0.8302464773971031,1.0,1,TC_MUMBAI_01,0,,
31.903098107794083,1,0.8069883109754021,1.0,0,TC_NAGPUR_01,0,,
45.946783049522544,1,0.7792933481964072,1.0,0,TC_PUNE_03,0,,
44.42508583777768,1,0.8966189680374446,1.0,0,TC_NASHIK_02,0,,
54.34041437312745,1,0.8508071932119154,1.0,0,TC_NAGPUR_01,0,,
23.859457085825557,1,0.6946200511744338,1.0,0,TC_MUMBAI_01,0,,
27.744827845333198,1,0.9785972994607482,1.0,0,TC_MUMBAI_01,0,,
44.818433015297806,1,0.9973527767134008,1.0,0,TC_NAGPUR_01,0,,
30.257807488581232,1,0.7524757723849267,1.0,0,TC_NAGPUR_01,0,,
50.567640199016225,1,0.8593542513827371,1.0,0,TC_MUMBAI_01,0,,
20.872571404644713,1,0.7579471463727561,1.0,0,TC_NASHIK_02,0,,
0.9321674948716319,14,,,0,TC_RURAL_MALPRACTICE_09,1,0.1840451435922673,0.0
37.12818744173735,1,0.5716118539780601,1.0,0,TC_MUMBAI_01,0,,
35.376981966826776,1,0.6212271000233553,1.0,0,TC_PUNE_03,0,,
21.26356963953158,1,0.8740276640014166,1.0,0,TC_NASHIK_02,0,,
24.527087859583638,1,0.9357647666389622,1.0,0,TC_PUNE_03,0,,
31.022206721485922,1,0.8837403318136252,1.0,0,TC_MUMBAI_01,0,,
43.11439224976042,1,0.9237956963429018,1.0,1,TC_NAGPUR_01,0,,
29.572382493384662,1,0.794233136379697,1.0,0,TC_NAGPUR_01,0,,
40.684153325174385,1,0.9127159437675304,1.0,0,TC_NASHIK_02,0,,
52.163399550920005,1,0.8182317320801572,1.0,0,TC_PUNE_03,0,,
0.4996642992946113,16,,,1,TC_NAGPUR_01,1,0.2134918760994617,0.0
27.531334253534794,1,0.8605487543661684,1.0,0,TC_NASHIK_02,0,,
43.26992824615922,1,0.9068209734830561,1.0,0,TC_PUNE_03,0,,
37.896157678700156,1,0.6779447402605124,1.0,0,TC_NASHIK_02,0,,
39.95551092107972,1,0.9505942490417839,1.0,0,TC_NAGPUR_01,0,,
26.44882678297823,1,0.8767447093947727,1.0,0,TC_NASHIK_02,0,,
44.00250891965262,1,0.9714964497076712,1.0,0,TC_MUMBAI_01,0,,
33.70835856830369,1,0.9501182971426451,1.0,0,TC_NASHIK_02,0,,
39.0835459546471,1,0.946024747389992,1.0,0,TC_NAGPUR_01,0,,
22.664183520342306,1,0.8593665103716053,1.0,0,TC_NASHIK_02,0,,
37.79383607231588,2,0.8563063975946794,1.0,0,TC_PUNE_03,0,,
40.056153621024706,1,0.8941441369502146,1.0,0,TC_NASHIK_02,0,,
41.08528892451297,2,0.7696816741019834,1.0,0,TC_NASHIK_02,0,,
50.14383029070082,1,0.8175870296813113,1.0,0,TC_PUNE_03,0,,
24.101108394327277,1,0.847124597017066,1.0,0,TC_NAGPUR_01,0,,
33.86753563460991,1,0.9512459978083624,1.0,0,TC_PUNE_03,0,,
28.997794435106726,1,0.9227986828828662,1.0,0,TC_NASHIK_02,0,,
26.05504804966414,1,0.8838303052977825,1.0,0,TC_MUMBAI_01,0,,
28.66770032509501,1,0.9064260700650683,1.0,0,TC_PUNE_03,0,,
29.37484524049193,2,0.9574016736893585,1.0,0,TC_MUMBAI_01,0,,
35.14900050920902,1,0.8286479460686799,1.0,0,TC_MUMBAI_01,0,,
31.045124039799646,1,0.713493221907495,1.0,0,TC_MUMBAI_01,0,,
43.51008662414959,1,0.8829546710716358,1.0,0,TC_MUMBAI_01,0,,
40.30210369062958,1,0.7146210269782688,1.0,0,TC_PUNE_03,0,,
29.830241277312542,1,0.9272043569668351,1.0,1,TC_NAGPUR_01,0,,
43.856492528473765,1,0.9908636752576746,1.0,0,TC_NASHIK_02,0,,
40.79304928947043,2,0.8750242582976614,1.0,0,TC_NAGPUR_01,0,,
40.53707871018858,1,0.8666997434136753,1.0,0,TC_PUNE_03,0,,
31.159673353512417,1,0.8938153731463336,1.0,0,TC_MUMBAI_01,0,,
36.69490931102143,1,0.5636407570311072,1.0,0,TC_NASHIK_02,0,,
40.85049616117273,1,0.9341933940407435,1.0,0,TC_NAGPUR_01,0,,
27.37691327689544,1,0.8770551954460162,1.0,0,TC_NASHIK_02,0,,
44.70329609873053,1,0.7349789937725729,1.0,1,TC_NASHIK_02,0,,
56.09462458358722,1,0.9832120120293026,1.0,0,TC_PUNE_03,0,,
40.53350055137059,1,0.5101592741292513,1.0,0,TC_NASHIK_02,0,,
1.1624265990664098,19,,,0,TC_RURAL_MALPRACTICE_09,1,0.5022667872691675,0.0
35.03513342262018,1,0.8952398235726194,1.0,0,TC_MUMBAI_01,0,,
34.12896237309324,1,0.9723222975280499,1.0,0,TC_NAGPUR_01,0,,
46.86567673229208,1,0.8114456698814686,1.0,0,TC_NASHIK_02,0,,
60.48897190260859,1,0.9883123594583374,1.0,0,TC_MUMBAI_01,0,,
23.72000528095717,1,0.881864677669394,1.0,0,TC_NAGPUR_01,0,,
29.746674566484934,1,0.5738030274188843,1.0,0,TC_MUMBAI_01,0,,
31.267970785192546,1,0.9025844542503233,1.0,0,TC_NASHIK_02,0,,
35.77927037328271,1,0.8840964416736635,1.0,0,TC_NAGPUR_01,0,,
29.43104216312671,1,0.6421081196545845,1.0,0,TC_PUNE_03,0,,
24.940349221773115,1,0.9509325954429987,1.0,0,TC_PUNE_03,0,,
25.87739591908361,1,0.8785962091411077,1.0,0,TC_NASHIK_02,0,,
33.18203965105103,1,0.9655076857155045,1.0,0,TC_PUNE_03,0,,
51.21634690937364,1,0.9766052338747928,1.0,0,TC_NAGPUR_01,0,,
28.305623860964953,2,0.9277228896461459,1.0,0,TC_NASHIK_02,0,,
34.78202381500432,1,0.7227628404938058,1.0,0,TC_PUNE_03,0,,
41.85373335181149,1,0.8701914578298655,1.0,0,TC_MUMBAI_01,0,,
27.511597385393372,1,0.8833428834997272,0.0,0,TC_PUNE_03,0,,
30.902797488110643,1,0.6000536848335641,1.0,0,TC_PUNE_03,0,,
34.26321160814359,1,0.616795554438257,1.0,0,TC_PUNE_03,0,,
38.57094521033626,1,0.9739819408755379,1.0,0,TC_PUNE_03,0,,
49.020082543618706,1,0.8388630081908544,1.0,0,TC_NAGPUR_01,0,,
44.90782879160183,1,0.8814401324912771,1.0,0,TC_MUMBAI_01,0,,
39.55568535454316,1,0.8979482343601295,1.0,0,TC_PUNE_03,0,,
45.16112874032371,1,0.9022479880300752,1.0,0,TC_NAGPUR_01,0,,
21.754167348605755,1,0.9558771523853755,1.0,0,TC_NASHIK_02,0,,
30.928597374594986,1,0.7839030798455443,1.0,0,TC_NASHIK_02,0,,
37.145159134310916,1,0.8970357873121406,0.0,0,TC_NAGPUR_01,0,,
65.39720450491157,1,0.9729631826383824,0.0,0,TC_PUNE_03,0,,
28.868461603853564,1,0.9820779210952091,1.0,0,TC_NAGPUR_01,0,,
24.284972347128644,1,0.9773892972175516,1.0,0,TC_MUMBAI_01,0,,
28.050952220061475,2,0.9052405468190876,1.0,0,TC_NAGPUR_01,0,,
46.96037218552701,1,0.9660047752353449,1.0,0,TC_MUMBAI_01,0,,
35.11208762040562,1,0.8993985494108345,0.0,0,TC_NASHIK_02,0,,
42.53499844308676,1,0.9811066720734939,1.0,0,TC_PUNE_03,0,,
50.28844535497312,1,0.8919878658582713,1.0,0,TC_NAGPUR_01,0,,
1.656395175076764,22,,,1,TC_NAGPUR_01,1,0.16433737166385798,0.0
47.367722155981454,1,0.651551806171753,1.0,0,TC_NAGPUR_01,0,,
44.53557312945154,1,0.7897941042162804,1.0,0,TC_MUMBAI_01,0,,
62.51446846671372,1,0.5887972419441004,1.0,0,TC_NASHIK_02,0,,
27.29044412150247,1,0.9754475720369452,1.0,0,TC_NASHIK_02,0,,
24.530766579713994,1,0.8253815960168459,1.0,0,TC_NAGPUR_01,0,,
35.48868063847853,1,0.9797831553600779,1.0,0,TC_PUNE_03,0,,
79.3989990181827,1,0.7714173059032484,1.0,0,TC_MUMBAI_01,0,,
44.07643652785492,1,0.9733142675946509,1.0,0,TC_MUMBAI_01,0,,
46.6106525032774,1,0.7405704653064151,1.0,0,TC_PUNE_03,0,,
29.025607406036137,1,0.9777427933172707,1.0,0,TC_NAGPUR_01,0,,
75.53974247687597,1,0.9576649623559748,1.0,0,TC_MUMBAI_01,0,,
28.402222930918906,1,0.8656464054367644,1.0,0,TC_NASHIK_02,0,,
20.371136750824675,1,0.8494731594350724,1.0,0,TC_PUNE_03,0,,
33.38801610084744,1,0.9087872920209339,1.0,0,TC_MUMBAI_01,0,,
46.97233789211127,2,0.7124495296468543,1.0,0,TC_PUNE_03,0,,
76.20852479706693,1,0.9841783592923642,1.0,0,TC_MUMBAI_01,0,,
31.253271768690283,1,0.971681045765057,1.0,0,TC_MUMBAI_01,0,,
0.8521298589377853,9,,,0,TC_RURAL_MALPRACTICE_09,1,0.3110273441488578,0.0
43.743631227474346,1,0.9230980572311169,1.0,0,TC_NASHIK_02,0,,
34.73856010572594,1,0.7955712984760983,1.0,0,TC_MUMBAI_01,0,,
38.78137026257554,1,0.8426237218507464,1.0,0,TC_MUMBAI_01,0,,
54.629490032731056,1,0.9103805691980096,1.0,0,TC_MUMBAI_01,0,,
34.64612102176111,1,0.9258672932024132,1.0,0,TC_NAGPUR_01,0,,
18.090329620639064,1,0.8278877816550997,1.0,0,TC_MUMBAI_01,0,,
36.17075488818277,1,0.7734579105382081,1.0,0,TC_PUNE_03,0,,
31.139356960477414,1,0.7467323413542415,1.0,0,TC_MUMBAI_01,0,,
29.513212730468016,1,0.9621836540802052,1.0,0,TC_NAGPUR_01,0,,
47.6867508449486,1,0.8155122234012362,1.0,0,TC_MUMBAI_01,0,,
20.489027773208697,1,0.9540849758789559,1.0,0,TC_NAGPUR_01,0,,
47.53181454683007,1,0.5601053324581275,1.0,0,TC_NAGPUR_01,0,,
40.81964107229257,1,0.7884439840238309,1.0,0,TC_NAGPUR_01,0,,
28.240594802099316,2,0.8823551594465464,1.0,0,TC_MUMBAI_01,0,,
111.40679333725326,1,0.7630157322918273,1.0,0,TC_MUMBAI_01,0,,
25.924556974274665,1,0.939192465294282,1.0,0,TC_NAGPUR_01,0,,
54.88024388949218,1,0.8370362923686128,1.0,0,TC_NAGPUR_01,0,,
32.478444152677355,1,0.8513626726578449,1.0,0,TC_PUNE_03,0,,
19.68840628161102,1,0.8875677443879184,1.0,1,TC_NAGPUR_01,0,,
28.233237428893464,1,0.9296816653703565,1.0,0,TC_MUMBAI_01,0,,
25.518640446961562,1,0.8795262647047308,1.0,0,TC_PUNE_03,0,,
39.10127241824193,1,0.887129972607409,1.0,0,TC_MUMBAI_01,0,,
37.29591369230533,2,0.9278555531204274,1.0,0,TC_NASHIK_02,0,,
22.337638160191158,1,0.7572833024582797,1.0,0,TC_NASHIK_02,0,,
39.825871878891874,1,0.9679731734523715,1.0,0,TC_NASHIK_02,0,,
40.75288476020301,1,0.9734285352922115,1.0,0,TC_PUNE_03,0,,
40.155547726697,1,0.8701095101081232,1.0,0,TC_NAGPUR_01,0,,
45.15497827803699,1,0.7213671232324909,1.0,0,TC_MUMBAI_01,0,,
18.2173137616832,1,0.7774106634778788,1.0,0,TC_PUNE_03,0,,
47.1993146563086,1,0.9007390049555271,1.0,0,TC_PUNE_03,0,,
34.27653337220353,1,0.7478126302904555,1.0,0,TC_NASHIK_02,0,,
39.27297704873924,1,0.9363445466601927,1.0,0,TC_NAGPUR_01,0,,
38.32383459593629,1,0.6196476311740373,1.0,0,TC_NASHIK_02,0,,
69.46618140844527,2,0.9457028533581052,1.0,0,TC_MUMBAI_01,0,,
34.26274044634107,1,0.8368996898741682,1.0,0,TC_PUNE_03,0,,
35.96143731559011,1,0.7998993092838323,1.0,0,TC_NASHIK_02,0,,
0.2049609111070895,13,,,1,TC_RURAL_MALPRACTICE_09,1,0.45128287973835823,0.0
25.49377104797442,1,0.7970455469189672,1.0,0,TC_NAGPUR_01,0,,
59.329181928998594,1,0.7872830727381919,1.0,0,TC_NASHIK_02,0,,
32.79635983784287,1,0.8750914954175296,1.0,0,TC_MUMBAI_01,0,,
28.985493937754995,2,0.8493566020418923,1.0,0,TC_NAGPUR_01,0,,
38.75855878047006,1,0.860877608224232,1.0,0,TC_MUMBAI_01,0,,
55.66024482212168,1,0.8549144337823565,1.0,0,TC_NAGPUR_01,0,,
33.990501679957625,1,0.9929410742975905,1.0,0,TC_PUNE_03,0,,
44.66583063240847,1,0.749313866218768,1.0,0,TC_PUNE_03,0,,
28.70591032830545,1,0.8744962157858949,1.0,0,TC_NAGPUR_01,0,,
37.76941735396812,1,0.8451315625712463,1.0,0,TC_MUMBAI_01,0,,
33.12812177449371,1,0.9232312228842268,1.0,0,TC_NASHIK_02,0,,
71.5494022378254,1,0.8562771299098909,1.0,0,TC_MUMBAI_01,0,,
26.30801174093876,1,0.7277207674243436,1.0,0,TC_NASHIK_02,0,,
2.1334670307541037,9,,,1,TC_RURAL_MALPRACTICE_09,1,0.419215144022542,0.0
62.34808146212288,1,0.867851209831579,1.0,0,TC_NASHIK_02,0,,
21.09485742488033,1,0.9113406409119883,1.0,0,TC_NASHIK_02,0,,
55.60669921076373,1,0.8286943212807498,1.0,0,TC_MUMBAI_01,0,,
33.95335597037216,1,0.9750957188597223,1.0,0,TC_PUNE_03,0,,
41.796211302281115,1,0.8847994174333482,1.0,0,TC_NASHIK_02,0,,
26.1360915132079,1,0.893307508846747,1.0,0,TC_NASHIK_02,0,,
45.006907965368185,1,0.9455918427217556,1.0,0,TC_MUMBAI_01,0,,
40.81397219489882,1,0.773954199089987,1.0,0,TC_NASHIK_02,0,,
39.39284050513843,1,0.8551302043677745,1.0,0,TC_MUMBAI_01,0,,
24.417131768550558,1,0.8338973450848097,1.0,1,TC_NAGPUR_01,0,,
46.35700383301004,1,0.8745925714452041,1.0,0,TC_NAGPUR_01,0,,
39.186451615180225,1,0.9619787820026802,1.0,0,TC_NASHIK_02,0,,
62.65862002214062,1,0.862432595330998,1.0,0,TC_PUNE_03,0,,
28.942544846792075,1,0.9380300739387685,1.0,0,TC_MUMBAI_01,0,,
32.89389124470069,1,0.966929885228883,1.0,0,TC_NAGPUR_01,0,,
2.2609412178278574,9,,,0,TC_RURAL_MALPRACTICE_09,1,0.3729570213742709,0.0
25.375323878642998,1,0.8304861325186237,1.0,0,TC_PUNE_03,0,,
36.42165211757872,1,0.847479614645645,1.0,0,TC_NASHIK_02,0,,
29.67901481067327,1,0.9296501656416055,1.0,0,TC_NASHIK_02,0,,
26.071649432376173,1,0.9178928710794558,1.0,0,TC_NASHIK_02,0,,
35.47025920511062,1,0.9242433129539167,1.0,0,TC_PUNE_03,0,,
45.46501072437049,1,0.9757320840200404,1.0,0,TC_PUNE_03,0,,
23.41721681799193,1,0.8175234007747136,1.0,0,TC_MUMBAI_01,0,,
42.67519288155194,1,0.8721809018765598,1.0,0,TC_NASHIK_02,0,,
71.83255280794451,2,0.9366221982309855,0.0,0,TC_NAGPUR_01,0,,
40.304388994814104,1,0.6167859322291801,1.0,0,TC_NASHIK_02,0,,
49.81871823770301,1,0.7579652426718002,1.0,0,TC_NASHIK_02,0,,
1.5768249239106584,13,,,1,TC_NAGPUR_01,1,0.4802690319022802,0.0
69.05822002465021,2,0.982646814250024,1.0,0,TC_PUNE_03,0,,
23.20209094795774,1,0.6894527551899543,1.0,0,TC_MUMBAI_01,0,,
40.520667549602564,1,0.7611194948219534,1.0,0,TC_NASHIK_02,0,,
26.394877406825643,1,0.9547394238571318,1.0,0,TC_NAGPUR_01,0,,
71.04111595823446,1,0.971307942349119,1.0,0,TC_MUMBAI_01,0,,
20.099842916174396,1,0.8899354677862705,1.0,0,TC_PUNE_03,0,,
16.211975608824922,1,0.9555302636197379,1.0,0,TC_PUNE_03,0,,
29.970387099680686,1,0.9663808773480423,1.0,0,TC_MUMBAI_01,0,,
30.916621608378225,1,0.5796307285120607,1.0,0,TC_PUNE_03,0,,
1.9268744402234457,24,,,1,TC_RURAL_MALPRACTICE_09,1,0.48614390994328915,1.0
51.046012060374686,1,0.8220738034307915,1.0,0,TC_NASHIK_02,0,,
44.237257608711055,1,0.9380987764052969,1.0,0,TC_NASHIK_02,0,,
1.7313874483824914,11,,,1,TC_NAGPUR_01,1,0.4427524777178603,0.0
45.414931832577004,1,0.9298691482194441,1.0,0,TC_MUMBAI_01,0,,
19.264033416355176,1,0.978235902149873,1.0,1,TC_MUMBAI_01,0,,
55.103944317771706,1,0.6494394406946141,1.0,0,TC_PUNE_03,0,,
53.56591410792588,2,0.8522830969209226,1.0,0,TC_PUNE_03,0,,
31.109928676358106,1,0.656067196727965,1.0,0,TC_PUNE_03,0,,
23.330772870478015,1,0.7985651432777602,1.0,0,TC_NASHIK_02,0,,
31.280617472949228,1,0.8204485919685067,1.0,0,TC_NAGPUR_01,0,,
0.6579808999894083,14,,,1,TC_RURAL_MALPRACTICE_09,1,0.46756966786372955,1.0
37.91327462153488,1,0.9180370877313141,1.0,0,TC_PUNE_03,0,,
41.149392051070116,1,0.9654993349836619,1.0,0,TC_PUNE_03,0,,
46.04075346413516,1,0.8813336455682816,1.0,0,TC_NASHIK_02,0,,
22.977713598591425,1,0.8590063056611495,0.0,0,TC_NAGPUR_01,0,,
1.7029694204423151,23,,,1,TC_RURAL_MALPRACTICE_09,1,0.5282474578207466,0.0
68.68993589144462,1,0.7690417665090764,1.0,0,TC_MUMBAI_01,0,,
36.947876720252836,1,0.8776438948033548,1.0,0,TC_MUMBAI_01,0,,
28.67254962208325,1,0.7468139456669433,1.0,0,TC_NAGPUR_01,0,,
63.03914660691861,1,0.956461520322352,1.0,0,TC_MUMBAI_01,0,,
56.82278744374074,1,0.6050319417238403,1.0,0,TC_NASHIK_02,0,,
37.68442588807875,1,0.7409327041056883,1.0,1,TC_NASHIK_02,0,,
35.110597464685995,1,0.7081774624958574,1.0,0,TC_PUNE_03,0,,
46.90567703762683,1,0.9950119293458769,1.0,1,TC_PUNE_03,0,,
43.250527766992775,1,0.6651366302553292,1.0,0,TC_NASHIK_02,0,,
38.376319885769135,1,0.7332363571441222,1.0,0,TC_PUNE_03,0,,
37.38777123197503,1,0.9017395614227928,1.0,0,TC_NASHIK_02,0,,
73.74499166739001,1,0.6560218452126583,1.0,0,TC_NAGPUR_01,0,,
24.712781270374798,1,0.7385628926564921,1.0,0,TC_MUMBAI_01,0,,
29.27386710309343,1,0.814440476522171,1.0,0,TC_NAGPUR_01,0,,
30.578986413480813,1,0.8293862257744408,1.0,0,TC_NAGPUR_01,0,,
44.16615486533998,1,0.7873957882063999,1.0,0,TC_MUMBAI_01,0,,
35.820935097886995,1,0.8195541812476621,1.0,0,TC_NASHIK_02,0,,
37.29662542744712,1,0.8550298103714306,1.0,0,TC_MUMBAI_01,0,,
49.56654945636537,1,0.9186383895535633,1.0,0,TC_NASHIK_02,0,,
56.80154513606508,1,0.6660001034756798,1.0,0,TC_PUNE_03,0,,
42.251404604030014,1,0.879858777297086,1.0,0,TC_NAGPUR_01,0,,
34.606758982006724,1,0.7451192566168234,1.0,0,TC_MUMBAI_01,0,,
42.487201945236045,1,0.9769740255111611,1.0,0,TC_MUMBAI_01,0,,
33.38538957636992,2,0.7532633004798636,1.0,0,TC_MUMBAI_01,0,,
43.430145437303295,1,0.49718883458043484,1.0,0,TC_NAGPUR_01,0,,
59.85030245980319,1,0.7887701029987532,1.0,0,TC_PUNE_03,0,,
15.396797735887864,1,0.6562476573594747,1.0,0,TC_NAGPUR_01,0,,
45.78451390242632,1,0.720071468883074,1.0,0,TC_NASHIK_02,0,,
39.83253388552374,1,0.42892073432666905,1.0,0,TC_MUMBAI_01,0,,
40.49304159102444,1,0.8815672112864121,1.0,0,TC_NAGPUR_01,0,,
27.355638426852877,1,0.6724726229684233,1.0,0,TC_NASHIK_02,0,,
37.544527223849656,1,0.9492562262973933,1.0,0,TC_MUMBAI_01,0,,
30.881867235540117,1,0.6939418861098657,1.0,0,TC_NAGPUR_01,0,,
25.664775899973403,1,0.9823795285248641,1.0,0,TC_MUMBAI_01,0,,
50.07582526163278,1,0.9156779807544508,1.0,0,TC_NASHIK_02,0,,
53.92155274690822,1,0.9285466420661213,1.0,0,TC_NASHIK_02,0,,
44.79224450788112,1,0.8539500298016142,1.0,0,TC_PUNE_03,0,,
34.27128158321536,1,0.7516283478964083,1.0,0,TC_NASHIK_02,0,,
36.56825888935299,1,0.9155257173686802,1.0,0,TC_MUMBAI_01,0,,
26.553205151810705,1,0.6854403622078495,1.0,0,TC_PUNE_03,0,,
24.62986413769194,1,0.7236731645130097,0.0,0,TC_NAGPUR_01,0,,
34.265694508178406,1,0.9042252162976987,1.0,0,TC_NAGPUR_01,0,,
37.508302332388894,1,0.875674012259322,1.0,0,TC_PUNE_03,0,,
91.65502590987057,1,0.7803371110667987,1.0,0,TC_NASHIK_02,0,,
1.6324240388368152,7,,,1,TC_NAGPUR_01,1,0.5241881592269741,0.0
23.86435186226774,1,0.936317138789101,1.0,0,TC_NAGPUR_01,0,,
82.46471109353146,1,0.9828946455252887,1.0,0,TC_NASHIK_02,0,,
45.516459510395514,1,0.8864163930871561,1.0,0,TC_PUNE_03,0,,
38.328407550588636,1,0.8674208954422066,1.0,0,TC_MUMBAI_01,0,,
30.97398432931047,1,0.7154547750776106,1.0,0,TC_NASHIK_02,0,,
35.28385965302172,1,0.9436881984074953,1.0,0,TC_PUNE_03,0,,
55.86582172362656,1,0.9715339878549564,1.0,0,TC_NASHIK_02,0,,
42.75627962956216,1,0.8162736585426692,1.0,0,TC_MUMBAI_01,0,,
80.51257283093032,2,0.8813546020518551,1.0,0,TC_PUNE_03,0,,
41.66300972290101,1,0.9316435400635996,1.0,0,TC_PUNE_03,0,,
27.451431691297117,1,0.9936060632108529,1.0,0,TC_NAGPUR_01,0,,
57.830927651957396,1,0.8756205249446355,1.0,0,TC_PUNE_03,0,,
51.14981568662767,1,0.7179291546785954,1.0,0,TC_NASHIK_02,0,,
35.90326154879224,1,0.695037680104439,1.0,0,TC_NASHIK_02,0,,
68.81484297150995,1,0.8479630006129397,1.0,0,TC_NASHIK_02,0,,
2.3922509917504966,23,,,1,TC_RURAL_MALPRACTICE_09,1,0.46649702398579607,0.0
42.44674567601375,1,0.9580706140765022,1.0,0,TC_PUNE_03,0,,
36.9557452342051,1,0.9249963696724786,1.0,0,TC_PUNE_03,0,,
37.472327453461574,1,0.7577429756477455,1.0,0,TC_PUNE_03,0,,
55.413639244809275,1,0.9574000807562855,1.0,0,TC_PUNE_03,0,,
31.694652315125516,1,0.9150546184183884,1.0,0,TC_NASHIK_02,0,,
35.75922216018961,2,0.9520576826299889,1.0,1,TC_MUMBAI_01,0,,
49.66383449512811,1,0.9159970544224935,1.0,0,TC_PUNE_03,0,,
38.909234234994784,1,0.6139093354433527,1.0,0,TC_NASHIK_02,0,,
53.52638617659295,1,0.8950956754808523,1.0,0,TC_NAGPUR_01,0,,
29.54065940052255,1,0.8997449253302138,0.0,0,TC_PUNE_03,0,,
41.222720559603566,1,0.8406696738719304,1.0,0,TC_NAGPUR_01,0,,
37.09524012326272,1,0.8270794135841353,1.0,0,TC_MUMBAI_01,0,,
74.89434898293042,1,0.8127219139835976,1.0,0,TC_MUMBAI_01,0,,
29.650006558053114,1,0.8685892994313971,1.0,0,TC_PUNE_03,0,,
34.9716564457893,1,0.8595401432008148,1.0,0,TC_NASHIK_02,0,,
58.50204241575167,1,0.9484395829147161,1.0,1,TC_NAGPUR_01,0,,
43.77519960989875,1,0.8671151624545642,1.0,0,TC_NASHIK_02,0,,
26.951390674768074,1,0.7397865167220534,1.0,0,TC_PUNE_03,0,,
70.67270512477006,1,0.9870343220163663,1.0,0,TC_PUNE_03,0,,
49.63424664698844,1,0.9644916346828942,1.0,0,TC_NAGPUR_01,0,,
38.41658524880116,1,0.8967927015057474,1.0,1,TC_NAGPUR_01,0,,
31.22646523928821,1,0.9182559793712098,1.0,0,TC_NASHIK_02,0,,
1.2623542634887175,14,,,0,TC_RURAL_MALPRACTICE_09,1,0.39153997207075003,0.0
26.685064388412155,1,0.9518442029633541,1.0,0,TC_MUMBAI_01,0,,
60.43606029967672,1,0.6165775482421224,1.0,0,TC_MUMBAI_01,0,,
62.238785695312025,1,0.9328805023188664,1.0,0,TC_NAGPUR_01,0,,
31.481099737833222,1,0.7319879741766091,1.0,0,TC_MUMBAI_01,0,,
49.039405450363255,1,0.8002542612785635,1.0,0,TC_NAGPUR_01,0,,
31.44547294094096,1,0.8438166871092218,1.0,0,TC_PUNE_03,0,,
48.60980989249607,1,0.9656786803648906,1.0,0,TC_MUMBAI_01,0,,
55.91148906589076,1,0.9982212896447705,1.0,0,TC_MUMBAI_01,0,,
38.89773223164704,2,0.8376319385098853,1.0,0,TC_MUMBAI_01,0,,
87.79577462882908,2,0.7491783533570772,1.0,0,TC_NASHIK_02,0,,
55.77234078035413,1,0.9739177752613328,1.0,0,TC_MUMBAI_01,0,,
84.71750970699415,1,0.7238548883171895,1.0,0,TC_NAGPUR_01,0,,
41.52448425720144,1,0.9467966297874159,1.0,0,TC_NAGPUR_01,0,,
32.55252419342691,1,0.7740160201653019,1.0,0,TC_PUNE_03,0,,
16.07116430225107,1,0.9883249007092935,1.0,0,TC_MUMBAI_01,0,,
33.83037150424356,1,0.8409251410439695,1.0,0,TC_MUMBAI_01,0,,
39.737929090568514,1,0.8406091334597444,1.0,0,TC_MUMBAI_01,0,,
29.844517234490024,1,0.9420192445035208,1.0,0,TC_NASHIK_02,0,,
31.446737092927428,1,0.8915109139444641,1.0,1,TC_PUNE_03,0,,
18.630090029071717,1,0.95610628554388,1.0,0,TC_NAGPUR_01,0,,
38.906057598208115,1,0.6866965598181396,1.0,0,TC_NAGPUR_01,0,,
37.69065451340263,1,0.8059895624407737,1.0,0,TC_PUNE_03,0,,
62.868525334588846,2,0.898166058877149,1.0,0,TC_NASHIK_02,0,,
49.861117333978356,1,0.8140177130011687,1.0,0,TC_MUMBAI_01,0,,
39.62069934389164,1,0.9224374319539091,1.0,0,TC_MUMBAI_01,0,,
42.92999883940576,1,0.7807089218865874,1.0,0,TC_NAGPUR_01,0,,
29.047325807144176,1,0.8466380684428175,1.0,0,TC_PUNE_03,0,,
42.14576123800186,1,0.7422779699909947,1.0,0,TC_PUNE_03,0,,
48.5229857209823,1,0.7678767529854916,1.0,0,TC_NAGPUR_01,0,,
41.74965123862926,1,0.8305687912097061,1.0,0,TC_PUNE_03,0,,
27.625406306079103,1,0.6517066536341171,1.0,0,TC_NAGPUR_01,0,,
27.33160075709928,1,0.8076183270010423,1.0,0,TC_PUNE_03,0,,
43.79609275950806,1,0.8699299586689178,1.0,0,TC_NASHIK_02,0,,
36.08540642441483,2,0.9924394862669585,1.0,0,TC_PUNE_03,0,,
20.45638549175304,1,0.7194322065992643,1.0,0,TC_MUMBAI_01,0,,
75.13825290269834,1,0.7537808648557996,1.0,0,TC_MUMBAI_01,0,,
96.44636715472406,1,0.9429447396787274,1.0,0,TC_PUNE_03,0,,
43.84926854796131,1,0.9301299249159426,1.0,0,TC_NAGPUR_01,0,,
39.23022964888452,1,0.7639230887822338,1.0,0,TC_NAGPUR_01,0,,
44.47948130008275,1,0.6675315729746104,1.0,0,TC_MUMBAI_01,0,,
27.464814739232917,1,0.9432382082092,1.0,0,TC_NAGPUR_01,0,,
35.87300532609713,1,0.9054094911058574,1.0,0,TC_NASHIK_02,0,,
75.27828269104363,2,0.8655431994952228,1.0,0,TC_NAGPUR_01,0,,
25.66034441551225,1,0.9581612637277472,1.0,0,TC_PUNE_03,0,,
57.65345831118937,1,0.8770593462792932,1.0,0,TC_NASHIK_02,0,,
38.20063186847699,1,0.8854046627180664,1.0,0,TC_MUMBAI_01,0,,
79.95068890675739,1,0.8336444185303965,1.0,0,TC_MUMBAI_01,0,,
49.785898275187385,2,0.6841036960035533,1.0,0,TC_NASHIK_02,0,,
56.930728590182504,1,0.6823305429439411,1.0,0,TC_NASHIK_02,0,,
32.18732497263633,1,0.9566148121925239,1.0,0,TC_PUNE_03,0,,
30.74692339558146,1,0.6660757105555947,1.0,0,TC_MUMBAI_01,0,,
23.330955787804072,1,0.9415774441192458,1.0,0,TC_PUNE_03,0,,
38.94539965045784,1,0.9143999222177244,1.0,0,TC_NAGPUR_01,0,,
26.575934027229348,1,0.7980551041965959,1.0,0,TC_MUMBAI_01,0,,
37.75469373087034,1,0.8413523285875661,1.0,0,TC_NAGPUR_01,0,,
24.022163950948038,1,0.8958365320834482,1.0,0,TC_NAGPUR_01,0,,
45.43267828520943,1,0.8691183826952231,1.0,0,TC_PUNE_03,0,,
31.220990902048413,1,0.8220871484752467,1.0,0,TC_NAGPUR_01,0,,
42.70315253925034,1,0.8522737779854448,1.0,0,TC_PUNE_03,0,,
44.59855734060209,1,0.8048002619046407,1.0,0,TC_NASHIK_02,0,,
1.4291635054919185,11,,,0,TC_RURAL_MALPRACTICE_09,1,0.357380257358072,0.0
25.522407754185355,1,0.8421309203744343,1.0,0,TC_NASHIK_02,0,,
25.724949432131442,1,0.6639910596198186,1.0,0,TC_MUMBAI_01,0,,
29.949046966446733,1,0.9568130599625423,1.0,0,TC_NASHIK_02,0,,
21.27443217981035,1,0.6247018156695071,1.0,0,TC_MUMBAI_01,0,,
26.518264558046184,1,0.9819128023405821,1.0,0,TC_PUNE_03,0,,
26.36581563225846,1,0.8775260239743492,1.0,0,TC_MUMBAI_01,0,,
39.14593783151416,1,0.8070140160682253,1.0,0,TC_MUMBAI_01,0,,
24.447488727626236,1,0.9287905315672529,1.0,0,TC_NAGPUR_01,0,,
63.42724308947739,1,0.9376641825123746,1.0,0,TC_NAGPUR_01,0,,
23.684418834821773,1,0.593070139013895,1.0,0,TC_MUMBAI_01,0,,
22.572683505828977,1,0.9728563451019391,1.0,0,TC_MUMBAI_01,0,,
34.88819925214159,1,0.9260173044479939,1.0,0,TC_MUMBAI_01,0,,
78.45120593124405,1,0.8377483557249972,1.0,0,TC_MUMBAI_01,0,,
22.86337824152759,1,0.8794628306136021,1.0,0,TC_PUNE_03,0,,
33.88352235827077,1,0.9410938694777362,1.0,0,TC_NAGPUR_01,0,,
47.47127631900652,1,0.8174851865835705,1.0,0,TC_MUMBAI_01,0,,
28.43915841739646,1,0.773144471331846,1.0,0,TC_PUNE_03,0,,
36.38331880212304,1,0.7709162882311111,1.0,0,TC_NASHIK_02,0,,
46.56428571445583,1,0.8817127326091719,1.0,0,TC_PUNE_03,0,,
40.15754276016836,1,0.9685242731560285,1.0,0,TC_PUNE_03,0,,
0.6469241079674256,16,,,1,TC_NAGPUR_01,1,0.26692534540864093,0.0
34.677903151475974,1,0.7041067792653583,1.0,0,TC_MUMBAI_01,0,,
82.39037963933177,1,0.5578027946919414,1.0,0,TC_PUNE_03,0,,
21.163529178146483,1,0.7946469784695268,1.0,0,TC_MUMBAI_01,0,,
0.7098017970548041,13,,,1,TC_NAGPUR_01,1,0.19427079964192653,0.0
61.609690364565424,1,0.9146106004671085,1.0,1,TC_PUNE_03,0,,
40.92177954119243,1,0.9507895753840196,1.0,0,TC_NAGPUR_01,0,,
40.78167763709832,1,0.7342045585003442,1.0,0,TC_NASHIK_02,0,,
23.360450559714653,1,0.7779477964399799,1.0,0,TC_NASHIK_02,0,,
31.9699006708327,1,0.9724902872151154,1.0,0,TC_NAGPUR_01,0,,
30.18385986452276,1,0.9630026693584548,1.0,0,TC_NAGPUR_01,0,,
57.9447996645593,2,0.9613734588236955,1.0,0,TC_NASHIK_02,0,,
35.67932254585935,1,0.9278954787311421,1.0,0,TC_NASHIK_02,0,,
33.3553014427858,1,0.9757773820032946,1.0,0,TC_MUMBAI_01,0,,
49.37819662031955,1,0.7508499492610284,1.0,0,TC_NASHIK_02,0,,
32.98085351822549,1,0.847850082524602,1.0,0,TC_MUMBAI_01,0,,
38.28867835211057,1,0.7551273105774877,1.0,0,TC_NASHIK_02,0,,
25.253478587122782,1,0.8041826788164402,1.0,0,TC_PUNE_03,0,,
51.00550217104349,1,0.9517105562229408,1.0,0,TC_PUNE_03,0,,
39.391554552246426,1,0.7518987198886697,1.0,0,TC_NASHIK_02,0,,
25.628974051267956,1,0.8176140407974175,1.0,0,TC_MUMBAI_01,0,,
39.18956886587068,1,0.8387349724131077,1.0,0,TC_NASHIK_02,0,,
31.54294728016213,2,0.6565919847184584,1.0,0,TC_PUNE_03,0,,
1.1248399684693058,6,,,0,TC_RURAL_MALPRACTICE_09,1,0.26160385868081526,0.0
23.646084738395558,1,0.7615976238795776,1.0,0,TC_MUMBAI_01,0,,
39.28838243079425,1,0.9507187519967648,1.0,0,TC_PUNE_03,0,,
26.725046289567775,1,0.8297479557600856,1.0,1,TC_NASHIK_02,0,,
25.674383395797168,1,0.9546880567554406,1.0,0,TC_NASHIK_02,0,,
27.21517800254069,1,0.9323608653588091,1.0,0,TC_NAGPUR_01,0,,
43.83255363428571,1,0.7867752212409862,1.0,0,TC_NAGPUR_01,0,,
29.11880205611212,2,0.6124700126134425,1.0,0,TC_PUNE_03,0,,
47.27662353190293,2,0.5033923144691952,1.0,0,TC_PUNE_03,0,,
31.29544787781945,1,0.9146029279933936,1.0,0,TC_NASHIK_02,0,,
25.84581799848687,1,0.6650019185729081,1.0,0,TC_MUMBAI_01,0,,
17.559134750157664,1,0.7975641169596862,1.0,0,TC_NAGPUR_01,0,,
28.153757517037562,1,0.9694364419991173,1.0,0,TC_NAGPUR_01,0,,
35.15624571232281,1,0.5615593585914731,1.0,0,TC_MUMBAI_01,0,,
29.749340037516916,1,0.8238776226644103,1.0,0,TC_MUMBAI_01,0,,
48.73138774578222,1,0.8963437485299104,1.0,0,TC_MUMBAI_01,0,,
61.11038604812612,1,0.9878894402441832,1.0,0,TC_MUMBAI_01,0,,
39.650361698656866,1,0.7559533257677771,1.0,0,TC_NASHIK_02,0,,
43.76504425475316,1,0.8606601922451682,1.0,0,TC_PUNE_03,0,,
71.07467491199854,1,0.9433959774772819,1.0,0,TC_NAGPUR_01,0,,
33.746778137275015,1,0.8164740728093014,1.0,0,TC_NAGPUR_01,0,,
37.321597966845104,1,0.85412084784751,1.0,0,TC_NAGPUR_01,0,,
37.12691927455537,1,0.9508597360095781,1.0,0,TC_PUNE_03,0,,
57.19321152675703,1,0.9522475324417973,1.0,0,TC_PUNE_03,0,,
43.734148539576914,1,0.9795614847398857,1.0,0,TC_NASHIK_02,0,,
25.353264482708948,1,0.9203562236307756,1.0,0,TC_MUMBAI_01,0,,
51.02170404751637,1,0.762434246075311,1.0,0,TC_NASHIK_02,0,,
35.72474612606879,1,0.9337893723831442,1.0,0,TC_PUNE_03,0,,
38.02226417039075,1,0.8728493168354068,1.0,0,TC_MUMBAI_01,0,,
29.237968461697783,1,0.7170442638729191,1.0,0,TC_NAGPUR_01,0,,
31.94069246832444,2,0.8308614384352508,1.0,0,TC_NAGPUR_01,0,,
26.858338460808945,1,0.9305813165971802,1.0,0,TC_PUNE_03,0,,
32.141346096711054,1,0.8012285117640293,1.0,0,TC_NAGPUR_01,0,,
35.10694347772118,1,0.9104941238212353,1.0,0,TC_NAGPUR_01,0,,
1.7521010829828927,9,,,1,TC_RURAL_MALPRACTICE_09,1,0.28707359707139257,0.0
34.46851779450135,2,0.9892116645477755,1.0,0,TC_NAGPUR_01,0,,
2.337614598581453,24,,,1,TC_NAGPUR_01,1,0.5509128947978513,0.0
36.44352568099747,1,0.9882216230540846,1.0,0,TC_NAGPUR_01,0,,
49.302974419734745,1,0.83234448654864,1.0,0,TC_NASHIK_02,0,,
46.87725491953321,1,0.9057796078166146,1.0,1,TC_PUNE_03,0,,
61.953159923726886,1,0.894991213870588,1.0,0,TC_NAGPUR_01,0,,
49.18559279843272,1,0.9966197278329036,1.0,0,TC_MUMBAI_01,0,,
23.0340487771947,1,0.6667768543362058,1.0,0,TC_NAGPUR_01,0,,
26.15721603545996,1,0.8682203500843362,1.0,0,TC_MUMBAI_01,0,,
47.95615898124426,1,0.9374482439492903,1.0,1,TC_NASHIK_02,0,,
70.4731955882,1,0.7016965606504257,1.0,0,TC_NAGPUR_01,0,,
28.78958448913467,1,0.9314181610729978,1.0,0,TC_NASHIK_02,0,,
23.66234747594109,1,0.9551721120133478,1.0,0,TC_PUNE_03,0,,
32.723562849025186,1,0.7374616236901367,1.0,0,TC_PUNE_03,0,,
36.179299409434584,1,0.6896588126872624,1.0,0,TC_NASHIK_02,0,,
38.87933528684912,1,0.5655166900333602,1.0,0,TC_MUMBAI_01,0,,
94.48544323839525,1,0.6871012837315409,1.0,0,TC_PUNE_03,0,,
29.678183299446612,1,0.990939743060351,1.0,0,TC_PUNE_03,0,,
63.135349173585944,1,0.8570283497455923,1.0,0,TC_NASHIK_02,0,,
33.50804532947437,1,0.9004682077223544,1.0,0,TC_NASHIK_02,0,,
38.370060673489874,1,0.8223228385347692,1.0,0,TC_NAGPUR_01,0,,
42.36296613561344,2,0.9803930519886589,1.0,0,TC_NASHIK_02,0,,
33.02306292979186,1,0.7490232043871365,1.0,0,TC_MUMBAI_01,0,,
37.6937213469165,1,0.8082721120881613,1.0,0,TC_NAGPUR_01,0,,
59.72400438730759,1,0.7845202026497945,1.0,0,TC_MUMBAI_01,0,,
0.8617870686802482,7,,,1,TC_RURAL_MALPRACTICE_09,1,0.4012585923964743,0.0
46.591961361526884,1,0.8782491753158207,1.0,0,TC_NAGPUR_01,0,,
46.51010715301877,1,0.9637173149755989,1.0,0,TC_MUMBAI_01,0,,
26.44624303880439,1,0.9460289680711725,1.0,0,TC_NAGPUR_01,0,,
35.730367723312945,1,0.7091102174594973,1.0,0,TC_MUMBAI_01,0,,
37.659182122287845,1,0.85786009098756,1.0,0,TC_NAGPUR_01,0,,
36.633321766059304,1,0.9853008513742653,1.0,0,TC_NASHIK_02,0,,
64.48183046027361,1,0.9728611585668824,1.0,0,TC_PUNE_03,0,,
68.79320769214385,1,0.9203571190426606,1.0,0,TC_NASHIK_02,0,,
36.43970926137871,1,0.934773410349734,1.0,0,TC_PUNE_03,0,,
53.57810048686211,2,0.9265172753735631,1.0,0,TC_NASHIK_02,0,,
0.5248616696656814,16,,,1,TC_RURAL_MALPRACTICE_09,1,0.44835509297114384,1.0
28.472886654824194,1,0.8454849063526179,1.0,0,TC_NASHIK_02,0,,
61.89614930526372,1,0.7638379624111298,1.0,0,TC_MUMBAI_01,0,,
39.87167828624198,1,0.9592087481605053,1.0,0,TC_MUMBAI_01,0,,
33.31096806911545,2,0.9598824462871673,1.0,0,TC_NAGPUR_01,0,,
32.66020829621391,1,0.8482839491540946,1.0,0,TC_NAGPUR_01,0,,
31.794944042730446,1,0.9025555004790086,1.0,0,TC_PUNE_03,0,,
61.09456987900275,2,0.7586009742418146,1.0,0,TC_NASHIK_02,0,,
49.68835811091078,1,0.8608189941642805,1.0,0,TC_NAGPUR_01,0,,
27.325054801316636,2,0.9835580254540809,1.0,0,TC_PUNE_03,0,,
31.176380015887005,1,0.8216371750756559,1.0,0,TC_NAGPUR_01,0,,
37.409061525133744,1,0.6928302929150569,1.0,0,TC_MUMBAI_01,0,,
34.97651796328568,1,0.9636864305014076,1.0,0,TC_NASHIK_02,0,,
25.59319399037122,1,0.5877378940064076,1.0,0,TC_NAGPUR_01,0,,
38.04787762661044,1,0.9836413138504277,1.0,0,TC_NAGPUR_01,0,,
33.571914486837414,1,0.7219975800123337,1.0,0,TC_MUMBAI_01,0,,
30.990419777555594,1,0.6331073631459321,1.0,0,TC_MUMBAI_01,0,,
79.95049741651036,1,0.6571969967435871,1.0,0,TC_PUNE_03,0,,
33.873210514256954,1,0.6758475069989585,1.0,0,TC_MUMBAI_01,0,,
24.910204705295364,1,0.8969348168894121,1.0,0,TC_NASHIK_02,0,,
33.56885446819919,1,0.5592977144710802,1.0,0,TC_MUMBAI_01,0,,
40.88170942497957,1,0.8937471347321024,1.0,0,TC_PUNE_03,0,,
24.963320931269127,1,0.733101413557515,1.0,0,TC_MUMBAI_01,0,,
64.95812557057133,1,0.993462842974115,1.0,0,TC_MUMBAI_01,0,,
28.2009732482921,2,0.5540557077877797,1.0,0,TC_PUNE_03,0,,
36.222662648394056,1,0.8593101101666566,1.0,0,TC_NAGPUR_01,0,,
66.55762709465135,1,0.9322125870706266,1.0,0,TC_PUNE_03,0,,
1.611810065233216,18,,,1,TC_NAGPUR_01,1,0.30604181880540887,0.0
32.246303235407765,1,0.8160441908688086,1.0,0,TC_MUMBAI_01,0,,
37.78559416093472,1,0.9155030106448697,1.0,0,TC_MUMBAI_01,0,,
72.36976587102573,1,0.961920529009784,1.0,0,TC_MUMBAI_01,0,,
32.501438023699365,2,0.914227004408985,1.0,0,TC_NASHIK_02,0,,
63.253883014506705,1,0.9190543478052445,1.0,0,TC_NAGPUR_01,0,,
42.98421014710991,1,0.7908499060101845,1.0,0,TC_MUMBAI_01,0,,
45.273827409135876,1,0.7211017603078621,1.0,0,TC_MUMBAI_01,0,,
27.355453395369526,2,0.8817486581117919,1.0,0,TC_NASHIK_02,0,,
23.152564920166594,1,0.9639256055728075,1.0,0,TC_NAGPUR_01,0,,
25.804590758494037,2,0.8497822148201346,1.0,0,TC_PUNE_03,0,,
43.98801788131925,1,0.8912970011260893,1.0,0,TC_NASHIK_02,0,,
29.60639348622232,1,0.6217771568842585,1.0,0,TC_NAGPUR_01,0,,
32.34409365230419,1,0.9157994406264924,1.0,0,TC_MUMBAI_01,0,,
56.85297276259976,1,0.875624441012871,1.0,0,TC_NAGPUR_01,0,,
33.169932984655645,1,0.9009954393300111,1.0,0,TC_MUMBAI_01,0,,
30.030868339784707,1,0.7274904905413407,1.0,0,TC_NAGPUR_01,0,,
19.093734182671753,1,0.9533531872455208,1.0,0,TC_PUNE_03,0,,
44.36537710540839,1,0.9063186605955553,1.0,0,TC_MUMBAI_01,0,,
38.51196220363157,1,0.7978342947103043,1.0,0,TC_PUNE_03,0,,
54.9876623695552,2,0.9165904235912113,1.0,0,TC_MUMBAI_01,0,,
24.822211667186707,1,0.8406687227353449,1.0,0,TC_NASHIK_02,0,,
41.743197912068986,1,0.8877435879600925,1.0,0,TC_MUMBAI_01,0,,
40.31223810628408,2,0.7609106377226724,1.0,1,TC_NAGPUR_01,0,,
34.16763788638948,1,0.765099517769709,1.0,0,TC_PUNE_03,0,,
65.21823967033563,1,0.8846457439260382,1.0,0,TC_NASHIK_02,0,,
42.344653067879825,1,0.9070506462811261,1.0,0,TC_PUNE_03,0,,
24.114860516292552,1,0.7407072641111075,1.0,0,TC_NAGPUR_01,0,,
35.31930712203366,1,0.7531972091783622,1.0,0,TC_NASHIK_02,0,,
20.986724830892175,1,0.9703139049674757,1.0,0,TC_NASHIK_02,0,,
23.95754437696874,1,0.911831184027679,1.0,0,TC_NAGPUR_01,0,,
41.591620856108044,1,0.9255079257056719,1.0,0,TC_NASHIK_02,0,,
34.61990620841982,1,0.9378383335711149,1.0,0,TC_MUMBAI_01,0,,
30.565027108777556,1,0.9180725823633737,1.0,0,TC_PUNE_03,0,,
42.2117834553122,1,0.9452476402560694,1.0,0,TC_NAGPUR_01,0,,
35.758901225921434,1,0.614074825892417,1.0,0,TC_NASHIK_02,0,,
33.085381609401004,1,0.7622514854033837,1.0,0,TC_NASHIK_02,0,,
23.229024781372896,1,0.8867738455078847,1.0,0,TC_NASHIK_02,0,,
53.088176339614414,2,0.7887027125901492,1.0,0,TC_NAGPUR_01,0,,
34.82350031524559,1,0.9077460193029547,1.0,0,TC_PUNE_03,0,,
26.393238071542967,1,0.9804993403285279,1.0,0,TC_MUMBAI_01,0,,
46.367353368043176,1,0.8298601906322225,1.0,0,TC_NASHIK_02,0,,
77.33028197528193,1,0.9745124386256364,1.0,0,TC_PUNE_03,0,,
41.218525771811514,1,0.9033851724987274,1.0,0,TC_NAGPUR_01,0,,
30.947800276974117,1,0.7751942715347592,1.0,0,TC_NAGPUR_01,0,,
63.356147960102184,1,0.8972262799719677,1.0,0,TC_PUNE_03,0,,
31.948607880027307,1,0.9167728301162849,1.0,0,TC_NASHIK_02,0,,
50.965719338919016,1,0.9138937137204088,1.0,0,TC_NASHIK_02,0,,
50.09261432460528,1,0.9319838109453493,1.0,0,TC_MUMBAI_01,0,,
1.3222535856943542,12,,,1,TC_RURAL_MALPRACTICE_09,1,0.17318192879536873,0.0
36.30725865084345,1,0.7909123320162359,1.0,0,TC_PUNE_03,0,,
44.25909058661916,1,0.91522882207136,1.0,0,TC_PUNE_03,0,,
35.566954229607404,1,0.8077263039521875,1.0,0,TC_NASHIK_02,0,,
43.995370075936144,1,0.9187515886829264,1.0,0,TC_PUNE_03,0,,
29.915216200522668,1,0.9690482925931865,1.0,0,TC_NASHIK_02,0,,
29.674936773960226,1,0.9675036742088757,1.0,0,TC_PUNE_03,0,,
1.4576643616537142,10,,,1,TC_NAGPUR_01,1,0.5542604834300771,0.0
32.770719363466526,1,0.9762179553117631,1.0,0,TC_NAGPUR_01,0,,
97.69772412503598,1,0.9047082514608407,1.0,0,TC_NAGPUR_01,0,,
47.0776935488065,1,0.8893455531936981,1.0,0,TC_MUMBAI_01,0,,
26.35058177988859,1,0.8166503689852872,1.0,0,TC_MUMBAI_01,0,,
48.270102449045076,1,0.8454471657311103,1.0,0,TC_PUNE_03,0,,
56.93396553996794,1,0.9163466534421792,1.0,0,TC_NASHIK_02,0,,
48.20563233690626,2,0.8642897914295384,1.0,0,TC_NASHIK_02,0,,
28.513305904967385,1,0.779220261786894,1.0,0,TC_PUNE_03,0,,
36.81092269456831,2,0.8863117680723759,1.0,0,TC_NAGPUR_01,0,,
43.31435349806111,1,0.7988770189945773,1.0,0,TC_NAGPUR_01,0,,
24.91790969306111,1,0.9947470096050601,1.0,0,TC_MUMBAI_01,0,,
1.3269771800649797,24,,,0,TC_RURAL_MALPRACTICE_09,1,0.578686421778996,0.0
49.895549147856435,1,0.9750661328424479,1.0,0,TC_PUNE_03,0,,
29.952626467169885,1,0.8991773370901812,1.0,0,TC_PUNE_03,0,,
61.461235097175134,1,0.7859601952444645,1.0,0,TC_MUMBAI_01,0,,
22.593398020269763,1,0.6401947631518013,1.0,0,TC_PUNE_03,0,,
2.0085857581926065,10,,,1,TC_RURAL_MALPRACTICE_09,1,0.4579876074445134,0.0
35.36031952907872,2,0.9774344561042796,1.0,0,TC_PUNE_03,0,,
40.788291163655934,1,0.6565994859716444,1.0,0,TC_NAGPUR_01,0,,
71.74692156693584,1,0.9233531193518079,1.0,0,TC_PUNE_03,0,,
26.747004748619155,1,0.9064942584270412,1.0,0,TC_NAGPUR_01,0,,
31.191474065093566,1,0.9837642803082457,1.0,0,TC_MUMBAI_01,0,,
39.1534155966586,1,0.534892578178417,1.0,0,TC_MUMBAI_01,0,,
33.06596933236587,1,0.955321160706566,1.0,0,TC_PUNE_03,0,,
56.53871261355424,1,0.845351367944078,1.0,0,TC_MUMBAI_01,0,,
53.624234906040044,1,0.970300768451915,1.0,0,TC_MUMBAI_01,0,,
37.80494084783122,1,0.9680745186849882,1.0,0,TC_NASHIK_02,0,,
45.12224080682143,1,0.6646207045771663,1.0,0,TC_NAGPUR_01,0,,
62.71203946808509,1,0.904460103393722,1.0,0,TC_PUNE_03,0,,
17.02866165891338,1,0.9688072451427535,1.0,0,TC_MUMBAI_01,0,,
52.203898071116356,1,0.9664683783818778,1.0,0,TC_NAGPUR_01,0,,
28.203512514717783,1,0.9856914394131462,1.0,0,TC_NAGPUR_01,0,,
30.72402008361208,1,0.954465797173267,1.0,0,TC_NAGPUR_01,0,,
22.720526847254707,1,0.9651533712628055,1.0,0,TC_MUMBAI_01,0,,
81.49911505705731,1,0.9993017836730225,1.0,0,TC_PUNE_03,0,,
34.593353909791894,2,0.970880195071863,1.0,0,TC_NAGPUR_01,0,,
1.8845396605504177,19,,,1,TC_NAGPUR_01,1,0.5465075972886336,0.0
27.73351877500359,1,0.822780131990641,1.0,0,TC_PUNE_03,0,,
32.12745844537844,1,0.4633465053282875,1.0,0,TC_NAGPUR_01,0,,
43.5481093387553,2,0.8119191112885984,1.0,0,TC_NASHIK_02,0,,
75.15578890984686,1,0.8029700036644483,1.0,0,TC_PUNE_03,0,,
37.62150527860652,1,0.9011810984449611,1.0,0,TC_NASHIK_02,0,,
29.579994782531053,1,0.7591750815121769,1.0,0,TC_NASHIK_02,0,,
25.525064034968477,1,0.778275331506081,1.0,0,TC_PUNE_03,0,,
37.198242019522226,1,0.8947291762827332,1.0,1,TC_MUMBAI_01,0,,
41.88178880982344,1,0.6874658968754882,1.0,0,TC_PUNE_03,0,,
23.363172184159872,1,0.914968068495021,0.0,0,TC_PUNE_03,0,,
36.16242515474242,1,0.8012431975911608,1.0,0,TC_NAGPUR_01,0,,
53.38825796152946,1,0.8929108903113991,0.0,0,TC_MUMBAI_01,0,,
36.18296075208016,1,0.9082136436411135,1.0,0,TC_MUMBAI_01,0,,
30.879610952805308,1,0.8179356565276216,1.0,0,TC_MUMBAI_01,0,,
31.58066017238061,1,0.8894977828088654,1.0,0,TC_MUMBAI_01,0,,
2.1412155393231007,23,,,1,TC_RURAL_MALPRACTICE_09,1,0.25861642208291974,0.0
58.60025228457901,1,0.7685005712991546,1.0,0,TC_NASHIK_02,0,,
75.75016842341506,1,0.8788471816022333,1.0,0,TC_MUMBAI_01,0,,
28.9891898887624,1,0.8041074634547978,1.0,0,TC_NAGPUR_01,0,,
21.163723494819564,1,0.8757910146437368,1.0,0,TC_PUNE_03,0,,
47.872692503166725,1,0.8020263752773377,1.0,0,TC_NAGPUR_01,0,,
40.614273624989956,1,0.7810968444347366,1.0,0,TC_MUMBAI_01,0,,
41.14669668214946,1,0.9315071874577121,1.0,1,TC_PUNE_03,0,,
61.34949777319224,1,0.9583219728498377,1.0,0,TC_NAGPUR_01,0,,
44.6901299466898,1,0.9217838010059223,1.0,0,TC_NASHIK_02,0,,
42.35410962613027,2,0.5918040410433404,1.0,0,TC_NAGPUR_01,0,,
26.351938678131614,1,0.8301186978512073,1.0,0,TC_NAGPUR_01,0,,
23.883795502708313,1,0.7630905184779054,1.0,0,TC_NAGPUR_01,0,,
38.57254855281611,1,0.9561217745053141,1.0,0,TC_NASHIK_02,0,,
89.36318402116098,1,0.7224629926631866,1.0,0,TC_NAGPUR_01,0,,
31.58048089905232,1,0.7206941335643954,1.0,0,TC_NAGPUR_01,0,,
30.724374788567786,1,0.8611395509512583,1.0,0,TC_MUMBAI_01,0,,
0.7877216966684129,18,,,1,TC_RURAL_MALPRACTICE_09,1,0.4142200212035956,0.0
31.474486241638658,1,0.96940429388068,1.0,0,TC_NASHIK_02,0,,
32.42855647397535,1,0.9275174192610129,1.0,0,TC_NASHIK_02,0,,
75.46210608249478,1,0.8917300338579887,1.0,1,TC_NASHIK_02,0,,
19.77689010134076,1,0.8209938024266145,1.0,0,TC_NASHIK_02,0,,
46.33142507977426,1,0.47797462289567233,1.0,0,TC_MUMBAI_01,0,,
40.95191225463297,1,0.8699344191507273,1.0,0,TC_NAGPUR_01,0,,
52.721856133043694,1,0.8577406068531227,1.0,0,TC_PUNE_03,0,,
31.551745758841548,1,0.9765156468329439,1.0,0,TC_PUNE_03,0,,
26.109813198848926,1,0.751001329610728,1.0,0,TC_NASHIK_02,0,,
68.38978167983711,1,0.9133038555024754,1.0,0,TC_NASHIK_02,0,,
39.426651583277966,1,0.7944301322904589,1.0,0,TC_MUMBAI_01,0,,
34.05880439690698,1,0.877657424400536,1.0,0,TC_NAGPUR_01,0,,
27.364382477511345,2,0.875474070736281,1.0,0,TC_MUMBAI_01,0,,
42.472936429402004,1,0.9082335670954428,1.0,0,TC_NASHIK_02,0,,
67.51776592924023,1,0.5770942504510435,1.0,0,TC_PUNE_03,0,,
27.248180948724123,1,0.7983582119543585,1.0,0,TC_PUNE_03,0,,
33.82027361392576,1,0.8419058437337752,1.0,0,TC_MUMBAI_01,0,,
42.64072707866522,2,0.8527400350174877,1.0,0,TC_MUMBAI_01,0,,
54.829449123397346,1,0.8349840564602081,1.0,0,TC_MUMBAI_01,0,,
34.396673965226,1,0.991265739643114,1.0,0,TC_NAGPUR_01,0,,
30.10926174867956,1,0.7306076766508205,1.0,0,TC_NAGPUR_01,0,,
27.039480292445774,1,0.80280022231786,1.0,0,TC_NAGPUR_01,0,,
29.118775924055345,1,0.9835289048043195,1.0,0,TC_NASHIK_02,0,,
52.31498438285845,1,0.8816592676465498,1.0,0,TC_NAGPUR_01,0,,
55.28286438765584,1,0.9791131730923198,1.0,0,TC_MUMBAI_01,0,,
51.08840163572408,1,0.9284306015590286,1.0,0,TC_NAGPUR_01,0,,
31.163234106906618,1,0.9127474864235998,1.0,0,TC_NASHIK_02,0,,
30.373938755463527,1,0.9691240342993266,1.0,0,TC_NASHIK_02,0,,
25.210357098000305,1,0.846663738478665,1.0,0,TC_MUMBAI_01,0,,
60.92134040995693,1,0.812912263475504,1.0,0,TC_NASHIK_02,0,,
37.63443385169331,1,0.8910276741768408,1.0,0,TC_PUNE_03,0,,
45.540203996385124,1,0.6786635354722531,1.0,0,TC_NASHIK_02,0,,
18.72889328083626,1,0.9629153855374126,1.0,0,TC_NAGPUR_01,0,,
26.367942662365635,1,0.9675220321520338,1.0,0,TC_NASHIK_02,0,,
41.68867932724667,1,0.9604376222160116,1.0,0,TC_MUMBAI_01,0,,
83.03854114004525,1,0.802432524164746,1.0,0,TC_NAGPUR_01,0,,
31.99372230968603,1,0.9132077153697696,0.0,0,TC_PUNE_03,0,,
41.914267311674486,1,0.9892340748426062,1.0,0,TC_NASHIK_02,0,,
35.509842438392916,1,0.9619186989727219,1.0,0,TC_PUNE_03,0,,
37.85265755914292,1,0.9126559206429853,1.0,0,TC_PUNE_03,0,,
41.22298629399888,1,0.8748449256019254,1.0,0,TC_PUNE_03,0,,
18.46679489715593,1,0.8899382332202035,1.0,0,TC_NASHIK_02,0,,
32.204304770269275,1,0.7355361821718157,1.0,0,TC_PUNE_03,0,,
49.51656026314658,1,0.8951476114368904,1.0,0,TC_NASHIK_02,0,,
40.97797449948921,1,0.5549224085128796,1.0,0,TC_PUNE_03,0,,
36.74300852016474,1,0.8658862774108159,1.0,0,TC_MUMBAI_01,0,,
56.56443897310652,1,0.916464613155181,1.0,0,TC_NASHIK_02,0,,
44.35616572262134,1,0.9260294319424401,1.0,0,TC_PUNE_03,0,,
32.28542296246641,1,0.9526279243854495,1.0,0,TC_NAGPUR_01,0,,
27.353994783052176,1,0.8118355978541211,1.0,0,TC_MUMBAI_01,0,,
54.292845568514394,1,0.8023133239168267,1.0,0,TC_NASHIK_02,0,,
1.4986065304650917,10,,,1,TC_RURAL_MALPRACTICE_09,1,0.23847544989673758,0.0
46.60284146344521,1,0.7549388107746203,1.0,0,TC_NASHIK_02,0,,
39.37774469855732,1,0.9514828068277382,1.0,0,TC_NASHIK_02,0,,
2.3722046294979573,23,,,1,TC_NAGPUR_01,1,0.265582222983068,0.0
43.03775746056954,1,0.525035192494109,1.0,0,TC_NAGPUR_01,0,,
42.02556464126738,1,0.9798855584212129,1.0,0,TC_NAGPUR_01,0,,
28.118029415627987,1,0.9651117842577214,1.0,0,TC_MUMBAI_01,0,,
23.666664279630893,1,0.9762180110282522,1.0,0,TC_PUNE_03,0,,
28.811179471734857,1,0.9192441606449656,1.0,0,TC_MUMBAI_01,0,,
39.2097731827377,2,0.7792143108656419,1.0,0,TC_NASHIK_02,0,,
54.93678209250798,2,0.8161500008797663,1.0,1,TC_PUNE_03,0,,
58.52589541126533,1,0.9826437895120037,1.0,0,TC_PUNE_03,0,,
28.557339460827716,1,0.8554215883546977,1.0,0,TC_MUMBAI_01,0,,
45.164718704262754,1,0.7308635625662511,1.0,0,TC_NAGPUR_01,0,,
0.38991824123547714,24,,,1,TC_NAGPUR_01,1,0.25857453656426466,0.0
35.77149366753646,1,0.8883606741476967,1.0,0,TC_NAGPUR_01,0,,
57.53923867175136,1,0.8551510473094981,1.0,0,TC_PUNE_03,0,,
42.94871665586906,1,0.7210242837212791,1.0,0,TC_MUMBAI_01,0,,
18.187000504801055,1,0.9915208618426059,1.0,0,TC_PUNE_03,0,,
73.05908147467021,2,0.6315059451976233,1.0,0,TC_PUNE_03,0,,
33.82160852896547,1,0.8110092505782024,1.0,0,TC_NAGPUR_01,0,,
48.79711177649689,1,0.9522255102663585,1.0,0,TC_NASHIK_02,0,,
159.63888062104218,1,0.9254473314993558,1.0,1,TC_MUMBAI_01,0,,
42.12243968173987,1,0.8834360224999278,1.0,0,TC_NASHIK_02,0,,
35.974143254439355,1,0.7892110262695788,1.0,0,TC_PUNE_03,0,,
51.84643749498071,1,0.9403694564776433,1.0,0,TC_NASHIK_02,0,,
42.049489086021914,1,0.8421872792970175,1.0,0,TC_MUMBAI_01,0,,
21.85416698052495,1,0.8038496910588299,1.0,0,TC_PUNE_03,0,,
40.796244372046445,1,0.8126699641741109,1.0,0,TC_NASHIK_02,0,,
35.19678112224625,1,0.6119006651080767,1.0,0,TC_NAGPUR_01,0,,
23.151766418272885,1,0.9833204667722989,1.0,0,TC_PUNE_03,0,,
71.67504181901971,1,0.9175410829005755,1.0,0,TC_NAGPUR_01,0,,
61.85167231272042,1,0.9151606264302657,1.0,0,TC_PUNE_03,0,,
64.19559200087411,1,0.7829041373501782,1.0,0,TC_NASHIK_02,0,,
26.761400920128654,1,0.7103764168872355,1.0,0,TC_MUMBAI_01,0,,
51.21995284625689,1,0.9835449351404535,1.0,0,TC_MUMBAI_01,0,,
53.18226450435226,1,0.9190659345342337,1.0,0,TC_NASHIK_02,0,,
21.4326215375811,2,0.8431352890944172,1.0,0,TC_MUMBAI_01,0,,
34.35925635867997,1,0.977163795877759,1.0,0,TC_NASHIK_02,0,,
41.4702222686278,1,0.48397778258123436,1.0,0,TC_NAGPUR_01,0,,
22.666097672522394,1,0.7583241098492516,1.0,0,TC_NAGPUR_01,0,,
31.160590454431023,1,0.728995980519763,0.0,0,TC_NAGPUR_01,0,,
37.95630452679957,1,0.9027613598221459,1.0,0,TC_NAGPUR_01,0,,
43.796165459227744,1,0.8389043355207703,1.0,0,TC_MUMBAI_01,0,,
31.826422745725804,1,0.9295503502985963,1.0,0,TC_NAGPUR_01,0,,
18.999849536383522,1,0.923976095820437,1.0,0,TC_PUNE_03,0,,
57.734268524923294,1,0.923697808667236,1.0,0,TC_MUMBAI_01,0,,
31.85265344464849,1,0.862251509493209,1.0,0,TC_PUNE_03,0,,
49.379701922708406,1,0.5311703158421305,1.0,0,TC_NAGPUR_01,0,,
33.55399226749104,1,0.9185922066164612,1.0,0,TC_MUMBAI_01,0,,
22.28402019646067,2,0.9571986629460618,1.0,1,TC_MUMBAI_01,0,,
23.534407018356113,1,0.7624203302286878,1.0,0,TC_NASHIK_02,0,,
55.00451901343205,1,0.9940706188102272,1.0,0,TC_NASHIK_02,0,,
44.78928284068966,1,0.9212354335505424,1.0,0,TC_MUMBAI_01,0,,
2.3375047989018385,20,,,1,TC_NAGPUR_01,1,0.42270195161592483,0.0
44.94850426193288,1,0.42323449007197717,1.0,0,TC_NASHIK_02,0,,
2.3716410386152034,9,,,1,TC_RURAL_MALPRACTICE_09,1,0.2261939252398502,0.0
40.736392094691475,1,0.7117212935211294,1.0,0,TC_PUNE_03,0,,
26.521438313860816,2,0.7485570407612107,1.0,0,TC_MUMBAI_01,0,,
37.89095086382564,1,0.9772448672088768,1.0,0,TC_PUNE_03,0,,
36.98177180941965,1,0.9825591402569727,1.0,0,TC_NASHIK_02,0,,
35.05194815338085,2,0.824982627600583,1.0,0,TC_PUNE_03,0,,
28.812111442749277,1,0.8960713846745236,1.0,0,TC_NASHIK_02,0,,
37.70161064372799,1,0.9046530836219364,1.0,0,TC_NASHIK_02,0,,
25.89559780361454,1,0.7168779585896025,1.0,0,TC_NAGPUR_01,0,,
26.11121426566454,1,0.8781283732900563,1.0,0,TC_PUNE_03,0,,
31.425290578812035,1,0.98021208148848,1.0,0,TC_PUNE_03,0,,
25.72014672368925,1,0.9497018323091406,1.0,0,TC_MUMBAI_01,0,,
27.51507043338814,1,0.9065401231125901,1.0,0,TC_NAGPUR_01,0,,
60.34170281490088,1,0.7843565712773646,1.0,0,TC_NASHIK_02,0,,
48.21326783959613,1,0.9169246629969621,1.0,0,TC_NAGPUR_01,0,,
40.72435419870905,2,0.7274685559790468,1.0,0,TC_MUMBAI_01,0,,
26.20394128347455,1,0.8452651881515089,1.0,0,TC_MUMBAI_01,0,,
57.91696872670191,1,0.877871822260583,1.0,0,TC_MUMBAI_01,0,,
24.553361825301565,1,0.8698111686680718,1.0,0,TC_PUNE_03,0,,
24.313052356329088,1,0.9191666470901586,1.0,0,TC_MUMBAI_01,0,,
32.622602165907296,2,0.7614309411525346,1.0,0,TC_NASHIK_02,0,,
36.681529725716686,1,0.9161034229134157,1.0,1,TC_MUMBAI_01,0,,
40.668767009168775,1,0.9527227585910724,1.0,0,TC_MUMBAI_01,0,,
25.004036814881587,1,0.9110489692214325,1.0,0,TC_NAGPUR_01,0,,
53.41557958490673,1,0.8648774407377813,1.0,0,TC_NAGPUR_01,0,,
0.5596998992138331,6,,,0,TC_NAGPUR_01,1,0.4814565313834558,0.0
56.29902873766931,1,0.7112653517699745,1.0,0,TC_MUMBAI_01,0,,
1.6015585121388087,8,,,1,TC_RURAL_MALPRACTICE_09,1,0.38265189313682646,0.0
25.073172665778692,1,0.870052521113991,1.0,0,TC_NAGPUR_01,0,,
53.362418101953516,1,0.950303145417297,1.0,0,TC_MUMBAI_01,0,,
35.93617313953268,1,0.9652409400347569,1.0,0,TC_PUNE_03,0,,
38.11129725521871,1,0.9318421028162948,1.0,0,TC_PUNE_03,0,,
0.2867129545637196,12,,,1,TC_NAGPUR_01,1,0.2565765524004939,0.0
50.153247203218356,1,0.8840727530305711,1.0,0,TC_PUNE_03,0,,
58.24011333196175,1,0.8293700423768962,1.0,0,TC_PUNE_03,0,,
57.33771437895876,1,0.6501192861151689,1.0,0,TC_NAGPUR_01,0,,
34.61251318338378,1,0.9208693394090778,1.0,1,TC_MUMBAI_01,0,,
48.470743308143206,2,0.8784743025668791,1.0,0,TC_NASHIK_02,0,,
25.413760868766424,1,0.7659519475252229,1.0,0,TC_NAGPUR_01,0,,
34.9959941733014,1,0.8710022524486762,1.0,0,TC_NAGPUR_01,0,,
29.203532450768765,1,0.817751369642567,1.0,0,TC_PUNE_03,0,,
66.58761469690549,1,0.9674211074122812,1.0,0,TC_PUNE_03,0,,
45.37949103456111,1,0.9747965386520413,1.0,0,TC_NAGPUR_01,0,,
27.024032962967702,1,0.9694121056687097,1.0,0,TC_MUMBAI_01,0,,
42.78089283339738,1,0.8117715303665299,1.0,0,TC_MUMBAI_01,0,,
58.543026743157576,1,0.7247188349096205,1.0,0,TC_MUMBAI_01,0,,
44.174961136015966,1,0.8002087856588154,1.0,0,TC_NAGPUR_01,0,,
35.749844472932296,1,0.9633685846293699,1.0,0,TC_MUMBAI_01,0,,
22.409337603805483,1,0.915503027862051,1.0,0,TC_PUNE_03,0,,
31.556027373570004,1,0.9081999442860532,1.0,0,TC_MUMBAI_01,0,,
35.999397660774584,1,0.9515423685658561,1.0,0,TC_PUNE_03,0,,
56.13924899514513,1,0.8775902826054015,1.0,0,TC_NAGPUR_01,0,,
20.526591477884736,1,0.8409661746604793,1.0,0,TC_NAGPUR_01,0,,
22.510531616740383,2,0.8751280638907821,1.0,0,TC_NAGPUR_01,0,,
0.8075081401039359,10,,,1,TC_RURAL_MALPRACTICE_09,1,0.4148259504249018,0.0
32.115565333207435,1,0.941110888464905,1.0,0,TC_MUMBAI_01,0,,
36.34392894156312,1,0.8308026967563255,1.0,0,TC_MUMBAI_01,0,,
35.68777996983976,1,0.7829767482163574,1.0,1,TC_MUMBAI_01,0,,
46.01455216309088,2,0.8212270180810115,1.0,0,TC_PUNE_03,0,,
0.9237042139087965,19,,,1,TC_RURAL_MALPRACTICE_09,1,0.31234571097353736,0.0
41.58921312050327,1,0.9098454036527727,1.0,0,TC_MUMBAI_01,0,,
21.70875181513517,1,0.8730338318578692,1.0,0,TC_PUNE_03,0,,
40.31245636656164,1,0.9280873124038224,1.0,0,TC_NAGPUR_01,0,,
15.918668427701446,1,0.9120088693023809,1.0,0,TC_MUMBAI_01,0,,
80.535400764006,1,0.47193981654901296,1.0,0,TC_PUNE_03,0,,
20.675567972014406,1,0.8337807685261157,1.0,0,TC_NASHIK_02,0,,
58.96919809700798,1,0.9167093083234972,1.0,0,TC_NASHIK_02,0,,
36.384932332749244,1,0.3910468783162116,1.0,0,TC_PUNE_03,0,,
23.290418326850705,1,0.877125655717458,1.0,0,TC_PUNE_03,0,,
18.75701494122667,1,0.9124423613007133,1.0,0,TC_NAGPUR_01,0,,
63.304245675787556,1,0.8279192490235777,1.0,0,TC_PUNE_03,0,,
34.691540733891074,1,0.9171905708129923,1.0,0,TC_MUMBAI_01,0,,
41.70893391230743,1,0.8718678307502373,1.0,0,TC_MUMBAI_01,0,,
45.62895703358142,1,0.9199805602466865,1.0,0,TC_PUNE_03,0,,
26.48240552682169,1,0.7159695882425133,1.0,0,TC_NASHIK_02,0,,
21.10625691843238,1,0.907677487378663,1.0,0,TC_MUMBAI_01,0,,
42.04073070643583,1,0.5892981862679605,1.0,0,TC_NASHIK_02,0,,
21.49226050314092,1,0.968572455204525,1.0,1,TC_PUNE_03,0,,
32.09329615353853,1,0.8272195166694137,1.0,0,TC_NAGPUR_01,0,,
40.798087775486316,1,0.6750062574970663,1.0,0,TC_NAGPUR_01,0,,
28.80275002527921,1,0.946367499461201,1.0,0,TC_NAGPUR_01,0,,
63.020925523529975,1,0.8139053792333918,1.0,0,TC_PUNE_03,0,,
32.818303441144884,1,0.9535828491952051,1.0,0,TC_PUNE_03,0,,
44.770373233287266,1,0.9464294308185689,1.0,0,TC_NAGPUR_01,0,,
15.666817565058343,1,0.7617659485533935,1.0,0,TC_NASHIK_02,0,,
35.9600092100892,1,0.9402329353707768,1.0,0,TC_MUMBAI_01,0,,
44.11783164139002,1,0.8795095275596684,1.0,0,TC_PUNE_03,0,,
40.457903475476904,1,0.5945611161271745,1.0,0,TC_MUMBAI_01,0,,
29.996340394916434,1,0.8863133067738675,1.0,0,TC_NAGPUR_01,0,,
45.44961854782418,1,0.9284643346353948,1.0,0,TC_NAGPUR_01,0,,
31.500080506563965,1,0.9954632507514718,1.0,0,TC_NAGPUR_01,0,,
44.063931173033396,1,0.959330708336578,1.0,0,TC_PUNE_03,0,,
31.137509924695955,1,0.9045935305246233,1.0,0,TC_PUNE_03,0,,
40.759631541253654,1,0.7543804077356537,1.0,0,TC_NAGPUR_01,0,,
57.75318032364279,1,0.8779046111551844,1.0,0,TC_NAGPUR_01,0,,
35.79642879817216,2,0.8426510803736496,1.0,0,TC_MUMBAI_01,0,,
35.30423399353873,1,0.9753375884027623,1.0,0,TC_PUNE_03,0,,
25.876059618286156,1,0.9698814062072695,1.0,0,TC_NASHIK_02,0,,
73.57367501360228,1,0.8081592961867851,1.0,0,TC_PUNE_03,0,,
39.674704066021455,1,0.8575460667217769,1.0,1,TC_NAGPUR_01,0,,
34.74145008768649,1,0.8831558977660109,1.0,0,TC_PUNE_03,0,,
46.66313863768149,1,0.9962270195396505,1.0,0,TC_MUMBAI_01,0,,
33.85723636451341,1,0.9627374525646127,1.0,0,TC_NASHIK_02,0,,
34.32702918278051,1,0.5868146025001558,1.0,0,TC_NASHIK_02,0,,
46.32036977343925,1,0.8759753091324826,1.0,0,TC_NASHIK_02,0,,
72.62042048912984,1,0.9240422553433835,1.0,0,TC_NAGPUR_01,0,,
66.26536202728732,1,0.7286343316957298,1.0,1,TC_PUNE_03,0,,
28.719257619656776,1,0.887763420084537,1.0,0,TC_PUNE_03,0,,
49.69940076251992,1,0.6927076777155787,0.0,0,TC_MUMBAI_01,0,,
30.465491515211916,1,0.8182948179971481,1.0,0,TC_NAGPUR_01,0,,
62.70449718453807,1,0.9075011692415127,1.0,0,TC_PUNE_03,0,,
69.23082918595536,1,0.4908125890627887,1.0,0,TC_NAGPUR_01,0,,
46.40206525645659,2,0.8091912227076548,1.0,0,TC_NAGPUR_01,0,,
27.204147751550085,1,0.8544564178823532,1.0,0,TC_MUMBAI_01,0,,
56.01003732509621,2,0.889951269360751,1.0,0,TC_PUNE_03,0,,
30.13963747898031,1,0.8351176050607786,1.0,0,TC_MUMBAI_01,0,,
41.01061269535278,1,0.70960481233139,1.0,0,TC_NAGPUR_01,0,,
17.777736975377437,1,0.8756538592098997,1.0,1,TC_MUMBAI_01,0,,
25.024746955280413,1,0.7917708302482527,1.0,0,TC_PUNE_03,0,,
0.3209425650007019,19,,,0,TC_RURAL_MALPRACTICE_09,1,0.3045095969798195,0.0
27.93181838752151,1,0.9759769945769154,1.0,0,TC_PUNE_03,0,,
76.92123771500971,1,0.6503138627100671,1.0,0,TC_MUMBAI_01,0,,
37.06334149217507,1,0.9035616732237465,1.0,0,TC_PUNE_03,0,,
55.836081805997125,1,0.9866350914022592,1.0,0,TC_NAGPUR_01,0,,
59.12044814471633,1,0.9584704836497404,1.0,0,TC_MUMBAI_01,0,,
42.774818806045836,1,0.7446644934657783,1.0,0,TC_MUMBAI_01,0,,
45.20105049169645,1,0.9651764627590784,1.0,0,TC_PUNE_03,0,,
32.150278544879185,1,0.7364692452949552,1.0,0,TC_NAGPUR_01,0,,
68.19550210650493,1,0.5750898647043784,1.0,0,TC_MUMBAI_01,0,,
45.38910405949945,1,0.7880339692044084,1.0,0,TC_NAGPUR_01,0,,
67.52560365765126,2,0.9057321124635482,1.0,0,TC_NASHIK_02,0,,
52.14575206026736,1,0.8174114267577335,1.0,0,TC_NASHIK_02,0,,
22.574322196445898,1,0.8225482139149185,1.0,1,TC_NASHIK_02,0,,
19.497363154814728,1,0.7219387045136985,1.0,0,TC_MUMBAI_01,0,,
26.783155170831204,1,0.8815483240438986,1.0,0,TC_NASHIK_02,0,,
50.61701482350274,1,0.8359018560652434,1.0,0,TC_MUMBAI_01,0,,
30.659246815947615,1,0.7210068481840789,1.0,0,TC_NAGPUR_01,0,,
29.43749792922256,1,0.6926556382591884,1.0,0,TC_NAGPUR_01,0,,
43.44925899616061,1,0.7721921689711273,1.0,0,TC_MUMBAI_01,0,,
32.25150024223136,1,0.9661804862234816,1.0,0,TC_PUNE_03,0,,
23.19939402072662,1,0.7079627609484911,1.0,0,TC_NASHIK_02,0,,
25.052134465162503,1,0.7391048554349443,1.0,0,TC_PUNE_03,0,,
48.96024792486532,1,0.9439775688343741,1.0,0,TC_PUNE_03,0,,
47.598192963937954,1,0.967531429753056,1.0,0,TC_NASHIK_02,0,,
55.544234849594204,1,0.8876784165420952,1.0,0,TC_MUMBAI_01,0,,
2.237775832752771,7,,,1,TC_NAGPUR_01,1,0.4457722530168553,0.0
25.73773089384828,1,0.7797166233689595,1.0,0,TC_PUNE_03,0,,
34.91049940246638,1,0.9152398123629814,1.0,0,TC_NAGPUR_01,0,,
58.5284165516475,1,0.9045885410926923,1.0,0,TC_MUMBAI_01,0,,
43.34558120807914,1,0.920733668453353,1.0,0,TC_NASHIK_02,0,,
35.70273822735648,1,0.911355276479893,1.0,0,TC_NASHIK_02,0,,
57.70716059806515,1,0.7806929298221073,1.0,0,TC_NASHIK_02,0,,
40.39536513879417,1,0.569705550223686,1.0,0,TC_MUMBAI_01,0,,
39.98575545902642,1,0.7445494021920479,1.0,0,TC_NASHIK_02,0,,
31.776222730333075,1,0.7564627600336276,1.0,0,TC_PUNE_03,0,,
33.61421461896499,1,0.9313969619102294,1.0,0,TC_PUNE_03,0,,
71.6752328037759,2,0.7424639704995515,1.0,0,TC_NAGPUR_01,0,,
53.14760310522541,1,0.9415312317151368,1.0,0,TC_MUMBAI_01,0,,
30.514440014955813,2,0.651855514129495,1.0,0,TC_MUMBAI_01,0,,
48.649379832320314,1,0.6994502012034548,1.0,0,TC_NASHIK_02,0,,
39.217312978459994,1,0.8931028974452121,1.0,0,TC_PUNE_03,0,,
47.48217131986095,1,0.6716476667280595,1.0,0,TC_NASHIK_02,0,,
56.23099234958658,1,0.5935777664280536,1.0,0,TC_PUNE_03,0,,
18.89280997186055,1,0.5322325477909874,1.0,0,TC_PUNE_03,0,,
71.16348508483486,1,0.8762036559418124,1.0,0,TC_MUMBAI_01,0,,
39.964867429643775,1,0.957923993665545,1.0,0,TC_MUMBAI_01,0,,
28.09115694592339,1,0.7827063925243236,1.0,0,TC_NAGPUR_01,0,,
51.90044165109074,1,0.6436623284368715,1.0,0,TC_MUMBAI_01,0,,
29.7579123707103,1,0.8331499328549535,1.0,0,TC_NASHIK_02,0,,
0.5154031428540597,17,,,1,TC_NAGPUR_01,1,0.5080059004799522,0.0
50.43352368262159,1,0.7756053054135076,1.0,0,TC_NAGPUR_01,0,,
20.69565652242582,1,0.796067749779797,1.0,0,TC_NASHIK_02,0,,
41.31679702793456,1,0.627621790279322,1.0,0,TC_PUNE_03,0,,
24.299723555277538,1,0.8271679846390146,1.0,1,TC_NAGPUR_01,0,,
40.88566948987616,1,0.6146235026955472,1.0,0,TC_NAGPUR_01,0,,
27.24747660746023,1,0.7036168252067747,1.0,0,TC_NASHIK_02,0,,
37.75573902704615,1,0.808826404509502,1.0,0,TC_NASHIK_02,0,,
44.56089250477469,1,0.8198859516936369,1.0,0,TC_MUMBAI_01,0,,
72.36491659113335,1,0.8657288702423898,1.0,0,TC_NAGPUR_01,0,,
47.86631135682498,1,0.8349567232162807,1.0,0,TC_MUMBAI_01,0,,
36.61110183391679,1,0.7893161917019307,1.0,0,TC_NASHIK_02,0,,
27.76631214934357,1,0.6092452052590575,1.0,0,TC_NASHIK_02,0,,
44.0114209243635,1,0.8738476222199849,1.0,0,TC_MUMBAI_01,0,,
36.03608034536691,1,0.6450377752816013,1.0,0,TC_NAGPUR_01,0,,
23.748214405237604,1,0.9039259961486071,1.0,0,TC_PUNE_03,0,,
48.576908251017315,1,0.8057738350341669,1.0,0,TC_MUMBAI_01,0,,
40.60551227442289,1,0.7054658401649159,1.0,0,TC_NASHIK_02,0,,
51.62898127563521,1,0.9289398140304737,1.0,0,TC_MUMBAI_01,0,,
22.764810552286242,1,0.9233165524613646,1.0,0,TC_NASHIK_02,0,,
37.89670945062491,1,0.8165298417201198,1.0,0,TC_NASHIK_02,0,,
31.031760627269314,1,0.8278430379599322,1.0,0,TC_NASHIK_02,0,,
28.990357370894408,1,0.7553533228072062,1.0,1,TC_NAGPUR_01,0,,
33.66269096497089,1,0.8217098575075753,1.0,0,TC_MUMBAI_01,0,,
36.80068125021462,1,0.9037470845428023,1.0,0,TC_PUNE_03,0,,
39.092322412012436,1,0.8695872698415132,1.0,0,TC_MUMBAI_01,0,,
33.169533757628685,1,0.8326751972197527,1.0,1,TC_NAGPUR_01,0,,
42.48563945446826,1,0.9468335949578254,1.0,0,TC_NAGPUR_01,0,,
0.8971133887792797,18,,,0,TC_RURAL_MALPRACTICE_09,1,0.18529864488729234,0.0
25.281187551991774,1,0.9396908531048107,1.0,0,TC_PUNE_03,0,,
51.028843545558566,1,0.9010258666171628,1.0,0,TC_NAGPUR_01,0,,
44.932086308262015,1,0.9676272610467278,1.0,0,TC_PUNE_03,0,,
33.947912794967124,1,0.9898428137909373,1.0,0,TC_PUNE_03,0,,
80.99740488279619,1,0.7970219033401903,1.0,0,TC_PUNE_03,0,,
48.264662596121,1,0.8829275452691434,1.0,0,TC_MUMBAI_01,0,,
23.060050676652658,1,0.6968944976443878,1.0,0,TC_MUMBAI_01,0,,
53.55422790919204,1,0.5289522530727669,1.0,0,TC_PUNE_03,0,,
60.22306692339456,1,0.8921405414013844,1.0,0,TC_NASHIK_02,0,,
26.803390264827403,1,0.7367543370717586,1.0,0,TC_MUMBAI_01,0,,
37.14386581904002,1,0.6800501674206388,1.0,0,TC_NASHIK_02,0,,
1.3901485695088052,13,,,1,TC_RURAL_MALPRACTICE_09,1,0.5363564414088656,0.0
25.730997469284958,2,0.8279692454385162,1.0,0,TC_NAGPUR_01,0,,
41.65298674402084,1,0.9604045122829203,1.0,0,TC_NAGPUR_01,0,,
0.7275068606612194,8,,,1,TC_RURAL_MALPRACTICE_09,1,0.43647457124386135,0.0
17.217578804102708,1,0.69041784242996,1.0,0,TC_NAGPUR_01,0,,
1.4463674377689884,24,,,1,TC_NAGPUR_01,1,0.3799448048982871,0.0
42.6569144570935,1,0.8562288284429265,1.0,0,TC_NAGPUR_01,0,,
41.35335338858566,1,0.8876682164390792,1.0,0,TC_NASHIK_02,0,,
49.38192893290999,1,0.6943381731251216,1.0,0,TC_MUMBAI_01,0,,
30.161470166066874,1,0.9514534605527466,1.0,0,TC_PUNE_03,0,,
43.554743498966964,1,0.9192267746595585,1.0,0,TC_MUMBAI_01,0,,
2.1261479827440577,9,,,0,TC_RURAL_MALPRACTICE_09,1,0.35733512806046236,0.0
38.42259818559051,2,0.9703465375998706,1.0,0,TC_NASHIK_02,0,,
28.80126015296066,1,0.895436417968245,1.0,0,TC_NAGPUR_01,0,,
45.952400872998,1,0.8053229063340348,1.0,0,TC_NASHIK_02,0,,
59.530309582734574,1,0.9823212010549526,1.0,0,TC_PUNE_03,0,,
29.66269913254249,1,0.7026423475637632,1.0,0,TC_NASHIK_02,0,,
44.518790190706845,2,0.9069368070647553,1.0,0,TC_NASHIK_02,0,,
39.21958779183182,1,0.8029727061032134,1.0,0,TC_NAGPUR_01,0,,
23.153289002031453,1,0.8450125146143734,1.0,0,TC_NASHIK_02,0,,
49.39185607527126,1,0.8917257050711861,1.0,0,TC_PUNE_03,0,,
34.13225490231676,1,0.8748498038708096,1.0,0,TC_NAGPUR_01,0,,
32.13789228690342,1,0.8826757318204433,1.0,0,TC_NASHIK_02,0,,
41.054425355812896,1,0.9537328059726815,0.0,0,TC_NAGPUR_01,0,,
30.96624805144887,1,0.8142239916457868,1.0,0,TC_MUMBAI_01,0,,
45.69550844124768,1,0.9156591354746573,1.0,1,TC_PUNE_03,0,,
34.27917790091642,1,0.7691166534396342,1.0,1,TC_NASHIK_02,0,,
42.916771628552404,2,0.9273125008129537,1.0,0,TC_PUNE_03,0,,
23.89417242308353,1,0.9085341789506632,1.0,0,TC_PUNE_03,0,,
49.247391658797895,1,0.9885000193912005,1.0,1,TC_PUNE_03,0,,
69.70231447893705,1,0.8864217323586439,1.0,0,TC_PUNE_03,0,,
27.942678628322163,1,0.5779447517918669,1.0,0,TC_MUMBAI_01,0,,
25.92900917919927,1,0.9613246988505942,1.0,0,TC_MUMBAI_01,0,,
30.453828870515245,1,0.914675499237865,1.0,0,TC_NAGPUR_01,0,,
32.647531757845044,1,0.8397729617132874,1.0,0,TC_NASHIK_02,0,,
39.40279048283671,1,0.9181336099935155,1.0,0,TC_NAGPUR_01,0,,
35.339591182946265,1,0.745686145969975,1.0,0,TC_NAGPUR_01,0,,
43.85073675349057,1,0.6964749998221448,1.0,0,TC_NAGPUR_01,0,,
30.349088699894047,1,0.9540781099727339,1.0,0,TC_PUNE_03,0,,
36.29280331481651,1,0.852668568460005,1.0,0,TC_MUMBAI_01,0,,
2.092036214673168,16,,,1,TC_NAGPUR_01,1,0.3146271840273799,0.0
34.7889424731643,1,0.9242202291228379,1.0,0,TC_MUMBAI_01,0,,
24.052397992519136,1,0.9979131060826523,1.0,0,TC_PUNE_03,0,,
27.136527133883988,1,0.9287451907592763,1.0,0,TC_PUNE_03,0,,
48.9227129486105,1,0.9130002232407192,1.0,0,TC_NAGPUR_01,0,,
38.769027226367896,1,0.8776179347309295,1.0,0,TC_NASHIK_02,0,,
49.16369965412841,1,0.9020576838513283,1.0,0,TC_NAGPUR_01,0,,
57.46293699868579,1,0.710486577871694,1.0,0,TC_PUNE_03,0,,
58.13075851908481,1,0.8234796494692018,1.0,0,TC_MUMBAI_01,0,,
36.099447962387984,1,0.6019137667181735,1.0,0,TC_NASHIK_02,0,,
33.29329473708147,1,0.784384150509935,1.0,0,TC_PUNE_03,0,,
0.8377431990324806,6,,,1,TC_NAGPUR_01,1,0.2633166712473127,0.0
31.251960684166434,1,0.7313350058894376,1.0,0,TC_NASHIK_02,0,,
38.69808391259917,1,0.9266913981559421,1.0,0,TC_MUMBAI_01,0,,
34.585552662640374,1,0.488703868379549,1.0,0,TC_NAGPUR_01,0,,
51.945292355664975,1,0.9521703693953607,1.0,0,TC_MUMBAI_01,0,,
33.03947191796966,1,0.9650609891105414,1.0,0,TC_PUNE_03,0,,
33.36476597002061,1,0.8627585773258543,1.0,0,TC_NAGPUR_01,0,,
36.49047855235479,1,0.9471181900311506,1.0,0,TC_PUNE_03,0,,
61.2788421505647,1,0.9566959318914833,1.0,0,TC_NASHIK_02,0,,
91.08617222051683,2,0.8673244545638256,1.0,0,TC_NAGPUR_01,0,,
23.00636376809257,1,0.8255112106989916,1.0,0,TC_PUNE_03,0,,
30.099204738124502,1,0.9158349299538967,1.0,0,TC_NASHIK_02,0,,
45.35083443844249,1,0.78214541435485,1.0,0,TC_NAGPUR_01,0,,
38.433594482594735,1,0.9280063719743674,1.0,0,TC_PUNE_03,0,,
65.90379260280429,1,0.9156254615358905,1.0,0,TC_PUNE_03,0,,
41.70633083746492,1,0.6338641595998712,1.0,0,TC_NASHIK_02,0,,
28.227284207151374,1,0.8301231970873519,1.0,0,TC_NAGPUR_01,0,,
40.608011263952896,1,0.7790588358133421,1.0,0,TC_MUMBAI_01,0,,
74.3145470576721,1,0.8967966143963215,1.0,0,TC_PUNE_03,0,,
28.846761716649564,1,0.9655704718333986,1.0,0,TC_NAGPUR_01,0,,
28.537662738653818,1,0.6270925579890956,1.0,0,TC_MUMBAI_01,0,,
41.480756727820456,1,0.7184782756267948,1.0,0,TC_NAGPUR_01,0,,
37.360951041894474,1,0.9523937242831033,1.0,0,TC_MUMBAI_01,0,,
40.649090179793795,1,0.9345589338063073,1.0,0,TC_MUMBAI_01,0,,
2.1815636898763864,6,,,0,TC_RURAL_MALPRACTICE_09,1,0.5050035616086619,0.0
49.61456368357576,1,0.8422042337219123,1.0,0,TC_MUMBAI_01,0,,
30.923068115641662,1,0.9203471854515602,1.0,0,TC_NASHIK_02,0,,
25.129431543155643,1,0.8740880760899726,1.0,0,TC_PUNE_03,0,,
35.72914272680503,1,0.831164545738664,1.0,0,TC_MUMBAI_01,0,,
47.44753484144192,1,0.8305402850125743,1.0,0,TC_MUMBAI_01,0,,
0.8664457135603267,24,,,1,TC_NAGPUR_01,1,0.15378625944148339,0.0
47.69712885680829,1,0.9677635043862314,1.0,0,TC_MUMBAI_01,0,,
34.55751306658591,1,0.9737347605344948,1.0,0,TC_NAGPUR_01,0,,
38.349584075128156,2,0.7934400402870324,1.0,0,TC_PUNE_03,0,,
49.12457583127853,1,0.910036490009765,1.0,0,TC_NAGPUR_01,0,,
26.271957085115197,1,0.9214896682668964,1.0,0,TC_NASHIK_02,0,,
64.22266156383566,1,0.9699818582498658,1.0,0,TC_MUMBAI_01,0,,
31.5980492948174,1,0.7805735055568462,1.0,0,TC_PUNE_03,0,,
44.51572502368605,1,0.8935497474863395,1.0,0,TC_PUNE_03,0,,
26.75297807758376,1,0.7536414888175705,1.0,0,TC_NASHIK_02,0,,
28.221259491321323,1,0.8689972499123423,1.0,0,TC_PUNE_03,0,,
28.506833414330295,1,0.9445548285038634,1.0,0,TC_NAGPUR_01,0,,
1.8757820498283528,15,,,0,TC_RURAL_MALPRACTICE_09,1,0.5432160600237848,0.0
36.761754674968856,2,0.767868561737856,1.0,0,TC_MUMBAI_01,0,,
31.829468582258958,1,0.8649454727972518,1.0,0,TC_PUNE_03,0,,
30.04552729521335,1,0.9545766255830223,1.0,0,TC_NAGPUR_01,0,,
21.83956789355605,1,0.8901548409745529,1.0,0,TC_NASHIK_02,0,,
64.01342013890348,2,0.8841526975785502,1.0,0,TC_NASHIK_02,0,,
31.84751309468191,1,0.9654339828526634,1.0,0,TC_NAGPUR_01,0,,
22.082337338405956,1,0.832329690665782,1.0,0,TC_MUMBAI_01,0,,
56.16645647975327,1,0.8039127050741356,1.0,1,TC_NASHIK_02,0,,
38.36032606841429,1,0.930135788625635,1.0,0,TC_NAGPUR_01,0,,
59.34285969466367,1,0.9046735568457224,1.0,0,TC_PUNE_03,0,,
33.959617722856606,1,0.932369736353582,1.0,0,TC_NASHIK_02,0,,
40.79960773085925,1,0.8931646108605478,1.0,0,TC_NAGPUR_01,0,,
89.56002363985631,1,0.9120681859745922,1.0,0,TC_NASHIK_02,0,,
23.172532584131698,1,0.7305812316218391,0.0,0,TC_NAGPUR_01,0,,
41.428360033849685,1,0.9007923358640617,1.0,0,TC_NASHIK_02,0,,
44.85769206370556,1,0.8526244594917425,1.0,0,TC_MUMBAI_01,0,,
26.56656923660197,1,0.9246702888196208,1.0,0,TC_PUNE_03,0,,
33.22026607981399,1,0.9305309680440191,1.0,0,TC_NASHIK_02,0,,
46.901720267707574,1,0.811226443022486,1.0,0,TC_NASHIK_02,0,,
53.43017339783741,1,0.9124723752471828,1.0,0,TC_NAGPUR_01,0,,
22.46575479883058,1,0.9396428059308369,1.0,0,TC_NASHIK_02,0,,
19.406850027717965,1,0.7486113340647501,1.0,0,TC_NASHIK_02,0,,
36.8435198023582,1,0.9489511478669762,1.0,0,TC_NAGPUR_01,0,,
56.81594741430117,1,0.8952804225224784,1.0,0,TC_PUNE_03,0,,
52.355980217081736,1,0.8606726655244417,1.0,0,TC_MUMBAI_01,0,,
44.65611734443025,1,0.86241455478401,1.0,0,TC_PUNE_03,0,,
75.48322765037236,1,0.8491584266561857,1.0,0,TC_NAGPUR_01,0,,
37.30423694047199,1,0.8824672680863622,1.0,0,TC_NAGPUR_01,0,,
25.663814598103574,1,0.7349350795931129,1.0,0,TC_NAGPUR_01,0,,
38.29409806016015,1,0.8504860053612757,1.0,0,TC_PUNE_03,0,,
33.35289872049991,1,0.9654400084136308,1.0,0,TC_PUNE_03,0,,
56.99583386034046,1,0.85495294959116,1.0,0,TC_PUNE_03,0,,
38.6969007568594,1,0.9387253654523543,1.0,0,TC_PUNE_03,0,,
34.64354092481291,1,0.6021011682728677,1.0,0,TC_NAGPUR_01,0,,
60.4535298534142,2,0.9424450899751979,1.0,0,TC_MUMBAI_01,0,,
54.32580075130069,1,0.9609820150634069,1.0,0,TC_MUMBAI_01,0,,
29.303434125210945,1,0.8459207336147457,1.0,0,TC_NASHIK_02,0,,
31.36577661154998,1,0.7506974455272253,1.0,0,TC_NASHIK_02,0,,
16.68509919857309,1,0.9328934277387306,1.0,0,TC_MUMBAI_01,0,,
50.859957196558625,1,0.6819197802479846,1.0,0,TC_MUMBAI_01,0,,
30.158463482644454,1,0.7077448189846607,1.0,0,TC_PUNE_03,0,,
30.931174694346293,1,0.9793158931396099,1.0,0,TC_PUNE_03,0,,
20.861478694746815,1,0.6587187016517901,1.0,0,TC_MUMBAI_01,0,,
2.401736451573295,23,,,1,TC_NAGPUR_01,1,0.5511946137156993,0.0
30.34703909074288,1,0.7531398381582582,1.0,0,TC_MUMBAI_01,0,,
49.46656501703046,1,0.9924429945582383,1.0,0,TC_NASHIK_02,0,,
35.48412829391489,1,0.8881796802734442,1.0,0,TC_NAGPUR_01,0,,
83.41156827138778,1,0.7597085411176774,1.0,0,TC_PUNE_03,0,,
2.4675590066822752,24,,,1,TC_RURAL_MALPRACTICE_09,1,0.5714994063054282,0.0
48.32707997590975,1,0.9867861618458744,1.0,0,TC_NAGPUR_01,0,,
66.1526673224358,1,0.7263214008306481,1.0,0,TC_NASHIK_02,0,,
37.29602536911435,1,0.8470465551884365,1.0,0,TC_NASHIK_02,0,,
24.14571265217631,1,0.4430244625630845,1.0,0,TC_NAGPUR_01,0,,
51.672705545544815,1,0.8889368990564629,1.0,0,TC_NAGPUR_01,0,,
29.977995510348357,1,0.7948891088353097,1.0,0,TC_NAGPUR_01,0,,
25.066316678719758,2,0.7469536310412735,1.0,0,TC_MUMBAI_01,0,,
59.85912854354067,1,0.8064652012150421,1.0,0,TC_MUMBAI_01,0,,
37.35648291615868,1,0.905791035498761,1.0,0,TC_MUMBAI_01,0,,
93.70327802926064,1,0.8107890205268669,1.0,0,TC_PUNE_03,0,,
66.29246640988839,1,0.9418753994765494,1.0,0,TC_MUMBAI_01,0,,
24.511749397070574,1,0.7088991425970113,1.0,0,TC_NASHIK_02,0,,
31.051398251315174,1,0.9195991864639541,1.0,0,TC_NAGPUR_01,0,,
107.09071469458229,1,0.8567313413418896,1.0,0,TC_PUNE_03,0,,
26.7014036523791,1,0.9191390245628088,1.0,0,TC_NASHIK_02,0,,
54.82681625763527,1,0.8462043419874758,1.0,0,TC_PUNE_03,0,,
41.497705054960555,1,0.976936130335945,1.0,0,TC_MUMBAI_01,0,,
28.439056029715676,1,0.8168947251755637,1.0,0,TC_NAGPUR_01,0,,
25.58195317131295,1,0.9394641395642982,1.0,0,TC_MUMBAI_01,0,,
35.189060474931466,1,0.8242052467988986,1.0,0,TC_NAGPUR_01,0,,
60.24663689707887,1,0.6402366701320754,0.0,0,TC_NAGPUR_01,0,,
38.825796625886014,1,0.8642295061654378,1.0,0,TC_NAGPUR_01,0,,
21.319812793836046,1,0.8889669101082482,1.0,0,TC_NAGPUR_01,0,,
26.399122812901496,1,0.9664810007512229,1.0,0,TC_NAGPUR_01,0,,
31.594182318330475,1,0.8295533463223732,1.0,0,TC_PUNE_03,0,,
27.6458044553903,1,0.9089749569099456,1.0,0,TC_MUMBAI_01,0,,
37.332390919407196,1,0.5811242122437286,1.0,0,TC_NAGPUR_01,0,,
0.4717804659352763,14,,,0,TC_RURAL_MALPRACTICE_09,1,0.3832851725171258,0.0
42.50082850650854,1,0.9089152640333433,1.0,0,TC_MUMBAI_01,0,,
38.13690488658328,1,0.8487587643690221,1.0,0,TC_NAGPUR_01,0,,
33.036920700755196,1,0.6736563282179691,1.0,0,TC_NAGPUR_01,0,,
55.14222961157155,2,0.7842074802500677,1.0,0,TC_PUNE_03,0,,
44.18444482703483,1,0.7031924785795823,1.0,0,TC_MUMBAI_01,0,,
28.803575202981666,1,0.9559704152888543,1.0,0,TC_PUNE_03,0,,
48.895096461638616,1,0.8611663629931231,1.0,0,TC_NAGPUR_01,0,,
23.221388359809133,1,0.544445637787676,1.0,0,TC_PUNE_03,0,,
40.16908965643296,1,0.5946693189575646,1.0,0,TC_NAGPUR_01,0,,
31.165801432627035,1,0.769919404406882,1.0,0,TC_MUMBAI_01,0,,
54.60590280098746,1,0.966888070822326,1.0,0,TC_NAGPUR_01,0,,
50.83943961534325,1,0.7501975040529695,1.0,0,TC_NASHIK_02,0,,
34.10971048962106,1,0.921334493453,1.0,0,TC_PUNE_03,0,,
19.427730133264323,1,0.7542891891703697,1.0,1,TC_NASHIK_02,0,,
1.9523360657498012,6,,,1,TC_NAGPUR_01,1,0.21736846417463446,0.0
54.519662093619914,1,0.7521279395361008,1.0,0,TC_NAGPUR_01,0,,
28.146839546347646,1,0.9308089963004927,1.0,0,TC_NAGPUR_01,0,,
59.715110373670605,1,0.8621040575834664,1.0,0,TC_NAGPUR_01,0,,
29.13444920263742,1,0.8879993060243604,1.0,0,TC_NASHIK_02,0,,
36.2850824602812,2,0.8732596841213529,1.0,0,TC_NASHIK_02,0,,
48.45991850151962,2,0.7745899474946326,1.0,0,TC_NAGPUR_01,0,,
39.288801956462315,1,0.730757330331162,1.0,0,TC_NASHIK_02,0,,
34.1232371937523,1,0.8535675028804042,1.0,0,TC_NAGPUR_01,0,,
50.15251803029778,1,0.9707253307034538,1.0,0,TC_NASHIK_02,0,,
1.9599951525522636,9,,,1,TC_NAGPUR_01,1,0.4059928561022904,0.0
28.389453255981955,1,0.9052344403012546,1.0,0,TC_NAGPUR_01,0,,
56.944399895525514,1,0.869639151844241,1.0,0,TC_MUMBAI_01,0,,
32.64935480085896,2,0.8976670530943761,1.0,0,TC_NASHIK_02,0,,
26.992438960012542,1,0.8763061224075762,1.0,0,TC_NASHIK_02,0,,
61.904900320431224,1,0.6015526451909061,1.0,0,TC_NAGPUR_01,0,,
27.68711740117703,2,0.8668210033777949,1.0,0,TC_NAGPUR_01,0,,
61.32974666699398,2,0.617366821243359,1.0,0,TC_MUMBAI_01,0,,
26.207766452852564,1,0.8412210978402265,1.0,0,TC_MUMBAI_01,0,,
35.80903633850969,1,0.8409897728568391,1.0,0,TC_PUNE_03,0,,
25.12852812856074,1,0.986625155473098,1.0,0,TC_MUMBAI_01,0,,
60.61345813268101,1,0.9953178892668373,1.0,0,TC_PUNE_03,0,,
67.61895321618998,1,0.8031718138350867,1.0,0,TC_MUMBAI_01,0,,
38.81073495634973,1,0.7455288712326524,1.0,0,TC_PUNE_03,0,,
34.87673248658116,1,0.8139595286870789,1.0,0,TC_PUNE_03,0,,
39.24466037764574,1,0.8838702825761481,1.0,0,TC_NASHIK_02,0,,
94.96063569536359,1,0.7280190959256052,1.0,0,TC_MUMBAI_01,0,,
1.8279676118592387,23,,,1,TC_NAGPUR_01,1,0.579288872900756,0.0
1.5248157467750465,14,,,0,TC_RURAL_MALPRACTICE_09,1,0.2816371398316834,1.0
55.47715313856764,1,0.7056979237023592,1.0,0,TC_NASHIK_02,0,,
27.880997035594277,1,0.9184273672040123,1.0,0,TC_NAGPUR_01,0,,
36.16557831271365,1,0.9518496140225503,1.0,0,TC_NAGPUR_01,0,,
28.67555142836504,1,0.7666288438552663,1.0,0,TC_PUNE_03,0,,
27.212570862957275,1,0.8148671904640027,1.0,0,TC_NASHIK_02,0,,
52.01274414667591,1,0.8103275127268303,1.0,0,TC_NASHIK_02,0,,
34.63613970151401,1,0.6991759518370667,1.0,0,TC_NASHIK_02,0,,
1.0160850609123964,16,,,1,TC_RURAL_MALPRACTICE_09,1,0.4442070197284578,0.0
31.496251919707888,1,0.7929798812790172,1.0,0,TC_PUNE_03,0,,
66.52574579411191,1,0.9348408357385216,1.0,0,TC_MUMBAI_01,0,,
34.93590509158744,1,0.5340972570544869,1.0,0,TC_NASHIK_02,0,,
33.929850818077625,1,0.887601243418321,1.0,0,TC_PUNE_03,0,,
57.53271599522916,1,0.9242157387075305,1.0,0,TC_NAGPUR_01,0,,
31.933054403401336,1,0.7340307063383767,1.0,0,TC_PUNE_03,0,,
2.1416718904629124,16,,,1,TC_RURAL_MALPRACTICE_09,1,0.28124480163619686,0.0
27.604584941501944,2,0.9101928218790153,1.0,0,TC_PUNE_03,0,,
46.47755112247578,1,0.7061007757273254,1.0,0,TC_MUMBAI_01,0,,
43.48168227668264,1,0.9714889876170831,1.0,0,TC_PUNE_03,0,,
30.75250492933657,2,0.8765002655436547,1.0,0,TC_PUNE_03,0,,
28.799555182807797,1,0.9915223238976076,1.0,0,TC_MUMBAI_01,0,,
45.53732445892099,1,0.6721168509793084,1.0,0,TC_MUMBAI_01,0,,
36.19981845639069,1,0.9398713309996065,1.0,0,TC_NAGPUR_01,0,,
28.777065718378765,1,0.9310771706917922,1.0,0,TC_PUNE_03,0,,
29.76182711352527,1,0.819095849625821,1.0,0,TC_MUMBAI_01,0,,
28.835345767605922,1,0.9650912827823116,1.0,0,TC_NASHIK_02,0,,
26.985619128581252,1,0.7836754305640551,1.0,0,TC_PUNE_03,0,,
64.43470859414661,1,0.575948317452693,1.0,1,TC_MUMBAI_01,0,,
37.79742365350918,1,0.9285542357811855,1.0,0,TC_PUNE_03,0,,
44.324482435625264,2,0.716075763482331,1.0,0,TC_MUMBAI_01,0,,
42.80118766519971,1,0.680380885867714,1.0,1,TC_MUMBAI_01,0,,
54.533173479494224,1,0.8656375067816929,1.0,0,TC_NASHIK_02,0,,
52.70556839951015,1,0.8754709523331818,1.0,0,TC_NASHIK_02,0,,
39.27015519803772,1,0.9222382834673013,1.0,0,TC_NAGPUR_01,0,,
42.50386507970509,1,0.737673044772217,1.0,0,TC_NASHIK_02,0,,
40.6355582964156,2,0.9564356240148235,1.0,0,TC_PUNE_03,0,,
51.55509352987042,1,0.9509154503789421,1.0,0,TC_PUNE_03,0,,
28.450450232373463,1,0.92391768042815,1.0,0,TC_NAGPUR_01,0,,
39.56435612225345,1,0.8747379862113557,1.0,0,TC_PUNE_03,0,,
22.850384727046137,1,0.9044937921052137,1.0,0,TC_NAGPUR_01,0,,
30.536119712877387,1,0.8283545045601303,1.0,0,TC_NAGPUR_01,0,,
40.39824798422578,1,0.920734289129413,1.0,0,TC_MUMBAI_01,0,,
77.05369121629089,1,0.8168707410798525,1.0,0,TC_NASHIK_02,0,,
58.97483817634792,1,0.8650060969290808,1.0,0,TC_NASHIK_02,0,,
50.042778078352974,1,0.713119821064558,1.0,0,TC_PUNE_03,0,,
37.4845501747173,1,0.7095991768300006,1.0,0,TC_NASHIK_02,0,,
39.87214848020078,1,0.8368631990492474,1.0,1,TC_NASHIK_02,0,,
26.22571014716711,1,0.8767841017112601,1.0,1,TC_MUMBAI_01,0,,
32.297808645426684,1,0.9627431965427363,1.0,0,TC_NAGPUR_01,0,,
48.22286773102995,1,0.7823252764507008,1.0,0,TC_MUMBAI_01,0,,
35.069066074948395,1,0.8784221138920469,1.0,1,TC_MUMBAI_01,0,,
61.71615258358072,1,0.8184168128684791,1.0,0,TC_NAGPUR_01,0,,
33.69440766316781,1,0.8480438841626327,1.0,0,TC_MUMBAI_01,0,,
53.00169123724392,1,0.9298328761079732,1.0,0,TC_PUNE_03,0,,
23.868106587694417,1,0.850583684597232,1.0,0,TC_PUNE_03,0,,
58.315091716129764,1,0.6258086800352574,1.0,0,TC_NASHIK_02,0,,
32.524867932868645,1,0.7857257921858539,1.0,0,TC_PUNE_03,0,,
44.98747269970034,1,0.9001522959038265,1.0,0,TC_PUNE_03,0,,
29.538834008328255,1,0.8988089776794329,1.0,0,TC_PUNE_03,0,,
51.73879791605442,1,0.8824231205420683,1.0,0,TC_NAGPUR_01,0,,
40.99403114490215,1,0.8638328596916335,1.0,0,TC_MUMBAI_01,0,,
51.382346839981146,1,0.699525478772821,1.0,0,TC_NASHIK_02,0,,
35.06698644870055,1,0.9725640011440129,1.0,0,TC_MUMBAI_01,0,,
22.921191602066088,1,0.8352913514613615,1.0,0,TC_NAGPUR_01,0,,
30.31494966841033,1,0.6411134741567792,1.0,0,TC_NAGPUR_01,0,,
39.217925895939445,1,0.6861957470815466,1.0,0,TC_PUNE_03,0,,
60.589494409103665,1,0.7948154485095992,1.0,0,TC_NASHIK_02,0,,
26.298855897289137,1,0.8406773062494423,1.0,0,TC_MUMBAI_01,0,,
47.65364555812609,2,0.9272656791715214,1.0,0,TC_NASHIK_02,0,,
44.762019066358796,1,0.8832861593919271,1.0,0,TC_NASHIK_02,0,,
34.35780741888176,1,0.769965246326545,1.0,0,TC_NAGPUR_01,0,,
29.01143494239799,1,0.8712427016847533,1.0,0,TC_PUNE_03,0,,
28.660400975263684,1,0.8681471663660392,1.0,0,TC_PUNE_03,0,,
0.3994415089884999,19,,,1,TC_NAGPUR_01,1,0.3700421193095861,0.0
34.511630811226354,1,0.899477422852241,1.0,0,TC_NAGPUR_01,0,,
2.200791212627211,23,,,1,TC_RURAL_MALPRACTICE_09,1,0.44820017405768775,0.0
32.81138985459379,1,0.5845474468135413,1.0,1,TC_NASHIK_02,0,,
53.770733500859514,1,0.6409287908855271,1.0,0,TC_PUNE_03,0,,
63.99591048362238,2,0.8283426863898379,1.0,0,TC_NAGPUR_01,0,,
35.71329018499455,1,0.7683641270642266,1.0,0,TC_PUNE_03,0,,
41.92521644440579,2,0.6488586197306904,1.0,0,TC_NAGPUR_01,0,,
45.07755014931,1,0.9458620239667875,1.0,0,TC_PUNE_03,0,,
33.63286302875027,1,0.9373886495853068,1.0,0,TC_MUMBAI_01,0,,
30.74639564917101,1,0.8278072487830219,1.0,0,TC_NAGPUR_01,0,,
32.62465801652796,1,0.9152558267984879,1.0,0,TC_NASHIK_02,0,,
59.51272043973768,1,0.9696837727195086,1.0,0,TC_NASHIK_02,0,,
38.8637654153747,1,0.9590557686431843,1.0,0,TC_NAGPUR_01,0,,
44.91165525072074,1,0.769793440573325,1.0,0,TC_NAGPUR_01,0,,
32.45646212544352,2,0.8108329199699535,1.0,0,TC_NAGPUR_01,0,,
50.17263132955841,1,0.7763250187935817,1.0,0,TC_NAGPUR_01,0,,
34.980694519294474,1,0.7438138460030537,1.0,0,TC_PUNE_03,0,,
40.11700459566835,1,0.957987186050051,1.0,0,TC_NASHIK_02,0,,
50.31592729190293,1,0.7355976094514622,1.0,0,TC_NAGPUR_01,0,,
51.49150859541679,1,0.9228087880806353,1.0,0,TC_NAGPUR_01,0,,
40.040441155213536,1,0.9178236229548508,1.0,0,TC_MUMBAI_01,0,,
53.098511415803266,1,0.7442283329451355,1.0,1,TC_NASHIK_02,0,,
40.03524303660539,1,0.714668205520604,1.0,0,TC_NAGPUR_01,0,,
40.03659476020711,1,0.6127757241846381,1.0,0,TC_MUMBAI_01,0,,
56.98421088992211,1,0.7013928859138768,1.0,0,TC_NASHIK_02,0,,
33.844926448552165,1,0.9655933023138868,1.0,0,TC_MUMBAI_01,0,,
38.06510003516945,1,0.8943193228211257,1.0,0,TC_NASHIK_02,0,,
43.926885120760964,1,0.8445818874235168,1.0,0,TC_PUNE_03,0,,
40.865276334301484,1,0.8778052547231271,1.0,0,TC_MUMBAI_01,0,,
1.5516333045056274,23,,,1,TC_RURAL_MALPRACTICE_09,1,0.25347819064033106,0.0
27.500495037878576,2,0.9346923830293722,1.0,0,TC_NASHIK_02,0,,
46.00455446101414,1,0.9008066739530766,1.0,0,TC_NAGPUR_01,0,,
60.9312634514008,1,0.9192109053590161,1.0,0,TC_PUNE_03,0,,
36.11346640446634,1,0.9274910973337638,1.0,0,TC_NAGPUR_01,0,,
46.288918650456054,1,0.8419914265767989,1.0,0,TC_NAGPUR_01,0,,
58.45094832010241,1,0.907743926045677,1.0,0,TC_NASHIK_02,0,,
53.98704245383919,1,0.9181251885323832,1.0,0,TC_PUNE_03,0,,
51.75669195686979,1,0.8422194959158749,1.0,0,TC_NAGPUR_01,0,,
22.037077101612223,1,0.9676234311771492,1.0,0,TC_PUNE_03,0,,
27.263950420017004,1,0.8668769663210942,1.0,0,TC_NAGPUR_01,0,,
20.573153751530164,2,0.9139217783803913,1.0,0,TC_PUNE_03,0,,
38.630119109651815,1,0.8540231016705148,1.0,0,TC_PUNE_03,0,,
19.178403674859997,1,0.8943190673302884,1.0,0,TC_PUNE_03,0,,
43.20036339802935,1,0.8786398871430348,1.0,0,TC_NAGPUR_01,0,,
27.713893771726546,1,0.7057208533401346,1.0,0,TC_NAGPUR_01,0,,
70.16605007743978,1,0.6915835347817388,1.0,0,TC_PUNE_03,0,,
41.327621290369216,1,0.7451973135858075,1.0,0,TC_NAGPUR_01,0,,
57.251030618611594,1,0.8552972952790643,1.0,0,TC_MUMBAI_01,0,,
27.390816317187713,1,0.9254683972769554,1.0,0,TC_PUNE_03,0,,
30.42852420709315,1,0.5330597060812239,1.0,0,TC_NASHIK_02,0,,
21.94905730098428,1,0.8280181972154333,1.0,0,TC_NASHIK_02,0,,
20.058738785999115,1,0.5560572662891393,1.0,0,TC_NAGPUR_01,0,,
34.50530132516402,1,0.8169680223374995,1.0,0,TC_NAGPUR_01,0,,
31.686651903842385,1,0.9848619452628717,1.0,0,TC_MUMBAI_01,0,,
2.3691025454281847,7,,,1,TC_RURAL_MALPRACTICE_09,1,0.38649056686422545,0.0
47.25870711292256,1,0.6204779470954087,1.0,0,TC_NASHIK_02,0,,
39.0263561624462,1,0.9717401994562838,1.0,0,TC_NAGPUR_01,0,,
21.252397360921,2,0.73555747111785,1.0,1,TC_MUMBAI_01,0,,
31.569906142833315,1,0.8263801160805783,1.0,0,TC_NASHIK_02,0,,
37.24685147766349,2,0.6796514454389646,1.0,0,TC_NAGPUR_01,0,,
55.301524743278144,1,0.9652799873715173,1.0,0,TC_PUNE_03,0,,
25.41242109005982,1,0.8468952008221571,1.0,0,TC_NASHIK_02,0,,
25.57826131961212,1,0.7765155802290488,1.0,0,TC_NAGPUR_01,0,,
33.11425126865224,1,0.7878965944745605,1.0,0,TC_NASHIK_02,0,,
37.31623486842223,1,0.9146607889827612,1.0,0,TC_PUNE_03,0,,
33.38959896998183,1,0.6547588462180969,1.0,0,TC_PUNE_03,0,,
58.65655200535319,1,0.8324824217638779,1.0,0,TC_PUNE_03,0,,
55.57057041501353,1,0.9644301004590431,1.0,0,TC_NAGPUR_01,0,,
49.65552270925798,2,0.8571650182662244,1.0,0,TC_PUNE_03,0,,
18.766622624046974,1,0.9990022106108746,1.0,0,TC_NAGPUR_01,0,,
53.75809568430332,1,0.8560700023337454,1.0,0,TC_NAGPUR_01,0,,
30.748718413420438,1,0.8703625957717663,1.0,0,TC_MUMBAI_01,0,,
47.67062534081119,1,0.945852878725235,1.0,0,TC_PUNE_03,0,,
64.16916680729413,1,0.8146377473101889,1.0,0,TC_NASHIK_02,0,,
27.104046957949265,1,0.8196857677654237,1.0,0,TC_NASHIK_02,0,,
52.437102791573345,2,0.8805155538190189,1.0,0,TC_NASHIK_02,0,,
24.679082969171052,1,0.9881611797948889,1.0,0,TC_PUNE_03,0,,
42.270594951161605,1,0.5051292030831879,1.0,0,TC_MUMBAI_01,0,,
66.13896220572079,1,0.8162397533446935,1.0,0,TC_PUNE_03,0,,
23.62842814254394,2,0.9091749082691067,1.0,0,TC_NASHIK_02,0,,
29.65316569802242,1,0.9587052029511923,1.0,0,TC_MUMBAI_01,0,,
35.565104086278524,1,0.9495240594225439,1.0,0,TC_MUMBAI_01,0,,
22.530518348635184,1,0.8331704936394088,1.0,0,TC_NASHIK_02,0,,
39.173622553683956,2,0.8696392692447908,0.0,0,TC_NASHIK_02,0,,
19.29613751506085,2,0.6178420076271146,1.0,0,TC_NAGPUR_01,0,,
39.310898230890345,1,0.8891705801980798,1.0,1,TC_MUMBAI_01,0,,
0.46159820209054797,15,,,1,TC_RURAL_MALPRACTICE_09,1,0.37184503557621085,0.0
39.96072772719215,1,0.7948485121950903,1.0,0,TC_PUNE_03,0,,
26.411253264148957,1,0.8700413365449198,1.0,0,TC_NAGPUR_01,0,,
0.3420761139614753,8,,,1,TC_NAGPUR_01,1,0.28367076009184333,0.0
20.23161009172912,1,0.9005723301826563,1.0,0,TC_PUNE_03,0,,
29.046382615499052,1,0.9420396242664996,1.0,0,TC_PUNE_03,0,,
42.625040676358026,1,0.8272921274734993,1.0,0,TC_NAGPUR_01,0,,
102.63255818597776,2,0.9406462041256007,1.0,0,TC_MUMBAI_01,0,,
24.85364674776146,1,0.9651292472794597,1.0,0,TC_PUNE_03,0,,
41.74084212357635,1,0.7490080019724448,1.0,0,TC_PUNE_03,0,,
29.98082737773594,1,0.8500731845781148,1.0,0,TC_PUNE_03,0,,
41.07634897741269,1,0.9410148998009664,1.0,0,TC_NASHIK_02,0,,
25.598178399516904,1,0.6975213737346138,1.0,0,TC_NASHIK_02,0,,
42.37694932096288,1,0.6690865016045441,1.0,0,TC_PUNE_03,0,,
39.9099254878906,1,0.92211137206684,1.0,0,TC_NASHIK_02,0,,
28.56554973368923,1,0.8884384125834525,1.0,0,TC_NAGPUR_01,0,,
19.71590808546272,1,0.8014528720547683,1.0,0,TC_PUNE_03,0,,
37.839739836971454,1,0.6763086047192842,1.0,0,TC_MUMBAI_01,0,,
43.04174049781268,1,0.9627777744077796,1.0,0,TC_MUMBAI_01,0,,
38.03513312808721,1,0.7732588499801212,1.0,0,TC_PUNE_03,0,,
43.26586487306465,1,0.9103476347217481,1.0,0,TC_NAGPUR_01,0,,
37.6906059096686,1,0.7155662572077255,1.0,0,TC_NASHIK_02,0,,
35.30720160376189,1,0.9476152644880586,1.0,0,TC_MUMBAI_01,0,,
22.91737926926764,1,0.982444676654688,1.0,0,TC_PUNE_03,0,,
49.54186405776764,1,0.8267986872582658,1.0,0,TC_NASHIK_02,0,,
46.27756074341991,1,0.9329135084735788,1.0,0,TC_NAGPUR_01,0,,
27.932135445051745,1,0.6456641259640467,1.0,0,TC_NAGPUR_01,0,,
37.35721094251463,1,0.9637660872539946,1.0,0,TC_NASHIK_02,0,,
49.76097421191627,2,0.6164506608956452,1.0,0,TC_NASHIK_02,0,,
40.854604754027555,1,0.8369532930168173,1.0,1,TC_PUNE_03,0,,
47.161867892875755,1,0.7883177633522915,1.0,0,TC_NASHIK_02,0,,
30.413624150312284,1,0.7393873561726173,1.0,1,TC_NASHIK_02,0,,
30.00757458677702,1,0.967716102583125,1.0,1,TC_NAGPUR_01,0,,
28.60535537631492,1,0.9091307042552045,1.0,0,TC_MUMBAI_01,0,,
54.86963286420164,2,0.617305681237899,1.0,0,TC_MUMBAI_01,0,,
24.431375257801278,1,0.7043302268916212,1.0,0,TC_NAGPUR_01,0,,
0.4265897048381066,9,,,1,TC_RURAL_MALPRACTICE_09,1,0.3654325093187556,0.0
56.9931562973391,1,0.9567511007116151,1.0,0,TC_MUMBAI_01,0,,
40.27723836175597,1,0.8094957675154899,1.0,0,TC_NAGPUR_01,0,,
30.280324172703963,1,0.8641519614878964,1.0,0,TC_NAGPUR_01,0,,
24.11816335962092,1,0.6932759637832212,1.0,0,TC_NAGPUR_01,0,,
38.89086872542468,1,0.9886314712237071,1.0,0,TC_MUMBAI_01,0,,
52.93536174936873,1,0.6273773199738955,1.0,0,TC_MUMBAI_01,0,,
68.77389216647617,1,0.9456724053789155,1.0,0,TC_PUNE_03,0,,
0.39963925967499264,16,,,1,TC_NAGPUR_01,1,0.5142939373608034,0.0
24.48375274226126,1,0.9594251455527483,1.0,0,TC_MUMBAI_01,0,,
25.4935436771998,1,0.7963989109900167,1.0,0,TC_NASHIK_02,0,,
37.4731627820918,1,0.9624356063861577,1.0,0,TC_MUMBAI_01,0,,
71.44513666789261,1,0.8380683697257258,1.0,0,TC_NAGPUR_01,0,,
39.35755907701366,1,0.998863945835185,1.0,0,TC_MUMBAI_01,0,,
42.68518648010438,1,0.9054878048299356,1.0,0,TC_PUNE_03,0,,
50.948033781845226,1,0.8582874636410045,1.0,0,TC_NASHIK_02,0,,
24.293680638986817,1,0.7808043642033555,1.0,0,TC_NASHIK_02,0,,
26.118367580584046,1,0.761995016157817,1.0,0,TC_NASHIK_02,0,,
23.32419487163842,1,0.9049151709465807,1.0,0,TC_PUNE_03,0,,
0.900695179673122,20,,,0,TC_NAGPUR_01,1,0.5612883650377368,0.0
0.8710533219121002,9,,,1,TC_RURAL_MALPRACTICE_09,1,0.5045068925476941,0.0
21.27290519271949,1,0.8465645878821477,1.0,0,TC_NASHIK_02,0,,
60.31908616203139,2,0.831505777141967,1.0,0,TC_NASHIK_02,0,,
1.1185715165828765,18,,,1,TC_RURAL_MALPRACTICE_09,1,0.44335192111417254,0.0
20.077025853584693,1,0.7477932140564056,1.0,0,TC_NAGPUR_01,0,,
17.074415988227592,1,0.8925649663520978,1.0,0,TC_NAGPUR_01,0,,
26.726376565462754,1,0.8823290703390955,1.0,0,TC_NAGPUR_01,0,,
32.61732887627119,1,0.9039487039353463,1.0,0,TC_PUNE_03,0,,
25.197234348393984,1,0.9439483312056938,1.0,0,TC_NASHIK_02,0,,
31.95111090382752,1,0.8638398304104614,1.0,0,TC_NASHIK_02,0,,
48.657032610764695,1,0.8838865884560521,1.0,0,TC_PUNE_03,0,,
23.12677082729053,1,0.8045973356073999,1.0,0,TC_PUNE_03,0,,
45.30887955715953,1,0.9881776668596746,1.0,0,TC_MUMBAI_01,0,,
32.91732801988607,1,0.6466109112870806,1.0,0,TC_NASHIK_02,0,,
32.515114040394394,1,0.8861125828479436,1.0,0,TC_NASHIK_02,0,,
28.3302942541113,1,0.7625814226393915,1.0,0,TC_MUMBAI_01,0,,
37.929220136246194,2,0.7549324603034779,1.0,0,TC_NASHIK_02,0,,
25.184904661710057,1,0.6874711965551893,1.0,0,TC_NASHIK_02,0,,
48.08199974125991,1,0.9173330633055372,1.0,0,TC_PUNE_03,0,,
39.10101628332273,1,0.7063536973308521,1.0,0,TC_NAGPUR_01,0,,
42.45426945322921,1,0.8305699499059139,1.0,0,TC_NASHIK_02,0,,
42.05475735319302,2,0.8415518577753507,1.0,0,TC_NAGPUR_01,0,,
40.65660665041493,1,0.6483239004186655,1.0,0,TC_PUNE_03,0,,
37.03772101950437,1,0.9666016961553079,1.0,0,TC_NASHIK_02,0,,
48.041360777876925,1,0.8794931977876839,1.0,0,TC_MUMBAI_01,0,,
40.07312524272454,1,0.7891819796666851,1.0,0,TC_PUNE_03,0,,
26.8712627202201,1,0.8473104318766213,1.0,0,TC_NAGPUR_01,0,,
48.114527239229645,1,0.9523915623407416,0.0,0,TC_NASHIK_02,0,,
47.754346210255136,1,0.8210604509098414,1.0,0,TC_MUMBAI_01,0,,
26.678361372038967,1,0.8916648219843586,1.0,0,TC_PUNE_03,0,,
34.72683062013232,1,0.7831122126461165,1.0,0,TC_NAGPUR_01,0,,
29.837540026716376,1,0.6471042534257374,1.0,0,TC_MUMBAI_01,0,,
32.46519370255737,1,0.7753460329965971,1.0,0,TC_MUMBAI_01,0,,
41.87931322001457,1,0.9629293625647782,1.0,0,TC_NAGPUR_01,0,,
54.12126310919181,1,0.8637187961948417,1.0,0,TC_NASHIK_02,0,,
26.308202741532497,1,0.8157770789277317,1.0,0,TC_NAGPUR_01,0,,
98.23876693197103,1,0.7033366152142537,1.0,0,TC_PUNE_03,0,,
43.65682747777498,1,0.9131901834758572,1.0,0,TC_MUMBAI_01,0,,
43.10143859083355,1,0.8581459819406901,1.0,0,TC_MUMBAI_01,0,,
0.8045892944086159,8,,,1,TC_RURAL_MALPRACTICE_09,1,0.37893614095417405,1.0
42.26254185621986,1,0.9065628169653839,1.0,0,TC_PUNE_03,0,,
47.87986956280918,1,0.7422395765707631,1.0,0,TC_PUNE_03,0,,
47.78518586744189,2,0.7980053421173097,1.0,0,TC_NAGPUR_01,0,,
38.329734122335694,2,0.9186768234259001,1.0,0,TC_NASHIK_02,0,,
24.523972841600607,1,0.9254582173289732,1.0,0,TC_NAGPUR_01,0,,
23.425405704316088,1,0.8999462546952272,1.0,0,TC_MUMBAI_01,0,,
34.80999286428316,1,0.774045989476266,1.0,1,TC_NASHIK_02,0,,
36.88291567299481,1,0.9083803751314201,1.0,0,TC_NASHIK_02,0,,
52.75868079133171,1,0.9003272946981025,1.0,0,TC_NASHIK_02,0,,
46.009438986555566,1,0.809341000216787,1.0,0,TC_NASHIK_02,0,,
22.7091045990224,1,0.8375373053301249,1.0,0,TC_MUMBAI_01,0,,
39.344347273862894,1,0.7268351874730818,1.0,0,TC_NAGPUR_01,0,,
53.81933682144374,1,0.8931440265608481,1.0,0,TC_MUMBAI_01,0,,
35.38709661244919,1,0.920522914634201,1.0,0,TC_NAGPUR_01,0,,
51.49628202207555,2,0.838835599303204,1.0,0,TC_NASHIK_02,0,,
44.296118891661536,1,0.8879368532906502,1.0,0,TC_NASHIK_02,0,,
25.473680630038753,1,0.8654557877096165,1.0,0,TC_NASHIK_02,0,,
26.99649173212681,1,0.5789974333113485,1.0,0,TC_MUMBAI_01,0,,
35.94028501390932,1,0.9750245412139271,1.0,0,TC_MUMBAI_01,0,,
27.768942813636613,1,0.8847718962207525,1.0,0,TC_PUNE_03,0,,
43.542524300656396,1,0.4668708303030052,1.0,0,TC_NASHIK_02,0,,
33.522484373527305,1,0.3652559357020317,1.0,0,TC_NAGPUR_01,0,,
35.28701576742496,1,0.823288479911738,1.0,0,TC_NASHIK_02,0,,
121.84201156808956,1,0.8957302367173525,1.0,0,TC_NAGPUR_01,0,,
56.82512713203799,1,0.7916890509394799,1.0,0,TC_PUNE_03,0,,
32.76833432001214,1,0.73731159335496,1.0,0,TC_NASHIK_02,0,,
39.81644390076089,1,0.9243435150345096,0.0,0,TC_NAGPUR_01,0,,
40.642538203630096,1,0.8968993909697047,1.0,0,TC_MUMBAI_01,0,,
44.988317256032076,1,0.7329470546159721,1.0,0,TC_NASHIK_02,0,,
50.05966464354931,1,0.8413341987038835,1.0,0,TC_PUNE_03,0,,
19.6545400126499,1,0.8923202780585886,1.0,0,TC_NASHIK_02,0,,
36.90779060105152,1,0.8938516021202123,1.0,0,TC_PUNE_03,0,,
39.58513212387742,2,0.9448485704860553,1.0,0,TC_PUNE_03,0,,
40.14445955323628,1,0.9841738545748858,1.0,0,TC_NASHIK_02,0,,
58.343905431683034,1,0.7982900781232469,1.0,0,TC_NAGPUR_01,0,,
0.6919645853630849,13,,,0,TC_RURAL_MALPRACTICE_09,1,0.516751154303631,0.0
50.93171620064777,1,0.8934780397950027,1.0,0,TC_NAGPUR_01,0,,
43.64386526299356,1,0.9562904742340581,1.0,0,TC_MUMBAI_01,0,,
33.18442736667523,1,0.8079687523298684,1.0,0,TC_PUNE_03,0,,
33.198872340622636,1,0.8280666470656383,1.0,0,TC_NAGPUR_01,0,,
42.088804130747185,1,0.9490109021649958,1.0,0,TC_NASHIK_02,0,,
29.771714917111282,1,0.6097362680001591,1.0,0,TC_NAGPUR_01,0,,
77.52525905181412,1,0.8741295118107643,1.0,0,TC_PUNE_03,0,,
55.85694644888349,1,0.6391775616479496,1.0,0,TC_MUMBAI_01,0,,
34.76517447403807,2,0.8834465201447056,1.0,0,TC_NASHIK_02,0,,
43.63377724114878,1,0.7854637858005312,1.0,0,TC_NASHIK_02,0,,
30.646710067740788,1,0.8441532227358449,1.0,0,TC_MUMBAI_01,0,,
36.39971242484916,1,0.9160919100202396,1.0,0,TC_NASHIK_02,0,,
47.09087690022676,1,0.9138440581648221,1.0,0,TC_NAGPUR_01,0,,
39.41347871600504,2,0.7702120802237631,1.0,0,TC_MUMBAI_01,0,,
29.687737705978527,1,0.8981160570455671,1.0,0,TC_MUMBAI_01,0,,
55.60116266601402,2,0.7798623674770598,1.0,0,TC_MUMBAI_01,0,,
1.7087281039894633,16,,,1,TC_RURAL_MALPRACTICE_09,1,0.4958601147825682,0.0
80.09431661084538,1,0.7863693347854523,1.0,0,TC_NASHIK_02,0,,
38.315111742040166,1,0.8597411684965837,1.0,0,TC_NAGPUR_01,0,,
55.20789860541358,1,0.8682558303043737,1.0,0,TC_NAGPUR_01,0,,
63.504241415576566,1,0.9010258287690508,1.0,0,TC_PUNE_03,0,,
26.07257146738602,1,0.9089655173774243,1.0,0,TC_NAGPUR_01,0,,
41.86343620491205,1,0.7289825319582312,1.0,0,TC_PUNE_03,0,,
24.313448877241424,1,0.9435586175101229,1.0,0,TC_PUNE_03,0,,
35.01516561307629,1,0.9482173901059109,1.0,0,TC_MUMBAI_01,0,,
44.82555667499345,1,0.7575812123518921,1.0,0,TC_NASHIK_02,0,,
51.28703010523915,1,0.8484410489828773,1.0,0,TC_PUNE_03,0,,
75.74676468886003,1,0.7186487382931782,1.0,0,TC_MUMBAI_01,0,,
36.994759471843665,1,0.927159838673568,1.0,0,TC_NAGPUR_01,0,,
23.430558988097417,1,0.9859524052071286,1.0,0,TC_NASHIK_02,0,,
50.4409090092245,1,0.794056147585679,1.0,0,TC_PUNE_03,0,,
37.628471991653655,1,0.9150567099794871,1.0,0,TC_NAGPUR_01,0,,
60.088522977465395,1,0.8737110665526336,1.0,0,TC_MUMBAI_01,0,,
26.501129561326195,1,0.9200345287150365,1.0,0,TC_NASHIK_02,0,,
29.69959388980349,1,0.8316774683530898,1.0,0,TC_NASHIK_02,0,,
24.379427979723935,1,0.8175678808458766,1.0,0,TC_MUMBAI_01,0,,
53.69918786512982,1,0.7379614763565944,1.0,0,TC_NAGPUR_01,0,,
53.66392849746425,1,0.8480398149035152,1.0,0,TC_NASHIK_02,0,,
44.59682745669202,1,0.9837980051651194,1.0,0,TC_PUNE_03,0,,
31.32605915032426,1,0.8265114809633481,1.0,0,TC_NASHIK_02,0,,
58.55840109680296,1,0.8984821884897264,1.0,0,TC_NASHIK_02,0,,
2.0914683344959135,6,,,1,TC_RURAL_MALPRACTICE_09,1,0.1511623781554211,0.0
27.925052456218573,1,0.9556695877576648,1.0,0,TC_NAGPUR_01,0,,
24.12828873811754,1,0.6668904832698958,1.0,0,TC_NASHIK_02,0,,
53.57537162570543,1,0.7769874010257429,1.0,0,TC_NASHIK_02,0,,
21.959742364489824,1,0.7115475948346469,1.0,0,TC_NAGPUR_01,0,,
55.913970771779994,1,0.9796190048467124,1.0,0,TC_NASHIK_02,0,,
2.105704880557567,13,,,1,TC_NAGPUR_01,1,0.47712086816307286,0.0
60.962251311148165,1,0.9275083891416167,1.0,0,TC_NAGPUR_01,0,,
52.92839162289395,1,0.9297527580365862,1.0,0,TC_NAGPUR_01,0,,
26.273581769357193,1,0.749091881388735,1.0,0,TC_NASHIK_02,0,,
48.69733169662271,1,0.7960167581196949,1.0,0,TC_MUMBAI_01,0,,
59.13833987075821,1,0.8596539040391086,1.0,0,TC_MUMBAI_01,0,,
32.49949301690711,1,0.9197344208341611,1.0,0,TC_NAGPUR_01,0,,
37.07713411696926,1,0.5776110134584973,1.0,0,TC_MUMBAI_01,0,,
42.81323096274282,1,0.7981665170255202,1.0,0,TC_NASHIK_02,0,,
38.62181573742607,1,0.9032185294465074,1.0,0,TC_NASHIK_02,0,,
60.07093260310734,1,0.9207281249329653,1.0,0,TC_NASHIK_02,0,,
25.53623371178608,1,0.9442321957638009,1.0,0,TC_PUNE_03,0,,
24.84930935453969,1,0.7211633815319196,1.0,0,TC_NASHIK_02,0,,
30.099248887310534,1,0.7415945445441678,1.0,0,TC_NASHIK_02,0,,
54.15279966582096,1,0.9465509335215098,1.0,0,TC_PUNE_03,0,,
33.71912222602806,1,0.9301974891933603,1.0,0,TC_PUNE_03,0,,
34.8678243940618,1,0.8627791510848273,1.0,0,TC_PUNE_03,0,,
21.465079157875042,1,0.7835923057192753,1.0,0,TC_MUMBAI_01,0,,
37.518042914232566,2,0.9637348900509969,1.0,0,TC_NAGPUR_01,0,,
58.2338167750074,1,0.6606679635151453,1.0,0,TC_MUMBAI_01,0,,
27.126267461154118,1,0.8714932834181145,1.0,0,TC_MUMBAI_01,0,,
50.234687401447566,1,0.9718124182135512,1.0,0,TC_PUNE_03,0,,
35.193485461515294,1,0.7930852679010463,1.0,0,TC_PUNE_03,0,,
30.97981478538031,1,0.877523888391728,1.0,0,TC_NAGPUR_01,0,,
40.73747549348938,1,0.7909149104712927,1.0,0,TC_NASHIK_02,0,,
33.251706627844534,1,0.8701114516924907,1.0,0,TC_NASHIK_02,0,,
25.757096319097503,1,0.8463956022546452,1.0,0,TC_NAGPUR_01,0,,
79.09550720931558,1,0.7666006330370146,1.0,0,TC_PUNE_03,0,,
36.22015592131491,1,0.908298714370214,1.0,0,TC_MUMBAI_01,0,,
35.78330231209261,1,0.9463600878769907,1.0,0,TC_PUNE_03,0,,
32.13475181784459,1,0.8154715425666424,1.0,0,TC_NAGPUR_01,0,,
49.24111780459993,2,0.9272761583837402,1.0,0,TC_NASHIK_02,0,,
27.37568949854937,1,0.9017407477411798,1.0,0,TC_NASHIK_02,0,,
52.1180381259686,1,0.7439848275958112,1.0,0,TC_NASHIK_02,0,,
28.464445533817567,1,0.8350211183420942,1.0,0,TC_PUNE_03,0,,
33.66318462598598,2,0.9433102659834846,1.0,0,TC_MUMBAI_01,0,,
55.17126375744654,1,0.8615557318701876,1.0,0,TC_NAGPUR_01,0,,
51.891778803111855,1,0.8724730692900758,1.0,0,TC_PUNE_03,0,,
85.84389382849578,1,0.8098435705006216,1.0,0,TC_MUMBAI_01,0,,
58.42146092625054,1,0.8139915621454076,1.0,0,TC_NAGPUR_01,0,,
26.175163392164553,1,0.9120282397639236,1.0,0,TC_NAGPUR_01,0,,
39.69624281289219,1,0.6346882044926857,1.0,0,TC_MUMBAI_01,0,,
43.240516314899374,1,0.8445199761143938,1.0,0,TC_MUMBAI_01,0,,
36.057985820009655,1,0.81645259273789,1.0,0,TC_PUNE_03,0,,
32.950748608010244,1,0.6793109261189039,1.0,0,TC_NASHIK_02,0,,
33.39511855163748,1,0.9394909449044676,1.0,0,TC_PUNE_03,0,,
31.727136959453773,1,0.9568459534696866,1.0,0,TC_NASHIK_02,0,,
35.26968570723979,1,0.9922328995012477,1.0,0,TC_NASHIK_02,0,,
27.362748018182376,1,0.8467791390163832,1.0,0,TC_NAGPUR_01,0,,
77.10172936951236,2,0.7146260490601394,1.0,0,TC_NAGPUR_01,0,,
49.0164853936931,1,0.7923457914901885,1.0,0,TC_MUMBAI_01,0,,
46.750715957832895,1,0.814155801620896,1.0,0,TC_NASHIK_02,0,,
38.219998993192924,1,0.829343064143344,1.0,0,TC_NASHIK_02,0,,
75.37474917789393,1,0.9712340142337567,1.0,0,TC_NASHIK_02,0,,
31.54201905307629,1,0.8708540834053139,1.0,0,TC_NASHIK_02,0,,
54.58997594574878,1,0.5381005473685001,1.0,0,TC_MUMBAI_01,0,,
2.2585904098591776,17,,,1,TC_RURAL_MALPRACTICE_09,1,0.3948209098736626,0.0
35.52452625361419,1,0.5938643658140984,1.0,0,TC_MUMBAI_01,0,,
37.95362568508731,1,0.7315980039946631,1.0,0,TC_NASHIK_02,0,,
2.084094056544541,22,,,1,TC_RURAL_MALPRACTICE_09,1,0.4626764458396032,1.0
34.341770801357825,1,0.8904910971096551,1.0,0,TC_NAGPUR_01,0,,
70.48602999138383,1,0.7883167600420581,1.0,0,TC_NASHIK_02,0,,
26.584297731838788,1,0.8366186665864346,1.0,0,TC_NASHIK_02,0,,
27.836165006546242,1,0.8064990881194866,1.0,0,TC_NAGPUR_01,0,,
36.46828936161086,1,0.7589462610711339,1.0,0,TC_NASHIK_02,0,,
35.30643669842351,1,0.9057573217771075,1.0,0,TC_NAGPUR_01,0,,
31.939190134641883,1,0.9314783738793192,1.0,0,TC_PUNE_03,0,,
59.16792102728293,1,0.9780507923388493,1.0,0,TC_PUNE_03,0,,
32.34312203170806,1,0.8715320596587987,1.0,0,TC_PUNE_03,0,,
43.269544994656684,1,0.7851064899310296,1.0,0,TC_MUMBAI_01,0,,
0.33849092619237664,10,,,0,TC_RURAL_MALPRACTICE_09,1,0.17295795137358871,0.0
33.220255604699474,1,0.8716448941487585,1.0,0,TC_PUNE_03,0,,
32.25177976686617,1,0.9691801766766869,1.0,0,TC_MUMBAI_01,0,,
38.392037824319175,1,0.9716049352274496,1.0,0,TC_NAGPUR_01,0,,
15.571369273168402,1,0.8552660871609985,1.0,0,TC_NASHIK_02,0,,
38.46439042575215,1,0.9487448325147959,1.0,0,TC_NASHIK_02,0,,
28.191190245609924,1,0.9096807482665575,1.0,0,TC_PUNE_03,0,,
38.07078343896604,1,0.9801763787620251,1.0,0,TC_NASHIK_02,0,,
55.82722824971273,1,0.7653171185474216,1.0,0,TC_MUMBAI_01,0,,
41.605450135907525,1,0.8760221305724898,1.0,0,TC_PUNE_03,0,,
36.87475448967975,1,0.9598171575085008,1.0,1,TC_NAGPUR_01,0,,
30.963959336535943,1,0.91155182518418,1.0,0,TC_MUMBAI_01,0,,
32.02450159375806,1,0.9349629196865087,1.0,0,TC_PUNE_03,0,,
33.005883743356236,1,0.9947188757815848,1.0,0,TC_PUNE_03,0,,
40.85845054229803,1,0.6007109544642274,1.0,0,TC_PUNE_03,0,,
44.30196427287329,1,0.7697562796362185,1.0,0,TC_NAGPUR_01,0,,
0.9359662005735254,11,,,0,TC_RURAL_MALPRACTICE_09,1,0.28382823185525785,0.0
34.80502123836337,1,0.9166096589372239,1.0,0,TC_NASHIK_02,0,,
28.70209241773612,1,0.6611924027667605,1.0,0,TC_NAGPUR_01,0,,
47.656204028653484,1,0.8270937890872759,1.0,0,TC_NAGPUR_01,0,,
34.34516407412449,2,0.8256618319562332,1.0,0,TC_NASHIK_02,0,,
68.7085720408279,1,0.9713340564236299,1.0,0,TC_NAGPUR_01,0,,
24.1253327995787,1,0.920776081487107,1.0,0,TC_NASHIK_02,0,,
42.44743613792869,1,0.5261424928476858,1.0,1,TC_NAGPUR_01,0,,
36.34565351741725,1,0.9136122741601633,1.0,0,TC_NASHIK_02,0,,
0.7976388641907355,14,,,1,TC_RURAL_MALPRACTICE_09,1,0.4498699165041844,1.0
41.22092508035289,1,0.8755992169878591,1.0,0,TC_NAGPUR_01,0,,
51.720796901610136,1,0.8729199281430818,1.0,0,TC_PUNE_03,0,,
48.87616204164344,1,0.86427314887083,1.0,0,TC_MUMBAI_01,0,,
38.561426517926236,1,0.9422752680238147,1.0,0,TC_NASHIK_02,0,,
30.104110760593084,1,0.7740893606952787,1.0,0,TC_NAGPUR_01,0,,
40.80296711104401,1,0.902949583041414,1.0,0,TC_PUNE_03,0,,
27.499688667141264,1,0.7696656932425222,1.0,0,TC_NASHIK_02,0,,
35.43361957649505,1,0.823591697807222,1.0,0,TC_MUMBAI_01,0,,
24.063214157009448,1,0.8695339118648691,1.0,0,TC_PUNE_03,0,,
48.37693277231894,1,0.8663407722259703,1.0,0,TC_NASHIK_02,0,,
41.58811417166277,1,0.8094812716110629,1.0,0,TC_PUNE_03,0,,
27.480813634017018,1,0.9377062946958571,1.0,0,TC_NASHIK_02,0,,
51.10278220105583,1,0.867242665978291,1.0,0,TC_NAGPUR_01,0,,
41.20731687039426,1,0.8721241211584917,1.0,0,TC_NASHIK_02,0,,
1.1363292177667548,9,,,1,TC_NAGPUR_01,1,0.5350765003481125,0.0
49.26997356264685,1,0.8925025280163367,1.0,0,TC_NASHIK_02,0,,
25.998830651007466,2,0.8588885708315278,1.0,0,TC_MUMBAI_01,0,,
71.98543782999364,1,0.8354432190485254,1.0,0,TC_PUNE_03,0,,
38.565126358020045,1,0.8756604311559087,1.0,0,TC_NAGPUR_01,0,,
45.24654327598968,1,0.8023361697690958,1.0,0,TC_NAGPUR_01,0,,
64.80908771546646,1,0.7450142926426605,1.0,0,TC_PUNE_03,0,,
25.622604431742943,1,0.9250583118844624,1.0,0,TC_PUNE_03,0,,
52.47291962745081,1,0.9150810807086653,1.0,0,TC_MUMBAI_01,0,,
41.8486913954363,1,0.7202410953628919,1.0,0,TC_PUNE_03,0,,
34.87581783271619,1,0.9659761436200766,1.0,0,TC_PUNE_03,0,,
36.64587288936052,1,0.8580948017872666,1.0,0,TC_PUNE_03,0,,
28.76947027384075,1,0.6862384688521596,1.0,0,TC_PUNE_03,0,,
28.945694756936305,1,0.9323983233234282,1.0,0,TC_NASHIK_02,0,,
36.386979249509224,1,0.9446306510161442,1.0,0,TC_NAGPUR_01,0,,
25.18366876572802,1,0.8810643217979375,1.0,0,TC_MUMBAI_01,0,,
41.012415936090676,1,0.9876711069104565,1.0,0,TC_NAGPUR_01,0,,
38.70828048867553,1,0.7512607547007887,1.0,0,TC_NAGPUR_01,0,,
51.10153153307248,1,0.8810008624511294,1.0,0,TC_PUNE_03,0,,
105.68385404600275,1,0.8152720777931469,1.0,0,TC_MUMBAI_01,0,,
74.3692394260339,2,0.833254238044418,1.0,0,TC_NAGPUR_01,0,,
52.40538009368983,1,0.7234269639476892,1.0,0,TC_PUNE_03,0,,
47.2521503498669,1,0.9454146884151794,1.0,0,TC_NASHIK_02,0,,
30.434347987821567,1,0.766172396321875,1.0,0,TC_PUNE_03,0,,
29.279929698384187,1,0.9531868994215856,1.0,0,TC_NASHIK_02,0,,
36.713561717960616,1,0.8518676545843915,1.0,0,TC_MUMBAI_01,0,,
25.277831740840632,1,0.9893601454203853,1.0,0,TC_PUNE_03,0,,
39.47782725134907,1,0.8108798543283451,1.0,0,TC_NAGPUR_01,0,,
38.73148548773323,1,0.7222330173976202,1.0,0,TC_MUMBAI_01,0,,
51.37652841780562,1,0.6426219894412722,1.0,0,TC_MUMBAI_01,0,,
31.92579152363508,1,0.8605629485404327,1.0,0,TC_PUNE_03,0,,
45.41080645207793,1,0.9495809404294171,1.0,0,TC_PUNE_03,0,,
48.10755481039397,1,0.900306096564151,1.0,0,TC_PUNE_03,0,,
46.893988968118094,1,0.805205187317606,1.0,0,TC_NAGPUR_01,0,,
28.592914373792407,1,0.7089071534615498,1.0,0,TC_MUMBAI_01,0,,
29.856697658560076,1,0.832567040234513,1.0,0,TC_NAGPUR_01,0,,
27.391871751590273,1,0.6589374536596824,1.0,0,TC_NASHIK_02,0,,
119.88911231008052,1,0.9257969354715604,1.0,0,TC_NAGPUR_01,0,,
34.064180874686414,1,0.8420964161743686,1.0,0,TC_NASHIK_02,0,,
37.073707674032555,1,0.9507945147156467,1.0,0,TC_NAGPUR_01,0,,
35.14940374371987,1,0.8363462465454067,1.0,0,TC_MUMBAI_01,0,,
39.831622956128214,1,0.92345474382048,1.0,0,TC_MUMBAI_01,0,,
45.73401970059996,1,0.8604188191212843,1.0,0,TC_PUNE_03,0,,
1.0570265774809926,6,,,1,TC_NAGPUR_01,1,0.18683051617437962,0.0
36.69168522572447,1,0.9212492908649571,0.0,0,TC_NAGPUR_01,0,,
39.28401051590284,1,0.9509832268488544,1.0,0,TC_NAGPUR_01,0,,
36.46365164127329,1,0.9785660213810571,1.0,0,TC_NASHIK_02,0,,
43.23962719590163,1,0.7905223933009722,1.0,0,TC_NAGPUR_01,0,,
1.115617993416931,8,,,1,TC_RURAL_MALPRACTICE_09,1,0.1650263533619198,0.0
37.397739630194884,1,0.9732418458615707,1.0,0,TC_NAGPUR_01,0,,
86.53026672280684,1,0.6900575347148216,1.0,0,TC_NAGPUR_01,0,,
63.645102326303785,1,0.966720480479576,1.0,0,TC_NASHIK_02,0,,
34.98951895249054,1,0.9215629724538538,1.0,0,TC_NASHIK_02,0,,
15.383255370235352,1,0.8268134151149623,1.0,0,TC_NAGPUR_01,0,,
67.98762196919378,1,0.8732187237932875,1.0,0,TC_NASHIK_02,0,,
54.75269269872475,1,0.8786852969152925,1.0,0,TC_PUNE_03,0,,
37.12554216247813,1,0.8278187249651785,1.0,0,TC_MUMBAI_01,0,,
38.18498384851216,1,0.7670168640332787,1.0,0,TC_NAGPUR_01,0,,
54.91157029649193,1,0.8564974916317903,1.0,0,TC_NASHIK_02,0,,
30.411634717248678,1,0.7851978543204986,1.0,1,TC_MUMBAI_01,0,,
41.50085845872809,1,0.7699948994103611,1.0,0,TC_MUMBAI_01,0,,
50.49158604903651,1,0.7547242647787769,1.0,0,TC_NASHIK_02,0,,
36.38369012276267,1,0.9449144931841397,1.0,0,TC_PUNE_03,0,,
0.620840780800298,23,,,1,TC_RURAL_MALPRACTICE_09,1,0.5350469375358728,0.0
38.61857122302795,1,0.9756026688194351,1.0,0,TC_PUNE_03,0,,
16.4685909454585,1,0.9044863954784148,1.0,0,TC_NAGPUR_01,0,,
32.271837623888736,1,0.8017404892317149,1.0,0,TC_NAGPUR_01,0,,
31.8334201094015,1,0.925675286670334,1.0,0,TC_PUNE_03,0,,
1.0321829292867488,24,,,0,TC_NAGPUR_01,1,0.5391196534508742,0.0
45.79049021807404,1,0.8605489369298608,1.0,0,TC_NAGPUR_01,0,,
46.80552582331522,1,0.7923350662013542,1.0,0,TC_NAGPUR_01,0,,
30.54020997925156,1,0.95559237028358,1.0,0,TC_NAGPUR_01,0,,
32.63723248917669,1,0.9257245737340699,1.0,0,TC_PUNE_03,0,,
42.506845739808924,1,0.7683515302970774,1.0,1,TC_MUMBAI_01,0,,
57.24537783540608,1,0.9831854072060021,1.0,0,TC_PUNE_03,0,,
27.665476620487606,1,0.8601169897995263,1.0,0,TC_NASHIK_02,0,,
34.32820176980997,1,0.8206823577634117,1.0,0,TC_NAGPUR_01,0,,
27.387520105982414,1,0.7987606661018914,1.0,0,TC_NASHIK_02,0,,
44.30441369241788,1,0.8520311447551933,1.0,0,TC_NAGPUR_01,0,,
65.09612571225166,1,0.7129259454634966,1.0,0,TC_PUNE_03,0,,
34.9938555528404,1,0.9427942774300992,1.0,0,TC_NASHIK_02,0,,
41.23853910957768,1,0.5390726022080913,1.0,0,TC_MUMBAI_01,0,,
71.8180483319203,1,0.7850099234573852,1.0,0,TC_NAGPUR_01,0,,
42.28647928995892,1,0.5612858273831378,1.0,0,TC_MUMBAI_01,0,,
40.90627829411671,1,0.8250754866172283,1.0,0,TC_MUMBAI_01,0,,
30.860994263261365,1,0.8702233495844284,1.0,0,TC_MUMBAI_01,0,,
118.37990239982183,1,0.8946161831072228,1.0,1,TC_PUNE_03,0,,
97.13728695548642,1,0.8751783621473128,1.0,0,TC_NAGPUR_01,0,,
42.53421271089215,1,0.9365868347332287,1.0,0,TC_NAGPUR_01,0,,
33.50476246505441,1,0.914355729630146,1.0,0,TC_PUNE_03,0,,
21.306643129867677,1,0.8500623025734468,1.0,0,TC_NAGPUR_01,0,,
31.569532728890696,1,0.7664013011598098,1.0,0,TC_MUMBAI_01,0,,
33.26171688962364,1,0.8565627471987486,1.0,0,TC_NASHIK_02,0,,
33.29392397031563,1,0.8405949487851743,1.0,0,TC_PUNE_03,0,,
39.863728130183794,1,0.9340347259072701,1.0,0,TC_MUMBAI_01,0,,
27.398139605378972,1,0.876550343604885,1.0,0,TC_NAGPUR_01,0,,
33.08151981026731,1,0.9815065509627181,1.0,0,TC_MUMBAI_01,0,,
39.249339918647784,1,0.7061887296013342,1.0,0,TC_MUMBAI_01,0,,
37.419408762295554,1,0.8550543645327672,1.0,0,TC_PUNE_03,0,,
24.880253168904815,1,0.59923044359799,1.0,0,TC_NAGPUR_01,0,,
0.6580835994042259,22,,,0,TC_RURAL_MALPRACTICE_09,1,0.2555277432497981,0.0
23.503837776784103,1,0.7576613710131849,1.0,0,TC_MUMBAI_01,0,,
52.99688203685303,1,0.6225461901455204,1.0,0,TC_NASHIK_02,0,,
20.668984228648412,1,0.9130948233932615,1.0,0,TC_NAGPUR_01,0,,
45.761524344160705,1,0.9690030915323378,1.0,0,TC_NASHIK_02,0,,
42.332306401087855,1,0.9896475980410839,1.0,0,TC_NASHIK_02,0,,
37.5729912358041,1,0.8658184883882061,1.0,0,TC_NASHIK_02,0,,
34.77817655902682,1,0.7843992767610951,1.0,0,TC_NAGPUR_01,0,,
34.401613926665775,1,0.7707180260232059,1.0,0,TC_MUMBAI_01,0,,
29.959212007862476,1,0.7711787776064313,1.0,0,TC_PUNE_03,0,,
23.181300408590293,1,0.8498606609669258,1.0,0,TC_PUNE_03,0,,
48.821473147830524,1,0.959540851137383,1.0,0,TC_MUMBAI_01,0,,
26.228994241522333,1,0.7062869974152439,1.0,0,TC_PUNE_03,0,,
50.73292813866393,1,0.6352083955268419,1.0,0,TC_NAGPUR_01,0,,
2.171787612791238,10,,,1,TC_RURAL_MALPRACTICE_09,1,0.15551483295173182,0.0
1.897142841235719,19,,,1,TC_RURAL_MALPRACTICE_09,1,0.27332187820373377,0.0
33.696300772912,2,0.7163866073389207,1.0,0,TC_NASHIK_02,0,,
73.24085300016417,1,0.5449039441223881,1.0,0,TC_NASHIK_02,0,,
34.191930027143464,1,0.8129355934851746,1.0,0,TC_MUMBAI_01,0,,
67.76610791046657,1,0.8787547313437796,1.0,0,TC_PUNE_03,0,,
30.705138617373265,1,0.8804721389233703,1.0,0,TC_PUNE_03,0,,
58.907945811424746,1,0.886984136804754,1.0,0,TC_NASHIK_02,0,,
22.853980145354857,1,0.7708837534225835,1.0,1,TC_NAGPUR_01,0,,
50.45594995494411,1,0.9344347703997972,1.0,0,TC_NASHIK_02,0,,
19.835415414881084,1,0.9388026136861187,1.0,0,TC_MUMBAI_01,0,,
38.310587116777825,1,0.9242440451643631,1.0,0,TC_NASHIK_02,0,,
68.23671272138532,1,0.4965367743547867,1.0,0,TC_NAGPUR_01,0,,
35.765891744646765,2,0.5474629126344991,1.0,0,TC_NAGPUR_01,0,,
26.58337569996317,1,0.9091180755874594,1.0,0,TC_NASHIK_02,0,,
41.34711004258128,1,0.9971794830140264,1.0,0,TC_MUMBAI_01,0,,
21.359093790389007,1,0.6373006957581683,1.0,0,TC_PUNE_03,0,,
49.55520213274238,1,0.54158496132272,1.0,0,TC_NASHIK_02,0,,
24.10204971416499,1,0.9712946722570741,1.0,0,TC_NAGPUR_01,0,,
36.95428661927227,1,0.9307602790464482,1.0,0,TC_MUMBAI_01,0,,
33.68238478245725,1,0.8902983016786307,1.0,0,TC_PUNE_03,0,,
68.00197180839297,1,0.8368269800792616,1.0,0,TC_NASHIK_02,0,,
53.34427741870176,1,0.8035890358761871,1.0,0,TC_NASHIK_02,0,,
41.095153425422325,2,0.9036529171725641,1.0,0,TC_NASHIK_02,0,,
0.7627926170355419,9,,,1,TC_NAGPUR_01,1,0.55472169218953,1.0
48.15961382650177,1,0.9882184382316137,1.0,0,TC_MUMBAI_01,0,,
45.462146189248784,1,0.9123877675498667,1.0,0,TC_NAGPUR_01,0,,
36.859975388546346,1,0.9444455529652975,1.0,0,TC_PUNE_03,0,,
22.249975143398828,1,0.8437417174704526,1.0,0,TC_NASHIK_02,0,,
35.614928193058105,1,0.7798494699464111,1.0,0,TC_NAGPUR_01,0,,
25.23986700354174,1,0.6895345450065623,1.0,0,TC_PUNE_03,0,,
32.12197864810813,1,0.624976071264678,1.0,0,TC_NASHIK_02,0,,
20.839115839384377,1,0.6644657533456184,1.0,0,TC_NASHIK_02,0,,
79.3687697453866,1,0.7475431549436374,1.0,0,TC_NASHIK_02,0,,
20.59171863821447,1,0.9313627102003419,1.0,0,TC_MUMBAI_01,0,,
2.1870940515764787,21,,,0,TC_RURAL_MALPRACTICE_09,1,0.16358797165440475,1.0
38.92296043112892,1,0.8676371940837128,1.0,0,TC_MUMBAI_01,0,,
20.611315227712577,1,0.8319776992388732,1.0,0,TC_PUNE_03,0,,
41.07470633748295,1,0.7130303879073334,1.0,0,TC_MUMBAI_01,0,,
30.603438610531626,1,0.8105334217278094,1.0,0,TC_MUMBAI_01,0,,
97.9334583142037,1,0.6381319109871741,1.0,0,TC_MUMBAI_01,0,,
47.15271099733523,1,0.8353690869685528,1.0,0,TC_MUMBAI_01,0,,
55.149872784416395,1,0.7808373966273308,1.0,0,TC_NAGPUR_01,0,,
40.743434776400704,1,0.8723423034875062,1.0,0,TC_PUNE_03,0,,
37.29551483827897,1,0.7450119496490741,1.0,0,TC_MUMBAI_01,0,,
40.807640359997635,1,0.7313523668730257,1.0,0,TC_PUNE_03,0,,
39.943015249208024,1,0.7988823997240421,1.0,0,TC_NASHIK_02,0,,
61.52386526859856,1,0.7361650999441882,1.0,0,TC_PUNE_03,0,,
41.49724181658655,2,0.9470334584420957,1.0,0,TC_NASHIK_02,0,,
51.0702101095042,1,0.9644178406921707,1.0,0,TC_MUMBAI_01,0,,
0.30985194266212546,15,,,1,TC_RURAL_MALPRACTICE_09,1,0.19699681383573875,0.0
37.60098130215298,1,0.7171986811755126,1.0,0,TC_PUNE_03,0,,
34.56859399641351,1,0.9100694001590877,1.0,0,TC_PUNE_03,0,,
96.79922758525673,1,0.8419621057277245,1.0,0,TC_MUMBAI_01,0,,
70.04108987499117,1,0.8970103079284073,1.0,0,TC_NASHIK_02,0,,
41.44670320435372,1,0.8598984595827146,1.0,0,TC_NAGPUR_01,0,,
53.523922715489945,2,0.9743606021618314,1.0,0,TC_NASHIK_02,0,,
33.33309390504207,1,0.8662943694475027,1.0,0,TC_NASHIK_02,0,,
30.8510397013316,1,0.7220870031591733,1.0,0,TC_MUMBAI_01,0,,
18.639412344733046,1,0.9671805650618621,1.0,0,TC_NAGPUR_01,0,,
28.718866393112616,2,0.9726895776898588,1.0,0,TC_PUNE_03,0,,
50.97937252183855,1,0.8996675275239284,1.0,0,TC_NAGPUR_01,0,,
30.72257235919297,1,0.8589864973011393,1.0,0,TC_NASHIK_02,0,,
40.84606880638189,1,0.5466929138827585,1.0,0,TC_NAGPUR_01,0,,
48.75277235816994,1,0.5856008876537834,1.0,0,TC_NAGPUR_01,0,,
23.873801160783785,1,0.9609304278453173,1.0,0,TC_MUMBAI_01,0,,
37.08038006169145,1,0.8714270826206658,1.0,0,TC_PUNE_03,0,,
44.82246550305423,1,0.892372382021902,1.0,0,TC_MUMBAI_01,0,,
46.63882863312882,1,0.9548681706790357,1.0,0,TC_MUMBAI_01,0,,
31.29131187726292,1,0.7572596128855137,1.0,0,TC_MUMBAI_01,0,,
39.829724046029106,1,0.8727036075442688,1.0,0,TC_NAGPUR_01,0,,
34.44173486416303,1,0.8093396363816702,1.0,0,TC_NASHIK_02,0,,
36.551487667095586,2,0.6593721089513311,1.0,0,TC_NASHIK_02,0,,
39.54828052495853,1,0.897029275789881,1.0,1,TC_NAGPUR_01,0,,
54.228683184061,1,0.8862245904990796,1.0,0,TC_PUNE_03,0,,
21.48632021316643,1,0.9387427107405154,1.0,0,TC_NASHIK_02,0,,
31.578011966361036,1,0.9586137343794235,1.0,0,TC_NASHIK_02,0,,
59.58733850152533,1,0.7097667489079774,1.0,0,TC_NAGPUR_01,0,,
29.37287881413711,1,0.9233350635612277,1.0,0,TC_NASHIK_02,0,,
24.157111118276866,1,0.9666724142318422,1.0,0,TC_MUMBAI_01,0,,
28.891269568531573,1,0.7717575693438465,1.0,0,TC_NASHIK_02,0,,
34.54899705456141,1,0.9727170873651926,1.0,0,TC_NAGPUR_01,0,,
41.441154191606884,1,0.7974849145975994,1.0,0,TC_PUNE_03,0,,
28.491928355787284,1,0.9624806648510156,1.0,0,TC_MUMBAI_01,0,,
31.867323052818588,1,0.8313420684646691,1.0,0,TC_PUNE_03,0,,
61.748468263409805,1,0.5799423935038397,1.0,0,TC_NAGPUR_01,0,,
51.31177784205194,1,0.9288197832825714,1.0,0,TC_NAGPUR_01,0,,
47.056547523930405,1,0.7899615646279065,1.0,0,TC_PUNE_03,0,,
31.210311649284126,1,0.5448820946000522,1.0,0,TC_MUMBAI_01,0,,
26.074421567147738,2,0.9183975455865034,1.0,0,TC_NAGPUR_01,0,,
34.42851300027763,1,0.9308274227267471,1.0,0,TC_NAGPUR_01,0,,
72.59736737141313,1,0.9420529832086328,1.0,0,TC_NASHIK_02,0,,
26.100421412438806,1,0.7482515767860778,1.0,1,TC_MUMBAI_01,0,,
97.22222778210183,1,0.9333503733401797,1.0,0,TC_NASHIK_02,0,,
38.85476295063963,1,0.7744034922800106,1.0,0,TC_PUNE_03,0,,
39.43489498797168,1,0.7280739092582469,1.0,0,TC_MUMBAI_01,0,,
44.92797750213015,1,0.8910298029206114,1.0,0,TC_NASHIK_02,0,,
20.740945189355617,1,0.9900840225668528,1.0,0,TC_PUNE_03,0,,
18.994213945193337,1,0.8764211135212716,1.0,0,TC_MUMBAI_01,0,,
1.3393415249006047,6,,,1,TC_RURAL_MALPRACTICE_09,1,0.15776823250588154,0.0
20.985721041544373,1,0.8473325067009676,1.0,0,TC_NAGPUR_01,0,,
60.3478778344855,1,0.843503381919292,1.0,0,TC_MUMBAI_01,0,,
43.30529940731151,1,0.9434156377874982,1.0,0,TC_NASHIK_02,0,,
36.89807057771311,1,0.9829911940271437,1.0,0,TC_NASHIK_02,0,,
1.2534938147803238,6,,,1,TC_RURAL_MALPRACTICE_09,1,0.23824805164946763,0.0
51.644709743829566,1,0.8768898033791421,1.0,0,TC_PUNE_03,0,,
37.236774855061064,1,0.8643065262483022,0.0,1,TC_PUNE_03,0,,
28.624171054565263,1,0.9841706061580537,1.0,0,TC_NASHIK_02,0,,
41.99106214195303,1,0.8021916510103642,1.0,0,TC_NAGPUR_01,0,,
43.392298396195486,1,0.9612782419973596,1.0,0,TC_NASHIK_02,0,,
43.03837012294174,1,0.7363191651681175,1.0,0,TC_PUNE_03,0,,
40.70855530264397,1,0.595446481853452,1.0,0,TC_PUNE_03,0,,
41.72524742017776,1,0.6884529839185781,1.0,0,TC_MUMBAI_01,0,,
35.29582884896345,1,0.8013572528252331,1.0,0,TC_NAGPUR_01,0,,
46.03873446674937,1,0.9845250229836054,1.0,0,TC_NASHIK_02,0,,
39.26509703821385,1,0.8724820386714179,1.0,0,TC_NAGPUR_01,0,,
61.80768520932074,1,0.9630308441338201,1.0,0,TC_NAGPUR_01,0,,
1.3121568789127256,22,,,1,TC_NAGPUR_01,1,0.5374246037436851,0.0
25.504474897770294,1,0.9788435776004235,1.0,0,TC_NASHIK_02,0,,
48.309174696150826,2,0.8951108346188436,1.0,0,TC_NAGPUR_01,0,,
54.85048237067485,1,0.8986668907907204,1.0,0,TC_NASHIK_02,0,,
28.549630793969204,1,0.9174570648830396,1.0,0,TC_PUNE_03,0,,
47.54853630031857,1,0.906551003449877,1.0,0,TC_NASHIK_02,0,,
22.459633479809114,1,0.882791756096231,1.0,0,TC_PUNE_03,0,,
73.19939181457394,1,0.9100454567598018,1.0,0,TC_NASHIK_02,0,,
35.742012598619894,1,0.8576807848781196,1.0,0,TC_MUMBAI_01,0,,
58.361743009345936,1,0.851948268735417,1.0,0,TC_PUNE_03,0,,
107.48661825042663,1,0.9505276150849914,1.0,0,TC_NAGPUR_01,0,,
36.58785114405612,1,0.8174010758208881,1.0,0,TC_MUMBAI_01,0,,
38.76445598780529,1,0.847366430724283,1.0,0,TC_NASHIK_02,0,,
51.008403472897605,1,0.6634251220761945,1.0,0,TC_PUNE_03,0,,
25.16957106130898,1,0.8270004418801038,1.0,0,TC_MUMBAI_01,0,,
23.03676342801796,1,0.8144400648080031,1.0,0,TC_NAGPUR_01,0,,
63.45175510393593,1,0.9269682048234581,1.0,0,TC_PUNE_03,0,,
43.5926336660166,1,0.9172464704822579,1.0,0,TC_NASHIK_02,0,,
47.888160768760116,1,0.9404863292677654,1.0,0,TC_MUMBAI_01,0,,
38.198651660884515,1,0.9695858641278272,1.0,0,TC_NAGPUR_01,0,,
45.63378364765996,2,0.8982292035111668,1.0,0,TC_NASHIK_02,0,,
66.5899129655166,1,0.8892481143830292,1.0,0,TC_NASHIK_02,0,,
29.02485915276915,1,0.8217949081669093,1.0,0,TC_MUMBAI_01,0,,
76.98710275626918,1,0.9552932014514323,1.0,0,TC_NASHIK_02,0,,
41.124566605169214,1,0.9701833082409944,1.0,0,TC_NAGPUR_01,0,,
40.12011767283924,1,0.7857520251757342,1.0,0,TC_MUMBAI_01,0,,
39.6485605713697,1,0.9330102741156304,1.0,0,TC_NAGPUR_01,0,,
56.587176630769704,2,0.9684984893761687,1.0,0,TC_MUMBAI_01,0,,
54.06143346964234,1,0.9665016047832782,1.0,0,TC_MUMBAI_01,0,,
30.492128717003645,1,0.9985538142921773,1.0,0,TC_NAGPUR_01,0,,
62.200106755664144,1,0.9661676945596243,1.0,0,TC_NASHIK_02,0,,
41.827571760739076,1,0.9610180379131233,1.0,0,TC_PUNE_03,0,,
54.133967711419174,1,0.8774118228030736,1.0,1,TC_NASHIK_02,0,,
33.35910285326974,1,0.7532099268513607,1.0,0,TC_NASHIK_02,0,,
35.86967843772123,1,0.8735091570008884,1.0,0,TC_MUMBAI_01,0,,
68.27656603976239,1,0.813592021455226,1.0,0,TC_NAGPUR_01,0,,
27.13993461198999,1,0.9188224043461024,1.0,0,TC_PUNE_03,0,,
30.22889870213224,1,0.9282460080211432,1.0,0,TC_NAGPUR_01,0,,
55.84449952707519,1,0.8144147445845348,1.0,0,TC_MUMBAI_01,0,,
29.369622200899908,1,0.9754667647149735,1.0,0,TC_NAGPUR_01,0,,
38.94263656612078,1,0.9311765700088238,1.0,0,TC_NAGPUR_01,0,,
45.604269894659616,2,0.940738397641135,1.0,0,TC_PUNE_03,0,,
74.99235838408721,1,0.9233628129590462,1.0,0,TC_PUNE_03,0,,
1.111089869891686,24,,,0,TC_RURAL_MALPRACTICE_09,1,0.16334808779224172,0.0
66.02066295335385,1,0.912442820221152,1.0,0,TC_NASHIK_02,0,,
22.687465588124237,1,0.7228813507121726,1.0,0,TC_PUNE_03,0,,
22.19791880906806,1,0.703810400907506,1.0,0,TC_NASHIK_02,0,,
31.617882929208008,1,0.8390840330844477,1.0,0,TC_MUMBAI_01,0,,
53.816581160518304,1,0.7560402402469455,1.0,0,TC_PUNE_03,0,,
40.29654213838967,1,0.9100759137234938,1.0,0,TC_MUMBAI_01,0,,
55.87892433343616,1,0.882801761168024,1.0,0,TC_NASHIK_02,0,,
38.1060671169003,1,0.9035785563793006,1.0,0,TC_NASHIK_02,0,,
39.4653606927969,2,0.9830312476417327,1.0,0,TC_PUNE_03,0,,
23.37856740581214,1,0.9191668734155136,1.0,0,TC_MUMBAI_01,0,,
44.13715614895516,1,0.9689629553020692,1.0,0,TC_PUNE_03,0,,
27.555557364119764,2,0.8744914241493715,1.0,0,TC_PUNE_03,0,,
35.26698780792266,1,0.7857087041846246,1.0,0,TC_PUNE_03,0,,
29.29216844027321,1,0.8604053712311558,1.0,0,TC_PUNE_03,0,,
52.02529622868277,1,0.8630446101955337,1.0,0,TC_PUNE_03,0,,
30.908340861730633,1,0.8267579497761447,1.0,0,TC_PUNE_03,0,,
36.226234519961295,1,0.7447571557127174,1.0,0,TC_NASHIK_02,0,,
39.2534303040546,1,0.7717091938289102,1.0,0,TC_PUNE_03,0,,
35.54261553426067,1,0.7983872024955637,1.0,0,TC_NASHIK_02,0,,
53.50179004454419,1,0.9368609768470061,1.0,0,TC_NAGPUR_01,0,,
1.2098366345294558,8,,,1,TC_NAGPUR_01,1,0.3414419550461416,0.0
48.11109965038546,1,0.8908978120503924,1.0,0,TC_NAGPUR_01,0,,
35.23528125615095,1,0.854526783297468,1.0,1,TC_NAGPUR_01,0,,
20.009898751958108,1,0.9325389992598188,1.0,0,TC_MUMBAI_01,0,,
30.165860795365433,2,0.9725977578008628,1.0,0,TC_NASHIK_02,0,,
46.636538973548426,2,0.8602637259638428,1.0,0,TC_NASHIK_02,0,,
32.35616095558754,1,0.9784909952439164,1.0,0,TC_MUMBAI_01,0,,
46.08175137687927,1,0.7746403896875472,1.0,0,TC_MUMBAI_01,0,,
27.40849169465261,1,0.809276121940854,1.0,0,TC_NAGPUR_01,0,,
28.27948883436587,1,0.5993923653478758,1.0,0,TC_PUNE_03,0,,
27.756936136138982,2,0.7623886380367767,1.0,0,TC_NAGPUR_01,0,,
35.974098237029445,1,0.5845959401707592,1.0,0,TC_MUMBAI_01,0,,
53.69784932043543,2,0.933863301950683,1.0,0,TC_NAGPUR_01,0,,
56.34603373282639,1,0.9801984336444934,1.0,0,TC_PUNE_03,0,,
48.09546232433712,1,0.9504318021429391,1.0,0,TC_NASHIK_02,0,,
35.514790838978314,1,0.7262618087666928,1.0,0,TC_NASHIK_02,0,,
43.79641759878629,1,0.7479957528654011,1.0,0,TC_MUMBAI_01,0,,
39.706637577815734,1,0.9274148304488132,1.0,0,TC_PUNE_03,0,,
44.28637413951139,2,0.7176904743393658,1.0,0,TC_NAGPUR_01,0,,
20.851131579714576,1,0.7677722621587865,1.0,0,TC_MUMBAI_01,0,,
49.98599916947473,1,0.8181702434834126,1.0,0,TC_PUNE_03,0,,
30.62087277149554,1,0.8215784055308725,1.0,0,TC_NASHIK_02,0,,
38.28143482524266,1,0.7173334901370122,1.0,0,TC_NAGPUR_01,0,,
33.67851198505118,1,0.895307728683038,1.0,0,TC_NAGPUR_01,0,,
23.879434773576808,1,0.7911405208753125,1.0,0,TC_NAGPUR_01,0,,
32.4834883099565,2,0.742988229256344,1.0,0,TC_NAGPUR_01,0,,
20.675099970267038,1,0.8037849377450205,1.0,0,TC_NAGPUR_01,0,,
43.58887021417923,1,0.7897301388018897,1.0,0,TC_MUMBAI_01,0,,
45.70990035552087,1,0.7928872137186823,1.0,0,TC_PUNE_03,0,,
50.84710987780843,1,0.7804301344095897,1.0,0,TC_NASHIK_02,0,,
61.84943609617752,1,0.9467782013360219,1.0,0,TC_NAGPUR_01,0,,
31.73219717514672,1,0.8330353125881695,1.0,0,TC_MUMBAI_01,0,,
31.83475810232035,1,0.827401888635627,1.0,0,TC_MUMBAI_01,0,,
25.739358374771857,1,0.7404333466115509,1.0,0,TC_NAGPUR_01,0,,
57.15532346340829,1,0.8490942938622812,1.0,0,TC_NASHIK_02,0,,
51.742529669432,1,0.9631526823443389,1.0,0,TC_NAGPUR_01,0,,
28.908659727875882,1,0.7444976363099903,1.0,0,TC_NAGPUR_01,0,,
121.17520196959468,1,0.9222474926735369,1.0,0,TC_NASHIK_02,0,,
31.051391692586925,1,0.7910794995143966,1.0,0,TC_MUMBAI_01,0,,
32.807181233906235,1,0.8603735282040036,1.0,1,TC_MUMBAI_01,0,,
61.63291573214553,1,0.9350678006057881,1.0,0,TC_MUMBAI_01,0,,
43.25126648782133,1,0.6842635468710924,1.0,0,TC_NASHIK_02,0,,
41.35083521017796,2,0.6449217055567996,1.0,0,TC_NASHIK_02,0,,
35.26808446026743,1,0.9196868980866236,1.0,0,TC_NASHIK_02,0,,
26.91592379348765,1,0.8072216122042098,1.0,0,TC_PUNE_03,0,,
28.005698937475092,1,0.8098790553100711,1.0,0,TC_PUNE_03,0,,
82.47137871200172,1,0.9841010766174034,1.0,0,TC_MUMBAI_01,0,,
42.366865407742,1,0.9858683693039646,1.0,0,TC_MUMBAI_01,0,,
49.19752648400087,1,0.760469182384962,1.0,0,TC_NASHIK_02,0,,
47.5324340547644,1,0.886348560971187,1.0,0,TC_PUNE_03,0,,
1.122955449465798,22,,,0,TC_NAGPUR_01,1,0.3077175190924798,1.0
20.78820129148702,1,0.9667296180686816,1.0,0,TC_NASHIK_02,0,,
33.84562575762576,1,0.8800417248778981,1.0,0,TC_NASHIK_02,0,,
69.15640016764378,1,0.9172724459064168,1.0,0,TC_NASHIK_02,0,,
39.053091928060134,1,0.6286598216794678,1.0,0,TC_NAGPUR_01,0,,
68.02379429410882,1,0.9194225044073459,1.0,0,TC_PUNE_03,0,,
88.76508624963228,1,0.6816363429790292,1.0,0,TC_NASHIK_02,0,,
47.754055973579945,1,0.7279480927952017,0.0,0,TC_MUMBAI_01,0,,
35.20719520334961,1,0.9036887590481975,1.0,0,TC_MUMBAI_01,0,,
30.988540001898215,1,0.7446399872720124,1.0,0,TC_NAGPUR_01,0,,
30.814082905892526,1,0.833259943948224,1.0,0,TC_MUMBAI_01,0,,
73.52679036470727,1,0.9381599229393198,1.0,0,TC_NASHIK_02,0,,
19.299970784651197,2,0.7089771889382875,1.0,0,TC_PUNE_03,0,,
46.402222761639095,1,0.8558346148362336,1.0,0,TC_PUNE_03,0,,
41.59019756241737,1,0.9135328087926328,1.0,0,TC_PUNE_03,0,,
30.209131772493656,1,0.9111949078257644,0.0,0,TC_MUMBAI_01,0,,
40.7228995986726,1,0.66419931373953,1.0,0,TC_MUMBAI_01,0,,
38.305056327776036,1,0.9308116488618112,1.0,0,TC_PUNE_03,0,,
33.59137788096609,1,0.8709191148950345,1.0,0,TC_PUNE_03,0,,
40.82852967556213,1,0.5713251123798607,1.0,0,TC_NASHIK_02,0,,
0.38661278371740715,19,,,1,TC_RURAL_MALPRACTICE_09,1,0.25477964186399765,0.0
31.360702852669313,1,0.6771063320011083,1.0,0,TC_MUMBAI_01,0,,
27.897661926366894,1,0.9715048078755958,1.0,0,TC_MUMBAI_01,0,,
37.15027401796516,1,0.837824540664569,1.0,0,TC_MUMBAI_01,0,,
64.76090354080142,1,0.820892591831326,1.0,0,TC_NAGPUR_01,0,,
36.90690095762188,1,0.8863188214235957,1.0,0,TC_MUMBAI_01,0,,
63.939371603747844,1,0.8519224442082249,1.0,0,TC_PUNE_03,0,,
40.524211987799895,1,0.85253943418385,1.0,0,TC_NASHIK_02,0,,
44.76847982883074,1,0.8801789253464304,1.0,0,TC_MUMBAI_01,0,,
21.43823083242642,1,0.8155402053024973,1.0,0,TC_MUMBAI_01,0,,
32.07395383002479,1,0.8437466196113186,1.0,0,TC_NASHIK_02,0,,
27.50386217842906,1,0.983681542468129,1.0,0,TC_MUMBAI_01,0,,
47.54549053306586,1,0.9291690401038335,1.0,0,TC_NAGPUR_01,0,,
35.141122519276784,1,0.9320311875061433,1.0,1,TC_PUNE_03,0,,
75.24223861548654,1,0.9394353348394071,1.0,0,TC_PUNE_03,0,,
37.766100179650316,1,0.8318622839181956,1.0,0,TC_NAGPUR_01,0,,
29.6771722459198,2,0.8296989725722965,1.0,0,TC_NAGPUR_01,0,,
30.252214430636513,1,0.6578747201992506,1.0,0,TC_PUNE_03,0,,
20.63291953696946,1,0.9350906246783377,1.0,0,TC_PUNE_03,0,,
88.58494554562807,1,0.9429530849244296,1.0,0,TC_PUNE_03,0,,
41.02597967117124,1,0.8880879230562312,1.0,0,TC_PUNE_03,0,,
52.91379440779892,1,0.8979984903386308,1.0,0,TC_NASHIK_02,0,,
39.165042335886675,1,0.6693534071994125,1.0,0,TC_NASHIK_02,0,,
32.68291579509987,1,0.8153308672181115,1.0,0,TC_NASHIK_02,0,,
31.91521964553438,1,0.8652563880386638,1.0,0,TC_NASHIK_02,0,,
29.72037949035496,1,0.8122919565858655,1.0,0,TC_MUMBAI_01,0,,
43.86134295859276,1,0.7699608487169859,1.0,0,TC_PUNE_03,0,,
31.98536216143571,1,0.9608053363566118,1.0,0,TC_NASHIK_02,0,,
38.585869260565445,1,0.6672677176460928,1.0,0,TC_MUMBAI_01,0,,
1.5938493845599289,12,,,0,TC_RURAL_MALPRACTICE_09,1,0.5702177166153375,0.0
40.01579055488714,1,0.835961766152522,1.0,0,TC_PUNE_03,0,,
36.11621624135108,1,0.6501673900670295,1.0,0,TC_PUNE_03,0,,
38.49455982878629,1,0.6073848450762076,1.0,0,TC_MUMBAI_01,0,,
56.77769853565463,1,0.8102270797107741,1.0,0,TC_NAGPUR_01,0,,
69.8837354541539,1,0.9359714507581752,1.0,0,TC_NAGPUR_01,0,,
30.776774917912153,2,0.8444952743934662,1.0,0,TC_NASHIK_02,0,,
28.115106866221428,1,0.6659464584379946,0.0,0,TC_NAGPUR_01,0,,
0.44163686438655547,12,,,1,TC_RURAL_MALPRACTICE_09,1,0.5145547382230946,0.0
27.14827133157185,1,0.7417650242773154,1.0,0,TC_MUMBAI_01,0,,
27.95471205672649,1,0.8985289472768035,1.0,0,TC_MUMBAI_01,0,,
51.5087675506882,2,0.9664800395777388,1.0,1,TC_NAGPUR_01,0,,
55.36819655296505,1,0.9147140972195659,1.0,0,TC_MUMBAI_01,0,,
22.455214140168085,1,0.9146965165991062,1.0,0,TC_PUNE_03,0,,
2.3513718439694427,17,,,1,TC_RURAL_MALPRACTICE_09,1,0.5148602924488874,0.0
41.77531101290301,1,0.7877735805199537,1.0,0,TC_NASHIK_02,0,,
33.39590797398604,1,0.9640900705332605,1.0,0,TC_NAGPUR_01,0,,
74.37887580587473,1,0.46516041989174617,1.0,0,TC_PUNE_03,0,,
2.163625339894122,20,,,1,TC_NAGPUR_01,1,0.16450834371429082,0.0
19.400000435809616,1,0.95555016275246,1.0,0,TC_NASHIK_02,0,,
92.92539659792459,1,0.8785976215157575,1.0,0,TC_MUMBAI_01,0,,
53.02703079262942,1,0.9218362955066981,1.0,0,TC_PUNE_03,0,,
41.20902272667205,1,0.8427771923858659,1.0,0,TC_NASHIK_02,0,,
26.544823615233827,1,0.9837375556206572,1.0,0,TC_MUMBAI_01,0,,
31.796389412340137,1,0.8899992749502121,1.0,0,TC_MUMBAI_01,0,,
47.24534776417069,1,0.9948149994259856,1.0,0,TC_PUNE_03,0,,
36.3496092919018,1,0.8424000002705143,1.0,0,TC_MUMBAI_01,0,,
26.803626788259102,1,0.4837410043694695,1.0,0,TC_MUMBAI_01,0,,
30.294924179832233,1,0.7978202223260913,1.0,0,TC_NASHIK_02,0,,
51.0137464795494,1,0.9510670258534543,1.0,1,TC_PUNE_03,0,,
80.9164252845451,1,0.930576693286256,1.0,0,TC_NAGPUR_01,0,,
36.046488659482904,1,0.9715670054433178,1.0,0,TC_NASHIK_02,0,,
33.64628090637572,1,0.6226415428731751,1.0,0,TC_MUMBAI_01,0,,
42.582680850980644,1,0.9200358390902066,1.0,0,TC_MUMBAI_01,0,,
60.8233099312733,1,0.6991138804229986,1.0,0,TC_PUNE_03,0,,
18.99701038410518,1,0.9164585877049154,1.0,0,TC_NASHIK_02,0,,
28.692628039159516,1,0.9823874293122533,1.0,0,TC_PUNE_03,0,,
26.300204076191307,2,0.9575054690566496,1.0,0,TC_PUNE_03,0,,
38.30148487884483,1,0.9346165201337147,1.0,0,TC_NASHIK_02,0,,
38.3553740726125,1,0.5546773427568131,1.0,0,TC_NASHIK_02,0,,
33.089693850414974,1,0.95989083828412,1.0,0,TC_MUMBAI_01,0,,
1.4107556434334683,15,,,1,TC_RURAL_MALPRACTICE_09,1,0.21390718010037757,0.0
42.25878295877027,1,0.7583529579661273,1.0,0,TC_MUMBAI_01,0,,
56.06383014104772,1,0.8710490382688322,1.0,0,TC_MUMBAI_01,0,,
19.587925901583496,1,0.7379411818126437,1.0,0,TC_NASHIK_02,0,,
26.846432352531693,1,0.9901041233976334,1.0,0,TC_PUNE_03,0,,
40.84365869200512,1,0.687305945022102,1.0,0,TC_NASHIK_02,0,,
56.250334028669734,1,0.7759164054753896,1.0,0,TC_MUMBAI_01,0,,
37.77946815701728,1,0.9473917835766603,1.0,0,TC_MUMBAI_01,0,,
2.043643584782658,7,,,1,TC_NAGPUR_01,1,0.5791550567471313,0.0
30.345926724790935,1,0.849189240472683,1.0,0,TC_PUNE_03,0,,
25.310721035080963,1,0.9401996132246488,1.0,0,TC_MUMBAI_01,0,,
26.924174576184065,1,0.9204085551635903,1.0,1,TC_NAGPUR_01,0,,
41.936650145550544,1,0.9297461260492871,1.0,0,TC_PUNE_03,0,,
50.976831430124484,1,0.8929236185992361,1.0,0,TC_NASHIK_02,0,,
44.40138856449363,1,0.6740070150948123,1.0,0,TC_MUMBAI_01,0,,
44.64886227931109,1,0.9759362299498889,1.0,0,TC_PUNE_03,0,,
29.747667437208076,1,0.6757953155673155,1.0,0,TC_MUMBAI_01,0,,
40.569121459019,1,0.8829002580623507,1.0,0,TC_PUNE_03,0,,
90.43150299697156,1,0.9613652624261089,1.0,0,TC_NAGPUR_01,0,,
35.70404119440744,1,0.9596674902645409,1.0,0,TC_PUNE_03,0,,
60.7008244759209,1,0.9349708377453271,1.0,0,TC_MUMBAI_01,0,,
28.742605074395932,1,0.9246203623129461,1.0,0,TC_PUNE_03,0,,
60.1345240728151,1,0.9429554716547237,1.0,0,TC_NASHIK_02,0,,
45.013436606280585,1,0.9364774028179209,1.0,0,TC_NASHIK_02,0,,
30.329099681534274,1,0.9121890798636768,1.0,0,TC_MUMBAI_01,0,,
57.62779221961577,1,0.9622064930252436,1.0,0,TC_NAGPUR_01,0,,
45.62228612782262,1,0.8044445031529666,1.0,0,TC_NAGPUR_01,0,,
26.502879558816012,1,0.7697598930196261,1.0,0,TC_PUNE_03,0,,
2.351078146269184,24,,,1,TC_NAGPUR_01,1,0.16678698805970488,0.0
22.408099547571315,1,0.8892072012306541,1.0,0,TC_MUMBAI_01,0,,
51.467485969307525,1,0.42536883266236397,1.0,0,TC_PUNE_03,0,,
45.75377494877272,1,0.8423400415669697,1.0,0,TC_NAGPUR_01,0,,
29.21708633668523,1,0.5396723718545429,1.0,1,TC_MUMBAI_01,0,,
56.87013248283416,1,0.8326809039352504,1.0,0,TC_NAGPUR_01,0,,
40.00385063161565,2,0.7811669455164678,1.0,0,TC_NASHIK_02,0,,
42.01560031276118,2,0.7697625449393674,1.0,0,TC_MUMBAI_01,0,,
0.9987288305625113,10,,,1,TC_RURAL_MALPRACTICE_09,1,0.29689748126081916,0.0
24.718422169801688,2,0.915882778908037,1.0,0,TC_NASHIK_02,0,,
56.21709629946648,2,0.5342983382993642,1.0,0,TC_NASHIK_02,0,,
37.289780751170234,1,0.9125056913234718,1.0,0,TC_PUNE_03,0,,
58.885606871450804,1,0.6988275694923267,1.0,0,TC_NAGPUR_01,0,,
56.115557629645494,1,0.7126996905067607,1.0,0,TC_NASHIK_02,0,,
29.844149978760818,1,0.9040532657717412,1.0,0,TC_PUNE_03,0,,
52.276960934186675,1,0.9939484603057865,1.0,0,TC_NASHIK_02,0,,
28.60030447779575,1,0.7951567022481743,1.0,0,TC_NAGPUR_01,0,,
40.07086142064255,1,0.9653525874547111,1.0,0,TC_NASHIK_02,0,,
39.02953784805937,1,0.8741332807059365,1.0,0,TC_MUMBAI_01,0,,
32.68999735709012,1,0.9734762274492486,1.0,0,TC_MUMBAI_01,0,,
32.39412926288759,1,0.9021465374836468,1.0,0,TC_NASHIK_02,0,,
59.266156601338224,1,0.9713959641502456,1.0,0,TC_NASHIK_02,0,,
36.33598338477596,1,0.904334490666355,0.0,0,TC_NAGPUR_01,0,,
59.28916394507483,1,0.7097079957574097,1.0,0,TC_NASHIK_02,0,,
29.06313742735504,1,0.9904548627300072,1.0,0,TC_NASHIK_02,0,,
33.401731268502004,1,0.9593642146408103,1.0,0,TC_NASHIK_02,0,,
37.250932390257496,1,0.8797220364189909,1.0,0,TC_MUMBAI_01,0,,
102.93634429534764,1,0.9016276256119179,1.0,0,TC_NAGPUR_01,0,,
81.6990034658773,1,0.6756904565670157,1.0,0,TC_PUNE_03,0,,
38.08362555088283,2,0.8257433645279673,1.0,0,TC_NASHIK_02,0,,
26.354232599504545,1,0.8792864882692667,1.0,0,TC_NAGPUR_01,0,,
25.304488950688633,1,0.9338744545958171,1.0,0,TC_MUMBAI_01,0,,
40.670893622821595,1,0.9868236412668713,1.0,0,TC_PUNE_03,0,,
39.99591580402981,1,0.9148624894606979,1.0,0,TC_PUNE_03,0,,
50.324227601423146,1,0.8364491043259262,1.0,0,TC_PUNE_03,0,,
36.33059518771042,1,0.6967541061671916,1.0,0,TC_MUMBAI_01,0,,
29.208375856797954,2,0.5423597603916008,1.0,0,TC_MUMBAI_01,0,,
39.65293464616586,1,0.7874325987423506,1.0,0,TC_NASHIK_02,0,,
32.09359037995507,1,0.9863313307890059,1.0,0,TC_PUNE_03,0,,
34.30089985679305,1,0.843573263934859,1.0,0,TC_PUNE_03,0,,
35.45685982832525,1,0.9698259689163551,1.0,0,TC_NASHIK_02,0,,
102.24304522955161,2,0.8584418850482382,1.0,0,TC_NAGPUR_01,0,,
51.942626910466664,1,0.6115659924656225,1.0,0,TC_PUNE_03,0,,
41.70967495092726,1,0.8489957438110922,1.0,0,TC_NAGPUR_01,0,,
38.013758595453,2,0.9510565001320752,1.0,0,TC_NAGPUR_01,0,,
73.28721361453057,1,0.9600872364007602,1.0,0,TC_MUMBAI_01,0,,
70.19735191879957,1,0.5020823629162406,1.0,0,TC_NASHIK_02,0,,
58.05351595004271,1,0.953537510837632,1.0,0,TC_NAGPUR_01,0,,
18.527268088357637,1,0.5983104759815133,1.0,0,TC_NAGPUR_01,0,,
57.60091486245744,1,0.7930091904819391,1.0,0,TC_MUMBAI_01,0,,
65.9010021903396,1,0.7673090959449259,1.0,0,TC_MUMBAI_01,0,,
25.172022952604888,1,0.9801095102276325,1.0,0,TC_NAGPUR_01,0,,
52.61676596857378,1,0.897733495367718,1.0,0,TC_MUMBAI_01,0,,
45.16818060181064,1,0.9695130858883094,1.0,0,TC_NAGPUR_01,0,,
49.817350022053894,1,0.622010831050962,1.0,0,TC_NAGPUR_01,0,,
39.08684682096986,1,0.9318167968544228,1.0,1,TC_NAGPUR_01,0,,
53.57042785279255,1,0.8967776825802608,1.0,0,TC_NAGPUR_01,0,,
37.977118704410515,1,0.8886320988450324,0.0,0,TC_NASHIK_02,0,,
56.24018298908482,1,0.8748591284594802,1.0,0,TC_NASHIK_02,0,,
38.00815721834996,1,0.9006063289958208,1.0,0,TC_MUMBAI_01,0,,
49.94970242010654,1,0.8026953907263494,1.0,0,TC_NASHIK_02,0,,
164.2531512896485,1,0.9379743463240103,1.0,0,TC_MUMBAI_01,0,,
21.582150474118098,1,0.9763127367209178,1.0,0,TC_NASHIK_02,0,,
24.79945462418608,1,0.9164425230158093,1.0,0,TC_NAGPUR_01,0,,
45.14121824045173,1,0.954060284645782,1.0,0,TC_MUMBAI_01,0,,
21.60479568082121,1,0.9838073537730041,1.0,0,TC_NASHIK_02,0,,
55.682282656883324,1,0.7943211995605738,1.0,0,TC_PUNE_03,0,,
57.95152702618308,1,0.859407418859181,1.0,0,TC_NAGPUR_01,0,,
2.22359183457606,13,,,0,TC_RURAL_MALPRACTICE_09,1,0.3847440149446183,0.0
30.458533171302633,1,0.8432779793465268,1.0,0,TC_MUMBAI_01,0,,
38.54751544336299,1,0.8282225059455289,1.0,0,TC_NAGPUR_01,0,,
51.75351334870013,1,0.7986386546275356,1.0,0,TC_NAGPUR_01,0,,
37.7960101575194,1,0.953323350411821,1.0,0,TC_NASHIK_02,0,,
83.72816252339699,1,0.8423296689173646,1.0,0,TC_NAGPUR_01,0,,
35.68084392053831,1,0.9524096900678127,1.0,0,TC_MUMBAI_01,0,,
36.25541157886458,1,0.9228569876032078,1.0,0,TC_NASHIK_02,0,,
78.44583291386947,1,0.9462650086199625,1.0,0,TC_PUNE_03,0,,
79.00123746072194,1,0.9721463373351777,1.0,0,TC_PUNE_03,0,,
21.27297744827702,1,0.6569211293567252,1.0,0,TC_NAGPUR_01,0,,
38.131423753681965,1,0.8563126287643784,1.0,0,TC_MUMBAI_01,0,,
21.003513787463675,1,0.6211889630676851,1.0,0,TC_MUMBAI_01,0,,
50.22158881248904,1,0.8110058123307309,1.0,0,TC_MUMBAI_01,0,,
37.730698764985206,1,0.884830369779957,1.0,0,TC_NAGPUR_01,0,,
37.87112936445893,1,0.9361991316511339,1.0,0,TC_MUMBAI_01,0,,
23.99490933052761,1,0.8974605999211352,1.0,0,TC_NASHIK_02,0,,
37.58546844956456,1,0.9064254647573442,1.0,0,TC_NAGPUR_01,0,,
23.06925502040188,1,0.8511181098979912,1.0,0,TC_MUMBAI_01,0,,
48.82832267629516,1,0.9131400761545228,1.0,0,TC_PUNE_03,0,,
44.740136743374066,1,0.7655154653163384,1.0,1,TC_MUMBAI_01,0,,
54.43852316636377,1,0.8093014111922591,1.0,0,TC_NASHIK_02,0,,
21.828799376152702,1,0.9903901007404485,1.0,0,TC_PUNE_03,0,,
26.144671622931423,1,0.6816035593973178,1.0,0,TC_NASHIK_02,0,,
18.70517607482512,2,0.7649889547078501,1.0,0,TC_MUMBAI_01,0,,
1.3541652365819816,12,,,1,TC_RURAL_MALPRACTICE_09,1,0.3978881313383077,0.0
46.20310836250555,1,0.9868824715361162,1.0,0,TC_PUNE_03,0,,
57.32643105341463,1,0.9297545302505776,1.0,0,TC_MUMBAI_01,0,,
26.326241437604896,1,0.5820276275511433,1.0,0,TC_NAGPUR_01,0,,
31.096103863534037,1,0.9509140165985875,1.0,0,TC_NASHIK_02,0,,
19.256947819158185,2,0.826895976809022,1.0,0,TC_PUNE_03,0,,
58.401396013828304,1,0.8074528526620195,1.0,0,TC_PUNE_03,0,,
32.3861808424309,1,0.8412795692055204,1.0,0,TC_PUNE_03,0,,
66.497841739624,1,0.7289154711010507,1.0,1,TC_MUMBAI_01,0,,
33.84513210567009,1,0.850906959031061,1.0,0,TC_PUNE_03,0,,
34.33689393174473,1,0.8524921641484802,1.0,1,TC_PUNE_03,0,,
27.52208603963039,1,0.6003860859905401,1.0,0,TC_NAGPUR_01,0,,
33.067545250456945,1,0.6637559655283791,1.0,0,TC_NASHIK_02,0,,
52.42962007581229,1,0.9558044935866404,1.0,0,TC_NAGPUR_01,0,,
41.70377416815511,1,0.9828290094278013,1.0,0,TC_NAGPUR_01,0,,
0.8739461964627651,6,,,1,TC_RURAL_MALPRACTICE_09,1,0.36013402369693287,0.0
85.85032165330833,1,0.8861060894012647,1.0,0,TC_MUMBAI_01,0,,
45.96845906410984,1,0.6124561412561522,1.0,0,TC_MUMBAI_01,0,,
38.27319686083262,1,0.7342282012076506,1.0,0,TC_PUNE_03,0,,
33.712447694854916,2,0.9529286115873462,1.0,0,TC_NAGPUR_01,0,,
50.96913077233498,1,0.8069033274783773,1.0,0,TC_NAGPUR_01,0,,
91.60575203545008,1,0.9572477076250482,1.0,0,TC_NASHIK_02,0,,
72.28253132327335,1,0.6641056123481762,1.0,0,TC_PUNE_03,0,,
29.2583790531382,2,0.894902247574096,1.0,0,TC_PUNE_03,0,,
36.13712801286486,1,0.8090280361229838,1.0,0,TC_NASHIK_02,0,,
55.59365782694579,1,0.8405199663581863,1.0,0,TC_NAGPUR_01,0,,
2.2317526039467293,16,,,0,TC_RURAL_MALPRACTICE_09,1,0.2348166413340504,0.0
62.27592870573844,1,0.901048575572354,1.0,0,TC_NASHIK_02,0,,
33.41789467502784,1,0.9652853859219378,1.0,0,TC_NAGPUR_01,0,,
30.384520547874178,1,0.9387531677434904,1.0,0,TC_NAGPUR_01,0,,
29.748605917381937,1,0.9111115824566901,1.0,0,TC_PUNE_03,0,,
31.5653378739305,1,0.760311726244748,1.0,0,TC_PUNE_03,0,,
23.192716697954136,1,0.9980738800240715,1.0,0,TC_PUNE_03,0,,
47.101576489670826,1,0.47749679380878796,1.0,0,TC_PUNE_03,0,,
2.020122786761176,8,,,1,TC_NAGPUR_01,1,0.2226830991233512,0.0
77.3346780325011,1,0.7893291562443001,1.0,0,TC_NAGPUR_01,0,,
26.67837709766718,1,0.5571468592891691,1.0,0,TC_NASHIK_02,0,,
46.60603375294865,1,0.982888723377865,1.0,0,TC_MUMBAI_01,0,,
80.48530493550301,1,0.5232414715040936,1.0,0,TC_NASHIK_02,0,,
41.57372392417473,1,0.9665661786570499,1.0,0,TC_PUNE_03,0,,
0.6195072271983736,12,,,1,TC_NAGPUR_01,1,0.43102311979676766,0.0
29.248697491477532,1,0.8608133550950059,1.0,0,TC_MUMBAI_01,0,,
36.19492438894543,1,0.9707826655641811,1.0,0,TC_MUMBAI_01,0,,
0.86346235579679,17,,,1,TC_RURAL_MALPRACTICE_09,1,0.4555120278148862,1.0
50.80161984258217,2,0.8693766749484831,1.0,0,TC_NAGPUR_01,0,,
58.45644503827363,1,0.8230368801181231,1.0,0,TC_MUMBAI_01,0,,
51.759497671343496,1,0.95921416701809,1.0,0,TC_NASHIK_02,0,,
43.149332175830594,1,0.9248619328732458,1.0,0,TC_NASHIK_02,0,,
1.3783611568117986,20,,,1,TC_RURAL_MALPRACTICE_09,1,0.3811929976832479,0.0
19.66570535108201,1,0.8686568835044094,1.0,0,TC_PUNE_03,0,,
47.62113433650678,1,0.8594309342010652,1.0,0,TC_NASHIK_02,0,,
28.926381818999413,1,0.8799670049633984,1.0,0,TC_NAGPUR_01,0,,
34.90486606603375,1,0.8777647747968172,1.0,0,TC_NAGPUR_01,0,,
1.1040090160633862,15,,,0,TC_RURAL_MALPRACTICE_09,1,0.29995833040696374,0.0
46.93701393749101,2,0.9000554010642072,1.0,0,TC_NAGPUR_01,0,,
30.450958500001253,1,0.8588327963307455,1.0,0,TC_MUMBAI_01,0,,
41.36254314393255,1,0.6940605305316929,1.0,0,TC_PUNE_03,0,,
30.927193594663684,1,0.8161958324107348,1.0,0,TC_PUNE_03,0,,
22.576532719103785,1,0.858777143107429,1.0,0,TC_NASHIK_02,0,,
27.067285169815587,1,0.9615323864957226,1.0,0,TC_MUMBAI_01,0,,
60.5397019691957,1,0.8279810731424041,1.0,0,TC_MUMBAI_01,0,,
53.92686772089664,1,0.825826217444438,1.0,0,TC_MUMBAI_01,0,,
2.3470376237689576,22,,,1,TC_RURAL_MALPRACTICE_09,1,0.16191567978695753,0.0
66.21697208265817,1,0.9238857166366695,1.0,0,TC_MUMBAI_01,0,,
44.43382386129448,1,0.8300349500445984,1.0,0,TC_PUNE_03,0,,
47.3575632209497,1,0.8884303521976287,1.0,0,TC_PUNE_03,0,,
31.75067956783386,1,0.8965800587077511,1.0,0,TC_PUNE_03,0,,
24.43393298050758,1,0.8837448300060855,1.0,0,TC_MUMBAI_01,0,,
60.06014484589117,2,0.9665381981645917,1.0,0,TC_NAGPUR_01,0,,
26.008470884253686,1,0.8397824648103379,1.0,0,TC_NASHIK_02,0,,
31.952793045424553,1,0.8446774059884153,1.0,0,TC_NAGPUR_01,0,,
30.752669147983347,1,0.7924437972286046,1.0,0,TC_MUMBAI_01,0,,
58.95299252024787,1,0.958047942201742,1.0,0,TC_NAGPUR_01,0,,
38.010013125050996,1,0.5905854117598633,1.0,0,TC_PUNE_03,0,,
30.224162913554597,1,0.9325752967600291,1.0,0,TC_NASHIK_02,0,,
37.27607796271445,1,0.8912593547526277,1.0,0,TC_NAGPUR_01,0,,
31.732123383025314,2,0.7970907318340147,1.0,0,TC_PUNE_03,0,,
52.37417684797912,1,0.7694759029371248,1.0,0,TC_PUNE_03,0,,
49.78993757342458,1,0.928346986408312,0.0,0,TC_NAGPUR_01,0,,
61.740616943070386,1,0.7938136883106305,1.0,0,TC_NASHIK_02,0,,
30.922344173752187,2,0.8625531721147367,1.0,0,TC_PUNE_03,0,,
42.24731103265966,1,0.9879998985399687,1.0,0,TC_MUMBAI_01,0,,
55.33822444326806,1,0.7670072939041095,1.0,0,TC_NASHIK_02,0,,
39.617835837670064,1,0.9363677580612533,1.0,0,TC_MUMBAI_01,0,,
32.35403526641681,1,0.9780418845000666,1.0,0,TC_NAGPUR_01,0,,
25.919770828977917,1,0.9042147619202787,1.0,0,TC_NAGPUR_01,0,,
35.37843388493735,1,0.9972028774262384,1.0,0,TC_MUMBAI_01,0,,
28.308240446953928,1,0.8304069473487912,1.0,0,TC_PUNE_03,0,,
24.319180930179957,1,0.9879157704673716,1.0,0,TC_MUMBAI_01,0,,
46.06299192769566,1,0.8196651378269689,1.0,0,TC_MUMBAI_01,0,,
40.27253358692548,1,0.8850053284260507,1.0,0,TC_PUNE_03,0,,
40.80876488465956,1,0.810259634732766,1.0,0,TC_NAGPUR_01,0,,
49.88779190012052,1,0.8677429338816975,1.0,0,TC_PUNE_03,0,,
51.60976603898866,1,0.9618778389848559,1.0,0,TC_NAGPUR_01,0,,
28.418587876169365,2,0.7732905234683602,1.0,0,TC_NAGPUR_01,0,,
44.10830054108986,1,0.7667572262641301,1.0,0,TC_NAGPUR_01,0,,
55.012047344575905,1,0.9556012926142495,1.0,0,TC_MUMBAI_01,0,,
36.45431644111907,1,0.8319989615092965,1.0,0,TC_MUMBAI_01,0,,
50.779563254672496,1,0.9339369956080366,1.0,0,TC_PUNE_03,0,,
34.54641146884562,1,0.7648511952050667,1.0,0,TC_NASHIK_02,0,,
81.35166828463423,1,0.6969929339217525,1.0,0,TC_NASHIK_02,0,,
57.88287083451536,1,0.7587328473719648,1.0,0,TC_NAGPUR_01,0,,
62.03560931875393,1,0.9377967324944768,1.0,0,TC_MUMBAI_01,0,,
22.00138204105231,1,0.7291003659886122,1.0,0,TC_NASHIK_02,0,,
0.5395422344408001,16,,,1,TC_RURAL_MALPRACTICE_09,1,0.49725442759970173,0.0
19.423737285913955,1,0.7346482032837856,1.0,0,TC_NAGPUR_01,0,,
40.49075962480593,1,0.9273547976981873,1.0,0,TC_NASHIK_02,0,,
23.1513115308442,1,0.7129530824206317,1.0,0,TC_PUNE_03,0,,
65.42288545095533,1,0.777775219363807,1.0,0,TC_NASHIK_02,0,,
35.63957111458292,1,0.5786570324061499,1.0,0,TC_MUMBAI_01,0,,
42.14326050757908,2,0.8565462606434671,1.0,1,TC_NAGPUR_01,0,,
64.74257681716782,1,0.9496707079033825,1.0,0,TC_PUNE_03,0,,
43.17746192441719,1,0.9334298332797576,1.0,0,TC_PUNE_03,0,,
35.797095152492496,2,0.7918016030922563,1.0,0,TC_NASHIK_02,0,,
51.351674543749475,1,0.8445878207957384,1.0,0,TC_MUMBAI_01,0,,
37.36966602662448,1,0.7698896772611267,1.0,0,TC_NAGPUR_01,0,,
24.379276110944083,1,0.9593251832954002,1.0,0,TC_PUNE_03,0,,
62.82272190712092,1,0.8609826222350683,1.0,0,TC_NAGPUR_01,0,,
27.161978962710702,1,0.8990521170619533,1.0,0,TC_MUMBAI_01,0,,
27.23513826035582,1,0.9745065920319442,1.0,0,TC_NAGPUR_01,0,,
34.15729063007123,1,0.9086839228862886,1.0,0,TC_NASHIK_02,0,,
37.93714703716061,1,0.7549924464021116,1.0,0,TC_PUNE_03,0,,
53.595285624348705,1,0.7958905447562687,1.0,0,TC_PUNE_03,0,,
42.6152066915084,1,0.6481485495255622,1.0,0,TC_MUMBAI_01,0,,
33.437100221158204,1,0.961882644464436,1.0,0,TC_NAGPUR_01,0,,
30.25191543838233,1,0.8564937108557802,1.0,0,TC_NASHIK_02,0,,
33.07279256408212,1,0.9665034525357378,1.0,0,TC_NASHIK_02,0,,
49.597454731628915,1,0.6261890848474909,1.0,0,TC_NAGPUR_01,0,,
41.245114842169436,1,0.9394492679613007,1.0,0,TC_PUNE_03,0,,
42.63031096461074,1,0.925189534080602,1.0,0,TC_MUMBAI_01,0,,
100.27855548516241,1,0.8705900831547181,1.0,0,TC_MUMBAI_01,0,,
32.535970820983465,1,0.7917146673425148,1.0,0,TC_NASHIK_02,0,,
27.51811218607603,1,0.7821841243848531,1.0,0,TC_MUMBAI_01,0,,
48.33478819889562,1,0.7825624685720759,1.0,0,TC_NAGPUR_01,0,,
42.00094248124436,1,0.7772852083243852,1.0,0,TC_NAGPUR_01,0,,
50.07468983574642,1,0.9477607151657318,1.0,0,TC_NASHIK_02,0,,
59.58982784115324,1,0.8938652881426048,1.0,0,TC_MUMBAI_01,0,,
45.0713019624552,1,0.9492406215712222,1.0,0,TC_PUNE_03,0,,
68.17518087089564,1,0.9730103422237759,1.0,0,TC_MUMBAI_01,0,,
25.915330063105657,1,0.776437660754371,1.0,0,TC_PUNE_03,0,,
43.7902293544406,1,0.9826063970460915,1.0,0,TC_NAGPUR_01,0,,
46.04467472831141,1,0.8701307811829263,1.0,0,TC_MUMBAI_01,0,,
54.687233357352824,1,0.9304596989339528,1.0,0,TC_NASHIK_02,0,,
26.955958913818513,1,0.8594851219470462,1.0,1,TC_NAGPUR_01,0,,
52.55965494275543,2,0.7588499480426846,1.0,0,TC_MUMBAI_01,0,,
60.22579071000759,1,0.9342075389103031,1.0,0,TC_MUMBAI_01,0,,
30.84432778159601,1,0.9753418186878375,1.0,0,TC_MUMBAI_01,0,,
0.8397663029897682,7,,,1,TC_RURAL_MALPRACTICE_09,1,0.5309175561616579,1.0
1.16654814545105,19,,,1,TC_NAGPUR_01,1,0.42959896931674135,0.0
23.859095588642322,1,0.8588717997792921,1.0,0,TC_NAGPUR_01,0,,
17.746134535117655,1,0.7510135162723837,1.0,0,TC_NAGPUR_01,0,,
29.930311765837406,1,0.9025221263050567,1.0,0,TC_MUMBAI_01,0,,
28.185407873886486,1,0.8033422925627337,1.0,0,TC_NASHIK_02,0,,
33.857629651595616,1,0.8386906612758748,1.0,0,TC_PUNE_03,0,,
2.090214362836879,10,,,1,TC_RURAL_MALPRACTICE_09,1,0.37513259692912737,0.0
45.0647197913793,1,0.9729616961089022,1.0,0,TC_NASHIK_02,0,,
18.992308285873648,1,0.8442158997520655,1.0,0,TC_PUNE_03,0,,
43.49636458374325,1,0.9407773029887677,1.0,0,TC_NAGPUR_01,0,,
27.899714376199103,1,0.9758794797709105,1.0,0,TC_NASHIK_02,0,,
28.084915100406455,1,0.7232428518972736,1.0,0,TC_PUNE_03,0,,
52.825833431394635,1,0.7409020293628312,1.0,0,TC_NASHIK_02,0,,
49.98963416533818,1,0.6273741522426776,1.0,0,TC_PUNE_03,0,,
32.31111088625586,1,0.7300073205175996,1.0,0,TC_MUMBAI_01,0,,
41.715183633648785,1,0.8377312743000165,1.0,0,TC_NASHIK_02,0,,
0.26675027691908687,10,,,1,TC_RURAL_MALPRACTICE_09,1,0.5653814323582468,1.0
27.17550395365064,1,0.9488034805925485,1.0,0,TC_NAGPUR_01,0,,
25.29309550901459,1,0.7464789398942456,1.0,0,TC_MUMBAI_01,0,,
58.33027987871946,1,0.6867752146998746,1.0,0,TC_NASHIK_02,0,,
26.757177523116404,1,0.8456142076904613,1.0,0,TC_MUMBAI_01,0,,
32.8393535443898,2,0.64958826682978,1.0,0,TC_NAGPUR_01,0,,
24.675315049939442,1,0.9753783353381182,1.0,0,TC_PUNE_03,0,,
48.429986157368624,1,0.8830427752718983,1.0,0,TC_MUMBAI_01,0,,
26.04089357531792,1,0.9821648569524416,1.0,0,TC_NASHIK_02,0,,
91.21497220924606,1,0.7876620734613861,1.0,0,TC_NASHIK_02,0,,
30.81460082508571,1,0.9747090630613601,1.0,0,TC_MUMBAI_01,0,,
37.856345113846196,1,0.800966843395505,1.0,0,TC_NAGPUR_01,0,,
21.88836161927944,1,0.9290549990640125,1.0,0,TC_NASHIK_02,0,,
46.30237379004542,1,0.9080961124116675,1.0,0,TC_NAGPUR_01,0,,
2.0685545600181285,9,,,1,TC_NAGPUR_01,1,0.489292703264419,0.0
34.79063443695503,1,0.9746122809397166,1.0,0,TC_PUNE_03,0,,
41.06480586239453,1,0.962340728039432,1.0,0,TC_PUNE_03,0,,
20.4374927561475,1,0.9123608844123401,1.0,0,TC_PUNE_03,0,,
25.046026063754145,1,0.9510929891074384,1.0,0,TC_NASHIK_02,0,,
36.31889187431216,1,0.9244626428385146,1.0,0,TC_PUNE_03,0,,
21.688939395715213,1,0.8733522723179765,1.0,0,TC_NASHIK_02,0,,
32.59271170000319,1,0.8795094873527546,1.0,0,TC_PUNE_03,0,,
30.460952780916642,1,0.8072581647719228,1.0,0,TC_NASHIK_02,0,,
22.90296034223485,2,0.9295503293510957,1.0,0,TC_PUNE_03,0,,
2.4813734201497324,18,,,1,TC_NAGPUR_01,1,0.2651879226903358,1.0
43.61654566508719,1,0.6653807238697076,1.0,0,TC_MUMBAI_01,0,,
74.52156738614974,1,0.816570612569894,1.0,0,TC_NAGPUR_01,0,,
42.314452779881734,1,0.8481267698392153,1.0,0,TC_NAGPUR_01,0,,
30.991089925246815,1,0.5531969361259403,1.0,0,TC_PUNE_03,0,,
83.01554825636454,1,0.9194303218561325,1.0,0,TC_MUMBAI_01,0,,
35.53299020257013,1,0.7042835089434195,1.0,0,TC_PUNE_03,0,,
79.95374307137624,1,0.9960557149165239,1.0,0,TC_MUMBAI_01,0,,
35.198436451997964,1,0.7397566234527063,1.0,0,TC_NAGPUR_01,0,,
45.9881469923413,1,0.901637309764485,1.0,0,TC_NASHIK_02,0,,
51.5771217054398,1,0.641095875960883,1.0,0,TC_NAGPUR_01,0,,
68.5398041140437,1,0.9001424377697104,1.0,0,TC_MUMBAI_01,0,,
1.8214446123739412,15,,,1,TC_RURAL_MALPRACTICE_09,1,0.4616810456929398,1.0
56.04940675595592,1,0.8134641756584899,1.0,0,TC_MUMBAI_01,0,,
42.48312050046677,1,0.8780087111122247,1.0,0,TC_NASHIK_02,0,,
83.06779655202614,1,0.9332295728987153,1.0,0,TC_NAGPUR_01,0,,
1.5108745595459934,22,,,0,TC_RURAL_MALPRACTICE_09,1,0.539341968141781,0.0
36.00864131214939,1,0.878142057683051,1.0,0,TC_NASHIK_02,0,,
32.60735197201244,1,0.9232448200764537,1.0,0,TC_NASHIK_02,0,,
24.002736183719968,1,0.9186368795351185,1.0,0,TC_NASHIK_02,0,,
23.996989284796307,1,0.840616248315065,1.0,0,TC_NASHIK_02,0,,
56.03979560988005,1,0.8385979592589291,1.0,0,TC_NAGPUR_01,0,,
56.95718948200935,1,0.8870880927352365,1.0,0,TC_NAGPUR_01,0,,
27.382511288857817,1,0.915938293517099,1.0,0,TC_NASHIK_02,0,,
45.49733410789306,1,0.9372018897178811,1.0,0,TC_PUNE_03,0,,
45.38585803088719,1,0.9713176550861108,1.0,0,TC_PUNE_03,0,,
46.79641736281387,1,0.8927876300666099,1.0,0,TC_PUNE_03,0,,
25.557999151628294,1,0.7845147477834281,1.0,0,TC_PUNE_03,0,,
30.540126016383,1,0.8065047866683988,1.0,0,TC_NAGPUR_01,0,,
47.313642933290105,1,0.7572528828432218,1.0,0,TC_MUMBAI_01,0,,
43.853095389334044,1,0.8826663805315776,1.0,0,TC_MUMBAI_01,0,,
39.22353604104386,1,0.8233228557946568,1.0,0,TC_NAGPUR_01,0,,
38.81858648258674,1,0.925593275964533,1.0,0,TC_PUNE_03,0,,
44.46306139414602,1,0.7321040776688117,1.0,0,TC_NAGPUR_01,0,,
39.5034117832484,1,0.7451965146008718,1.0,0,TC_NASHIK_02,0,,
46.94091878138786,1,0.9011301655727563,1.0,1,TC_MUMBAI_01,0,,
51.08183642546013,2,0.6783822670664049,1.0,0,TC_MUMBAI_01,0,,
52.26888791279059,1,0.950188879086576,1.0,0,TC_NASHIK_02,0,,
31.574547234882168,1,0.8124193144110788,1.0,0,TC_MUMBAI_01,0,,
44.18872891429141,1,0.82528151384041,1.0,0,TC_NASHIK_02,0,,
30.961182418522924,1,0.8281290701511836,1.0,0,TC_NAGPUR_01,0,,
40.27665437382744,1,0.9444783096239355,1.0,0,TC_MUMBAI_01,0,,
50.56501834468983,1,0.9641371016414868,1.0,0,TC_NASHIK_02,0,,
60.495579539809945,1,0.9020454482001384,1.0,0,TC_NAGPUR_01,0,,
40.436569711442395,1,0.9063535292234524,1.0,0,TC_MUMBAI_01,0,,
43.789495385040794,1,0.9318153874923055,1.0,0,TC_PUNE_03,0,,
61.648870694861806,1,0.6485000286289283,1.0,0,TC_NAGPUR_01,0,,
41.32996888097513,1,0.7800633747467723,1.0,0,TC_PUNE_03,0,,
53.69379682495181,1,0.8363243718112838,1.0,0,TC_NASHIK_02,0,,
30.526983497236767,1,0.8243258366267798,1.0,1,TC_NAGPUR_01,0,,
30.26022943649214,1,0.9712279420738218,1.0,0,TC_NASHIK_02,0,,
28.341333074291345,2,0.8527109216466408,1.0,0,TC_NAGPUR_01,0,,
28.32820252467724,2,0.8298173422254065,1.0,0,TC_NAGPUR_01,0,,
48.06116054797477,1,0.9299220755343969,1.0,0,TC_NASHIK_02,0,,
35.62205765081783,1,0.9164296326413959,1.0,0,TC_NASHIK_02,0,,
33.59377006969929,1,0.9494934804527982,1.0,0,TC_NAGPUR_01,0,,
39.27641653859362,1,0.8528313978008163,1.0,0,TC_NAGPUR_01,0,,
34.8889148334645,1,0.7398058758662978,1.0,0,TC_PUNE_03,0,,
1.0875264606935586,12,,,0,TC_NAGPUR_01,1,0.36786762346317947,0.0
56.8702081834841,1,0.7806450002890125,1.0,0,TC_PUNE_03,0,,
29.789095708426515,1,0.6229974707209982,1.0,0,TC_NAGPUR_01,0,,
52.01504547045949,1,0.8936802847821501,1.0,0,TC_NAGPUR_01,0,,
53.452295251334405,1,0.8771831271630595,1.0,0,TC_NAGPUR_01,0,,
68.52580607525508,1,0.7999414165623913,1.0,0,TC_MUMBAI_01,0,,
38.56929582784923,1,0.8659487588359571,1.0,0,TC_NASHIK_02,0,,
22.937971448973023,1,0.8811315755298463,1.0,0,TC_MUMBAI_01,0,,
28.782830475402825,1,0.9565548123896989,1.0,1,TC_NAGPUR_01,0,,
51.98398644196019,2,0.8789479805883221,1.0,0,TC_MUMBAI_01,0,,
63.54824368953121,1,0.9548797490283909,1.0,0,TC_NASHIK_02,0,,
28.16173566759979,2,0.9715466015988256,1.0,1,TC_MUMBAI_01,0,,
35.232338238067726,1,0.7925148268336965,1.0,0,TC_PUNE_03,0,,
30.506935824001033,1,0.7197349350689948,1.0,0,TC_NAGPUR_01,0,,
46.57891682368448,1,0.8604522538031862,1.0,0,TC_MUMBAI_01,0,,
50.19393701956694,1,0.6128128040707268,1.0,0,TC_PUNE_03,0,,
45.31838382269124,1,0.9268161466574686,1.0,0,TC_NAGPUR_01,0,,
25.84727910375396,1,0.7314345589085722,1.0,0,TC_PUNE_03,0,,
34.86826619518137,1,0.6284883012231922,1.0,0,TC_MUMBAI_01,0,,
58.696428570562844,2,0.5497824604199569,1.0,1,TC_PUNE_03,0,,
63.54515451205612,1,0.8726626514784903,1.0,0,TC_NASHIK_02,0,,
35.2121361332097,1,0.9034043323895863,1.0,0,TC_PUNE_03,0,,
47.661212030598264,1,0.8866899585076985,1.0,0,TC_NAGPUR_01,0,,
38.23207011690458,1,0.9380365200421723,1.0,0,TC_MUMBAI_01,0,,
29.826588395673195,2,0.7899394597597027,1.0,0,TC_MUMBAI_01,0,,
47.47360642063328,1,0.8817578231019246,1.0,0,TC_NAGPUR_01,0,,
35.64500084436732,1,0.9222024322468781,1.0,0,TC_NASHIK_02,0,,
37.600745422199815,2,0.8461825060379016,1.0,0,TC_NAGPUR_01,0,,
31.140577388161603,1,0.9784209412238899,1.0,0,TC_NAGPUR_01,0,,
37.164663236602394,1,0.9512159690238591,1.0,0,TC_MUMBAI_01,0,,
80.9462623416574,1,0.9485272624875551,1.0,0,TC_NASHIK_02,0,,
43.307899126070346,1,0.8663585211292459,1.0,0,TC_MUMBAI_01,0,,
41.63585986236235,1,0.8705765730935411,1.0,0,TC_PUNE_03,0,,
44.13378012908022,1,0.79265567613289,1.0,0,TC_NAGPUR_01,0,,
32.244057848953375,1,0.8381268827286,1.0,0,TC_NASHIK_02,0,,
27.04077785126841,1,0.8774769165463316,1.0,0,TC_NASHIK_02,0,,
60.2059495268955,1,0.8225875629961338,1.0,0,TC_PUNE_03,0,,
24.17620788242338,1,0.9255454383709809,1.0,0,TC_PUNE_03,0,,
29.24132500213218,1,0.8459214981646871,1.0,0,TC_PUNE_03,0,,
35.81963883935698,1,0.872582307613553,1.0,0,TC_NASHIK_02,0,,
32.993963820126545,1,0.6129532028447108,1.0,0,TC_NAGPUR_01,0,,
22.58469304708898,1,0.8695388806967044,1.0,0,TC_NAGPUR_01,0,,
59.9687289874747,1,0.8675780457509908,1.0,0,TC_MUMBAI_01,0,,
38.72453292422456,1,0.8305708852945963,1.0,0,TC_MUMBAI_01,0,,
2.185328999123365,21,,,1,TC_RURAL_MALPRACTICE_09,1,0.30632145622020557,0.0
49.35855766445631,1,0.8588489798283745,1.0,0,TC_MUMBAI_01,0,,
35.86570432206392,1,0.809837250656606,1.0,0,TC_NASHIK_02,0,,
63.79371489724727,1,0.9837885632357835,1.0,0,TC_PUNE_03,0,,
63.82528666728382,1,0.9768561462132233,1.0,0,TC_MUMBAI_01,0,,
42.24147921922537,1,0.740364729680431,1.0,0,TC_PUNE_03,0,,
31.6355532099264,1,0.7109690255389844,1.0,0,TC_MUMBAI_01,0,,
61.108023679611286,1,0.9630929028334341,1.0,0,TC_NASHIK_02,0,,
34.85591989666205,1,0.6867346141290221,1.0,0,TC_MUMBAI_01,0,,
42.846707448475705,1,0.6702428307340068,1.0,0,TC_MUMBAI_01,0,,
18.62398164937758,1,0.9980767216974586,1.0,0,TC_PUNE_03,0,,
87.15271540516868,1,0.7953128662489447,1.0,0,TC_MUMBAI_01,0,,
24.693988849182762,2,0.9103708646523535,1.0,0,TC_NASHIK_02,0,,
44.073578739976334,1,0.8885604666187529,1.0,0,TC_MUMBAI_01,0,,
23.053561534248626,1,0.9601091392903175,1.0,0,TC_NAGPUR_01,0,,
72.90329375952479,1,0.8749261934601181,1.0,0,TC_PUNE_03,0,,
38.70113511686796,1,0.8970173469117898,1.0,0,TC_NASHIK_02,0,,
1.0956345206195923,18,,,0,TC_NAGPUR_01,1,0.33007293593204057,0.0
39.27596389014056,1,0.9147663701585416,1.0,0,TC_NAGPUR_01,0,,
45.04001356174895,1,0.7173975348739251,1.0,0,TC_NASHIK_02,0,,
34.2588304626219,1,0.9222857512301601,1.0,0,TC_NAGPUR_01,0,,
24.240029607028585,1,0.9360984807111109,1.0,0,TC_PUNE_03,0,,
59.66026637364585,1,0.5239170217768364,1.0,0,TC_NAGPUR_01,0,,
36.22437998185244,1,0.9090015427862209,1.0,0,TC_NAGPUR_01,0,,
29.582601634227064,1,0.9183570797069733,1.0,0,TC_NAGPUR_01,0,,
40.86005056451476,2,0.6397479538680226,1.0,0,TC_PUNE_03,0,,
74.39014513926615,1,0.8808461237915174,1.0,0,TC_MUMBAI_01,0,,
61.73775815752402,1,0.7424685273589166,1.0,0,TC_PUNE_03,0,,
32.85693445442007,1,0.626048452268486,1.0,0,TC_NASHIK_02,0,,
14.797599280638625,1,0.5607970521927782,1.0,0,TC_NAGPUR_01,0,,
52.961089190036304,1,0.8418792533659835,1.0,0,TC_NAGPUR_01,0,,
1.4639786359431364,15,,,1,TC_NAGPUR_01,1,0.1717773523430269,0.0
2.449265389330529,10,,,1,TC_RURAL_MALPRACTICE_09,1,0.5544453672682824,0.0
31.689707233611244,1,0.9390242466166555,1.0,0,TC_PUNE_03,0,,
25.266248643439305,1,0.9562585528003417,1.0,0,TC_MUMBAI_01,0,,
44.721649434235715,1,0.873398484837242,1.0,0,TC_PUNE_03,0,,
26.11038615877651,1,0.9688231495481147,1.0,0,TC_PUNE_03,0,,
38.3742052000972,1,0.772771720108117,1.0,0,TC_NASHIK_02,0,,
47.95188222849186,2,0.9012221800086527,1.0,0,TC_NASHIK_02,0,,
26.34113247857719,2,0.9592741236406,1.0,0,TC_NAGPUR_01,0,,
43.68008244976807,1,0.7849810108389353,1.0,0,TC_PUNE_03,0,,
38.5527490233787,1,0.6378204551665325,1.0,0,TC_NASHIK_02,0,,
42.36068457495183,1,0.7947927015191263,1.0,0,TC_MUMBAI_01,0,,
32.10980832903999,2,0.37259026986987914,1.0,0,TC_MUMBAI_01,0,,
0.6074881242380166,17,,,0,TC_RURAL_MALPRACTICE_09,1,0.29996674859614036,0.0
69.21024935548348,1,0.9114997023374504,1.0,0,TC_PUNE_03,0,,
36.92270749773043,1,0.9450944747255096,1.0,0,TC_NASHIK_02,0,,
33.77941077899496,1,0.7945291825455825,1.0,0,TC_NASHIK_02,0,,
33.82639237158608,1,0.8315206952194198,1.0,0,TC_NASHIK_02,0,,
20.316504435355636,1,0.6415345136038302,1.0,0,TC_NASHIK_02,0,,
37.52609817808143,1,0.9492721337799546,1.0,0,TC_NAGPUR_01,0,,
25.057388609090065,1,0.8547740628946517,1.0,0,TC_NAGPUR_01,0,,
35.21587920335604,1,0.9139848177459126,1.0,0,TC_NAGPUR_01,0,,
25.35012232875988,1,0.770114833948458,1.0,0,TC_PUNE_03,0,,
48.44860716277218,1,0.5749530456553893,1.0,0,TC_PUNE_03,0,,
57.91501658042976,1,0.5866158718174018,1.0,0,TC_NASHIK_02,0,,
45.48776697360365,1,0.8564379919969126,1.0,0,TC_PUNE_03,0,,
43.50700441337379,1,0.8086120399157194,1.0,0,TC_MUMBAI_01,0,,
30.730098096518848,1,0.9605472723225732,1.0,0,TC_MUMBAI_01,0,,
27.877968065657964,1,0.805633246949926,1.0,0,TC_NAGPUR_01,0,,
34.467132581321124,1,0.7472492518444915,1.0,0,TC_NAGPUR_01,0,,
62.285110680372874,1,0.7707428039706763,1.0,0,TC_NAGPUR_01,0,,
40.72613404482745,1,0.6866176765113486,1.0,0,TC_PUNE_03,0,,
38.42413993350344,1,0.8786038241969903,1.0,0,TC_MUMBAI_01,0,,
32.8540039619881,1,0.9091382492171354,1.0,0,TC_PUNE_03,0,,
22.686554069007663,2,0.9778466920622509,1.0,0,TC_MUMBAI_01,0,,
30.402297761385277,1,0.9298037244323174,1.0,0,TC_MUMBAI_01,0,,
30.236913363247158,1,0.9742250427155124,1.0,0,TC_PUNE_03,0,,
63.61098554876097,1,0.8095718422927238,1.0,0,TC_MUMBAI_01,0,,
25.974855314809076,1,0.9393413355843607,1.0,0,TC_PUNE_03,0,,
45.1395943364269,1,0.9335128735662879,1.0,0,TC_NAGPUR_01,0,,
19.770099811584803,1,0.9775814636599102,1.0,0,TC_NAGPUR_01,0,,
112.15358304999148,1,0.6058636452367608,1.0,0,TC_PUNE_03,0,,
25.67207287821549,1,0.8214633040394801,1.0,0,TC_PUNE_03,0,,
47.03810441810403,1,0.8618900175679931,1.0,0,TC_NASHIK_02,0,,
39.809865565509476,1,0.9674885742218858,1.0,0,TC_MUMBAI_01,0,,
33.521341454137215,1,0.6949235177810401,1.0,0,TC_MUMBAI_01,0,,
68.62233077740441,1,0.8984720465531955,1.0,0,TC_NAGPUR_01,0,,
34.399409780678745,1,0.7368019316712093,1.0,0,TC_NASHIK_02,0,,
32.559956724410995,1,0.9748591493886192,1.0,0,TC_MUMBAI_01,0,,
0.9080976413968858,14,,,1,TC_NAGPUR_01,1,0.5707715607610881,0.0
32.08154497127295,1,0.9263515637024936,1.0,0,TC_MUMBAI_01,0,,
40.06407976329133,1,0.5406693738039889,1.0,0,TC_NASHIK_02,0,,
29.170439349087776,1,0.9717760097346669,1.0,0,TC_NASHIK_02,0,,
44.52473771969969,1,0.8647310293353356,1.0,0,TC_PUNE_03,0,,
38.30047685204759,1,0.98674316603804,1.0,0,TC_MUMBAI_01,0,,
38.73050277034262,1,0.8759934956374897,1.0,0,TC_NAGPUR_01,0,,
33.135045134150225,1,0.8155638641439963,1.0,0,TC_MUMBAI_01,0,,
31.35158444940737,1,0.930809601832917,1.0,0,TC_NASHIK_02,0,,
54.2797322421304,1,0.8999705542075345,1.0,0,TC_NAGPUR_01,0,,
35.04350230802386,1,0.6410586937805899,1.0,0,TC_NAGPUR_01,0,,
36.4810874812793,1,0.9828713263831343,1.0,0,TC_PUNE_03,0,,
31.537655942435798,1,0.890408274983223,1.0,0,TC_MUMBAI_01,0,,
48.86268678843239,1,0.9501267705218437,1.0,0,TC_NASHIK_02,0,,
32.00266796226731,1,0.9600137482034825,1.0,0,TC_NAGPUR_01,0,,
46.29682843730882,1,0.9763684960643156,1.0,0,TC_MUMBAI_01,0,,
23.73544415168103,2,0.8773995770092111,1.0,0,TC_NASHIK_02,0,,
35.034218426833085,1,0.947071941619619,1.0,0,TC_NAGPUR_01,0,,
29.476217607355785,1,0.8006253108844635,1.0,0,TC_NASHIK_02,0,,
60.27974379076411,1,0.9394084858540523,1.0,0,TC_NAGPUR_01,0,,
50.50581651030995,1,0.945032385273255,1.0,0,TC_PUNE_03,0,,
35.247282945522514,2,0.8379625575431482,1.0,0,TC_PUNE_03,0,,
42.67841650968592,1,0.9481861575106814,1.0,0,TC_NASHIK_02,0,,
50.85145292907159,1,0.9303603031745725,1.0,0,TC_NASHIK_02,0,,
47.599884277006694,1,0.8028747025893173,1.0,1,TC_PUNE_03,0,,
52.72397301111902,1,0.6817238052426089,1.0,0,TC_MUMBAI_01,0,,
19.160292010679644,1,0.8735290332563974,1.0,0,TC_MUMBAI_01,0,,
70.08379369599635,1,0.9211627079853902,1.0,0,TC_NAGPUR_01,0,,
38.03666866751264,1,0.9454950196130452,1.0,0,TC_MUMBAI_01,0,,
29.410974841455495,1,0.8285722872300377,1.0,1,TC_MUMBAI_01,0,,
25.086980405378945,1,0.6700736572791514,1.0,0,TC_NAGPUR_01,0,,
45.61197555674502,1,0.8662859439527428,1.0,0,TC_NASHIK_02,0,,
55.14268103388394,1,0.84103634861583,1.0,0,TC_NAGPUR_01,0,,
49.76236795424056,1,0.6485365430301507,1.0,0,TC_PUNE_03,0,,
29.695157538207486,2,0.8788893119258733,1.0,0,TC_NAGPUR_01,0,,
32.05038716949475,1,0.48014160514583354,1.0,0,TC_NASHIK_02,0,,
32.49147116976111,1,0.7912848293809638,1.0,0,TC_NASHIK_02,0,,
31.32080602100447,1,0.7217972351788123,1.0,0,TC_NASHIK_02,0,,
42.30586214664475,2,0.9666785520333864,1.0,0,TC_PUNE_03,0,,
27.7999323562569,1,0.8534102474248936,1.0,0,TC_PUNE_03,0,,
20.88628385804641,1,0.9588260664680146,1.0,0,TC_NASHIK_02,0,,
24.798380024194035,1,0.699539233245407,1.0,0,TC_MUMBAI_01,0,,
20.06837707832895,1,0.6515389733403044,1.0,0,TC_NAGPUR_01,0,,
31.41615647304408,1,0.9003714705866237,1.0,0,TC_PUNE_03,0,,
19.377766558908803,1,0.6938243498964946,1.0,0,TC_NASHIK_02,0,,
54.20850604181171,2,0.886137216847829,1.0,0,TC_PUNE_03,0,,
32.28481770576709,1,0.8955732260583519,1.0,0,TC_NAGPUR_01,0,,
37.59562048696063,1,0.907865439302232,1.0,0,TC_NASHIK_02,0,,
46.28876834583768,1,0.7146599540490025,1.0,0,TC_PUNE_03,0,,
56.02482557265924,1,0.8971243933764991,1.0,0,TC_MUMBAI_01,0,,
61.342905463984124,1,0.8627491474400175,1.0,0,TC_PUNE_03,0,,
23.9018457283694,1,0.9379698377010781,1.0,0,TC_NAGPUR_01,0,,
34.138519432203644,1,0.8014596385432725,1.0,0,TC_NAGPUR_01,0,,
46.948993810121365,1,0.86701645511927,1.0,0,TC_NASHIK_02,0,,
46.751638828458,1,0.8450916009453185,1.0,0,TC_MUMBAI_01,0,,
53.253711474018615,1,0.40462944805945716,1.0,0,TC_PUNE_03,0,,
34.279532019324066,1,0.8442195202819139,1.0,0,TC_NASHIK_02,0,,
52.231553252172795,1,0.7678436151364265,1.0,1,TC_MUMBAI_01,0,,
34.792529278170385,2,0.8820387579037471,1.0,0,TC_PUNE_03,0,,
44.19771418208128,1,0.6443990977509876,0.0,0,TC_PUNE_03,0,,
44.158111988568265,1,0.929390310486243,1.0,0,TC_NAGPUR_01,0,,
27.29948440038108,1,0.9467827864910541,1.0,0,TC_PUNE_03,0,,
43.98672247227366,1,0.7561032266356215,1.0,0,TC_NAGPUR_01,0,,
19.483689583406623,1,0.8248074669533194,1.0,0,TC_NASHIK_02,0,,
48.524752733096186,1,0.9557913320607266,1.0,0,TC_NASHIK_02,0,,
30.463404109435945,1,0.9758676319400287,1.0,0,TC_NAGPUR_01,0,,
43.56955959995515,1,0.6944448333029556,1.0,0,TC_MUMBAI_01,0,,
23.915311204279778,1,0.6234089093893177,1.0,0,TC_PUNE_03,0,,
31.57252901814862,1,0.8466769304649273,1.0,0,TC_MUMBAI_01,0,,
61.95019537010106,2,0.8427017492330648,1.0,0,TC_MUMBAI_01,0,,
35.32445575203964,1,0.849606862436926,1.0,0,TC_NASHIK_02,0,,
35.29285026104995,1,0.8372151864174624,1.0,0,TC_PUNE_03,0,,
37.82165163140808,1,0.772748084659818,1.0,0,TC_NAGPUR_01,0,,
37.25586527090143,2,0.8332324052491296,1.0,0,TC_MUMBAI_01,0,,
30.624637625383755,1,0.7912530402338402,1.0,0,TC_MUMBAI_01,0,,
38.36608113768421,1,0.8091047617325272,1.0,0,TC_NASHIK_02,0,,
53.938898513194204,1,0.9923732156314122,1.0,0,TC_MUMBAI_01,0,,
51.42832614885265,1,0.9014450501323354,1.0,0,TC_PUNE_03,0,,
21.52506226505562,1,0.960555475941445,1.0,0,TC_MUMBAI_01,0,,
29.375582622013702,1,0.6336074142515005,1.0,0,TC_PUNE_03,0,,
19.270106297698998,1,0.8734740426408847,1.0,0,TC_MUMBAI_01,0,,
29.407979037421434,1,0.8394826318726851,1.0,0,TC_NAGPUR_01,0,,
70.55778213931023,1,0.7890980949249796,1.0,1,TC_NASHIK_02,0,,
49.647233068056174,1,0.4959399369623989,1.0,0,TC_NASHIK_02,0,,
1.6610036665687187,7,,,1,TC_RURAL_MALPRACTICE_09,1,0.42681248653590387,0.0
31.00014550065118,1,0.757707580995251,1.0,0,TC_NAGPUR_01,0,,
48.214095617702604,1,0.7552635365573639,1.0,0,TC_MUMBAI_01,0,,
39.11727442950239,1,0.8900428928005599,1.0,0,TC_NAGPUR_01,0,,
38.89559587768005,1,0.8098622388149876,1.0,0,TC_MUMBAI_01,0,,
67.2827889133325,1,0.8472464610224612,1.0,0,TC_MUMBAI_01,0,,
41.804055118203124,1,0.9301476080083441,1.0,0,TC_NAGPUR_01,0,,
21.86199480069132,1,0.8452750274220302,1.0,0,TC_PUNE_03,0,,
33.867693267322835,1,0.9670443743021325,1.0,0,TC_NASHIK_02,0,,
0.8471415773720772,22,,,1,TC_RURAL_MALPRACTICE_09,1,0.23864506488544188,0.0
55.15935367258636,1,0.8456163824764376,1.0,0,TC_NAGPUR_01,0,,
37.69365434469198,1,0.7640947343594251,1.0,0,TC_PUNE_03,0,,
29.3075770903192,1,0.8127113833385462,1.0,0,TC_PUNE_03,0,,
21.815442179943556,1,0.8660196208414227,1.0,0,TC_PUNE_03,0,,
29.437792155807447,1,0.8873997534941375,1.0,0,TC_PUNE_03,0,,
38.667408174247335,1,0.9866157847327285,1.0,0,TC_NASHIK_02,0,,
52.259870420647246,1,0.9756792077454526,1.0,0,TC_PUNE_03,0,,
78.0085263619182,1,0.8940628479421876,1.0,0,TC_MUMBAI_01,0,,
29.192451784253855,1,0.94682857309972,1.0,0,TC_PUNE_03,0,,
31.03780131668606,1,0.772759598631103,1.0,0,TC_NASHIK_02,0,,
37.9245668421862,1,0.9599413655473645,1.0,0,TC_MUMBAI_01,0,,
52.257664333978106,1,0.7826235850090691,1.0,0,TC_PUNE_03,0,,
39.04720421710998,1,0.8778110447629787,1.0,0,TC_MUMBAI_01,0,,
42.451436508901395,1,0.8758638547136123,1.0,0,TC_MUMBAI_01,0,,
42.00121593392416,1,0.9778614051230128,1.0,0,TC_MUMBAI_01,0,,
83.88370152594287,1,0.6190735224809735,1.0,0,TC_NAGPUR_01,0,,
23.608293086006686,1,0.942782922520632,1.0,0,TC_NAGPUR_01,0,,
32.92989884281422,1,0.9044984107709468,1.0,0,TC_MUMBAI_01,0,,
40.6989092542647,1,0.6080728608049153,1.0,0,TC_PUNE_03,0,,
40.47171917082916,1,0.9226864014206915,1.0,0,TC_MUMBAI_01,0,,
42.657904767025364,2,0.742241972052665,1.0,0,TC_NASHIK_02,0,,
20.417037720153967,1,0.9974733037120325,1.0,0,TC_PUNE_03,0,,
36.59307741218784,1,0.8645224575643555,1.0,0,TC_NAGPUR_01,0,,
41.03744825104279,1,0.8915335733106161,1.0,0,TC_MUMBAI_01,0,,
40.22645864296935,1,0.5864053512765098,1.0,0,TC_NAGPUR_01,0,,
35.24173770786678,1,0.9174378310003352,1.0,0,TC_PUNE_03,0,,
23.03718878120652,1,0.7110551070077992,1.0,0,TC_NAGPUR_01,0,,
69.78540364742642,1,0.8656865087147481,1.0,0,TC_NAGPUR_01,0,,
2.005957262697166,12,,,1,TC_RURAL_MALPRACTICE_09,1,0.3466348942862491,0.0
19.731440724183216,1,0.9829251308362789,1.0,0,TC_MUMBAI_01,0,,
58.391083758958345,1,0.7903298049690876,1.0,0,TC_NAGPUR_01,0,,
30.914604536231582,1,0.9783136209498914,1.0,0,TC_MUMBAI_01,0,,
35.15981402555515,1,0.8171062347803437,1.0,0,TC_NAGPUR_01,0,,
41.184230032338746,1,0.765222825336933,1.0,0,TC_NASHIK_02,0,,
47.49399854749218,1,0.9854910344175724,1.0,0,TC_PUNE_03,0,,
46.281184873427115,1,0.9764584177226685,1.0,0,TC_PUNE_03,0,,
42.96643159775866,1,0.8479501559760684,1.0,0,TC_PUNE_03,0,,
39.02658749632108,1,0.9469381232304631,1.0,0,TC_NAGPUR_01,0,,
24.73901136488079,1,0.8869592867308262,0.0,0,TC_PUNE_03,0,,
43.36170579900161,1,0.9333527589529458,1.0,0,TC_PUNE_03,0,,
140.8596102542271,1,0.7131907173938616,1.0,0,TC_NAGPUR_01,0,,
31.351531911764148,2,0.9792833295218106,1.0,0,TC_NASHIK_02,0,,
50.18533905089638,1,0.9349483212858406,1.0,0,TC_MUMBAI_01,0,,
73.84434458426922,1,0.8354803133030442,1.0,0,TC_NAGPUR_01,0,,
22.476395575709546,1,0.9499268852314573,1.0,0,TC_MUMBAI_01,0,,
83.67314694011782,1,0.7275518077476325,1.0,0,TC_PUNE_03,0,,
33.638367543062074,1,0.7037160185270421,1.0,0,TC_NAGPUR_01,0,,
55.04979859797567,1,0.9264616932464197,1.0,0,TC_NASHIK_02,0,,
31.589330781960175,1,0.5219959620725916,1.0,0,TC_NASHIK_02,0,,
34.609520040244576,1,0.7677613585087454,1.0,0,TC_NASHIK_02,0,,
34.60073460135339,1,0.6010710368854285,1.0,0,TC_NASHIK_02,0,,
46.36391319418753,1,0.9052099044450012,1.0,0,TC_MUMBAI_01,0,,
35.32984523729715,2,0.6539504028970248,1.0,0,TC_MUMBAI_01,0,,
16.226121587655737,1,0.9197807462334301,1.0,0,TC_MUMBAI_01,0,,
79.062414602347,1,0.8881549337905781,1.0,0,TC_NAGPUR_01,0,,
22.86100103242575,1,0.8939512101684192,1.0,0,TC_NAGPUR_01,0,,
28.129254651513882,2,0.833139828078688,1.0,0,TC_NAGPUR_01,0,,
27.261385810906695,1,0.8256346759480755,1.0,0,TC_PUNE_03,0,,
1.060166479181263,18,,,0,TC_RURAL_MALPRACTICE_09,1,0.42997343698950397,0.0
44.996858293536384,1,0.9060253252537233,1.0,0,TC_MUMBAI_01,0,,
29.606527806398187,1,0.665757867033662,1.0,0,TC_MUMBAI_01,0,,
40.76746808231941,2,0.9442044707838222,1.0,0,TC_MUMBAI_01,0,,
51.299548716080984,1,0.8918157332265997,1.0,0,TC_PUNE_03,0,,
44.953130752926626,1,0.62750730322868,1.0,0,TC_NAGPUR_01,0,,
34.79026435146399,2,0.7510891264502084,1.0,0,TC_MUMBAI_01,0,,
59.10407620877668,1,0.8071212089466441,1.0,0,TC_NASHIK_02,0,,
44.36751900929911,1,0.9398810816512894,1.0,0,TC_NAGPUR_01,0,,
18.377566501550035,1,0.6812639316944792,1.0,0,TC_PUNE_03,0,,
44.4427680814448,1,0.9777111757284442,1.0,0,TC_NASHIK_02,0,,
40.13164751908104,1,0.9828949302655166,1.0,0,TC_NASHIK_02,0,,
51.651028237735645,1,0.9430493217842445,1.0,0,TC_NASHIK_02,0,,
23.126707223091724,1,0.8497064479246043,1.0,1,TC_PUNE_03,0,,
42.95726000127293,1,0.6434470835175006,1.0,0,TC_NAGPUR_01,0,,
28.06630014370732,1,0.868259576829952,1.0,0,TC_NAGPUR_01,0,,
33.53948010131366,1,0.9055063012161852,1.0,0,TC_MUMBAI_01,0,,
64.16741803274334,1,0.7838991199261093,1.0,0,TC_MUMBAI_01,0,,
44.6380519666716,1,0.8451971599492049,1.0,0,TC_NASHIK_02,0,,
37.36384335942145,1,0.9437174138058175,1.0,0,TC_NAGPUR_01,0,,
27.22521265068812,1,0.8731351727668051,1.0,0,TC_NASHIK_02,0,,
2.1933592522308403,16,,,1,TC_RURAL_MALPRACTICE_09,1,0.18204205925841058,0.0
34.026357018066506,1,0.9437150009307711,1.0,0,TC_NAGPUR_01,0,,
36.83167679159789,2,0.9372283001035417,1.0,0,TC_NAGPUR_01,0,,
28.029830867355027,1,0.9786884488904339,1.0,0,TC_PUNE_03,0,,
51.32989355133232,1,0.9585949628481182,1.0,0,TC_PUNE_03,0,,
38.14164795742824,1,0.7033916497674688,1.0,0,TC_MUMBAI_01,0,,
47.02212894003388,1,0.9690470327168111,1.0,0,TC_PUNE_03,0,,
22.865641408618323,1,0.9248988840474783,1.0,0,TC_NASHIK_02,0,,
37.523107733367695,1,0.9283997355741523,1.0,1,TC_MUMBAI_01,0,,
28.71108924512712,1,0.9624544896390801,1.0,0,TC_MUMBAI_01,0,,
31.61572537707182,1,0.7047859545754729,1.0,0,TC_PUNE_03,0,,
51.913179925345375,1,0.9767293790901362,1.0,0,TC_NAGPUR_01,0,,
37.03292464168715,1,0.8577932315124185,1.0,0,TC_MUMBAI_01,0,,
34.36067227528299,1,0.9098316101906772,1.0,0,TC_NAGPUR_01,0,,
26.577325129395966,1,0.7042941033456046,1.0,0,TC_MUMBAI_01,0,,
18.70666554846091,1,0.9188807765216589,1.0,0,TC_PUNE_03,0,,
32.73498503879209,1,0.7675077507239421,1.0,0,TC_MUMBAI_01,0,,
68.11056898377194,1,0.8013780562556727,1.0,0,TC_PUNE_03,0,,
24.89693660754765,1,0.9594908434575418,1.0,0,TC_NASHIK_02,0,,
75.84371646210914,1,0.8553983093326529,1.0,1,TC_PUNE_03,0,,
33.97313749998739,1,0.9392290970851831,1.0,0,TC_NASHIK_02,0,,
77.32479041211667,1,0.6352974381140178,1.0,0,TC_NASHIK_02,0,,
1.9427629349713114,24,,,0,TC_RURAL_MALPRACTICE_09,1,0.18909726347143688,0.0
1.8998438045143105,20,,,1,TC_RURAL_MALPRACTICE_09,1,0.25228283817722874,0.0
40.77866552710194,1,0.7741095013663455,1.0,0,TC_NAGPUR_01,0,,
31.695517437120508,1,0.776851628386336,1.0,0,TC_NAGPUR_01,0,,
1.0503686232936809,23,,,1,TC_RURAL_MALPRACTICE_09,1,0.5475229826100289,0.0
34.080488371621065,1,0.899251077650987,1.0,0,TC_NAGPUR_01,0,,
52.369082633984,1,0.8919060593392746,1.0,0,TC_NASHIK_02,0,,
20.026470914878615,1,0.9375245592832987,1.0,0,TC_NAGPUR_01,0,,
66.17831769518718,1,0.8951146203148068,1.0,0,TC_NASHIK_02,0,,
21.374003035468338,1,0.55547411389104,1.0,0,TC_NAGPUR_01,0,,
35.681231387363475,1,0.6531784096055704,1.0,0,TC_MUMBAI_01,0,,
65.29438932565867,1,0.9370502208866278,1.0,0,TC_NAGPUR_01,0,,
26.6508039723654,1,0.6386780100593596,1.0,0,TC_PUNE_03,0,,
40.37142661678505,1,0.88241601419788,1.0,0,TC_PUNE_03,0,,
41.11373441110981,1,0.7893198413529858,1.0,0,TC_MUMBAI_01,0,,
24.428647616078937,1,0.863068056961989,1.0,0,TC_NASHIK_02,0,,
28.573227294769598,2,0.9212841151995803,1.0,0,TC_PUNE_03,0,,
42.26714011269144,2,0.9234053823647883,1.0,0,TC_MUMBAI_01,0,,
29.256342021207097,1,0.7610718928370814,1.0,0,TC_MUMBAI_01,0,,
34.08936751491254,1,0.7869044768474791,1.0,0,TC_MUMBAI_01,0,,
41.653021413653754,1,0.6280206216458504,1.0,0,TC_NASHIK_02,0,,
35.07619304860266,1,0.9062157152004108,1.0,0,TC_PUNE_03,0,,
82.05492919053236,1,0.9097586872811918,1.0,0,TC_PUNE_03,0,,
32.481816154607344,1,0.7657738926195505,1.0,0,TC_MUMBAI_01,0,,
49.378682385761294,1,0.9636316463077595,1.0,0,TC_NAGPUR_01,0,,
35.68356102548919,1,0.9002466289523917,1.0,0,TC_NASHIK_02,0,,
24.143999970291503,1,0.7046881585312305,1.0,0,TC_MUMBAI_01,0,,
42.85149839815724,1,0.7304472293684043,1.0,0,TC_MUMBAI_01,0,,
37.02845774339444,1,0.8092057690525836,1.0,0,TC_NAGPUR_01,0,,
53.245785421626415,1,0.9857585873674505,1.0,0,TC_NASHIK_02,0,,
28.882943607483345,1,0.6107005268653084,1.0,0,TC_PUNE_03,0,,
25.11980168384474,1,0.8691741090837746,1.0,0,TC_PUNE_03,0,,
1.1967698219020657,7,,,1,TC_RURAL_MALPRACTICE_09,1,0.20764135751428975,0.0
23.33048464860911,1,0.9050135877856155,1.0,0,TC_MUMBAI_01,0,,
31.443576903905637,1,0.8447884203707748,1.0,0,TC_PUNE_03,0,,
23.543918879879506,2,0.8607065358684931,1.0,0,TC_NAGPUR_01,0,,
0.4674544337815683,16,,,1,TC_RURAL_MALPRACTICE_09,1,0.3224188791028885,0.0
59.942277622200514,1,0.5715806523256646,1.0,0,TC_NAGPUR_01,0,,
54.344373271037206,1,0.9143540547588873,1.0,0,TC_NAGPUR_01,0,,
19.750552563483325,1,0.8975745116198474,1.0,0,TC_NAGPUR_01,0,,
29.881578968062456,1,0.9462650833036256,1.0,0,TC_NASHIK_02,0,,
35.374875165057055,1,0.6817332156548906,1.0,0,TC_PUNE_03,0,,
49.08280318951351,1,0.857881681220273,1.0,0,TC_PUNE_03,0,,
34.004734647429174,2,0.5920464677825124,1.0,0,TC_NAGPUR_01,0,,
40.83504348638499,1,0.6837243084455694,1.0,0,TC_NASHIK_02,0,,
34.858858856874114,2,0.8705064729194577,1.0,0,TC_PUNE_03,0,,
44.66166301114467,1,0.9230087362830504,1.0,0,TC_PUNE_03,0,,
85.23921943751924,1,0.9471458890645299,1.0,0,TC_MUMBAI_01,0,,
41.74904366624925,1,0.9815189949218384,1.0,0,TC_MUMBAI_01,0,,
46.868996282241035,1,0.9331747560542272,1.0,0,TC_NASHIK_02,0,,
41.52462272816412,2,0.8468742470179715,1.0,0,TC_NASHIK_02,0,,
48.58803355077886,1,0.6236328589179729,1.0,0,TC_PUNE_03,0,,
47.213506846599444,2,0.6658870314606331,1.0,0,TC_MUMBAI_01,0,,
43.05500762718608,1,0.6672317833885005,1.0,0,TC_NASHIK_02,0,,
73.5948571441056,2,0.7170603236579046,1.0,0,TC_NAGPUR_01,0,,
32.63484488559881,1,0.8039784494219835,1.0,0,TC_MUMBAI_01,0,,
67.00859297490453,1,0.8535424606857008,1.0,0,TC_PUNE_03,0,,
29.089526785430415,1,0.9229336557116792,1.0,0,TC_MUMBAI_01,0,,
40.58870866007632,1,0.590212224227779,1.0,0,TC_PUNE_03,0,,
0.7452864035315407,20,,,1,TC_RURAL_MALPRACTICE_09,1,0.2314695766688014,0.0
43.538635110962254,2,0.7518560078570067,1.0,0,TC_MUMBAI_01,0,,
42.66303549005984,1,0.7036447005094713,1.0,1,TC_MUMBAI_01,0,,
24.785668975821498,1,0.7985812119957838,1.0,0,TC_NASHIK_02,0,,
31.32542486860209,1,0.9902295788028501,1.0,0,TC_NASHIK_02,0,,
31.424747081741515,2,0.9274927486131366,1.0,0,TC_MUMBAI_01,0,,
40.32812576886731,1,0.6725090137079198,1.0,0,TC_NASHIK_02,0,,
31.75613624022675,1,0.989578492572225,1.0,0,TC_MUMBAI_01,0,,
31.917385856643616,1,0.8112312816289365,1.0,0,TC_PUNE_03,0,,
44.19834961475809,1,0.9925203138752732,1.0,1,TC_MUMBAI_01,0,,
34.060668412214646,1,0.6998182915080909,1.0,0,TC_NAGPUR_01,0,,
32.447124638861325,1,0.7486876243743666,1.0,0,TC_NAGPUR_01,0,,
44.33114343539961,1,0.9303721077754027,1.0,0,TC_NASHIK_02,0,,
0.4859090023959838,12,,,1,TC_NAGPUR_01,1,0.4969609730302771,0.0
33.53331576665637,1,0.970057045972212,1.0,0,TC_MUMBAI_01,0,,
77.01671449962593,2,0.8429386958322878,1.0,0,TC_MUMBAI_01,0,,
48.605059570646134,1,0.8522306036298055,1.0,0,TC_PUNE_03,0,,
54.47231198090706,1,0.9622211234340491,1.0,0,TC_NAGPUR_01,0,,
31.9764558817738,1,0.6106495363229223,1.0,0,TC_PUNE_03,0,,
37.053004744776125,1,0.959785407349975,1.0,0,TC_PUNE_03,0,,
57.002714196590354,1,0.7100083182443764,1.0,0,TC_PUNE_03,0,,
42.95822971044366,1,0.8723803542314051,1.0,0,TC_NASHIK_02,0,,
37.221096310098964,1,0.9087538304782955,1.0,0,TC_MUMBAI_01,0,,
28.999029875072388,1,0.9336590164480502,1.0,0,TC_NASHIK_02,0,,
21.72754592186783,1,0.9439422221178247,1.0,0,TC_NASHIK_02,0,,
48.27331019427786,1,0.8569693862831311,1.0,0,TC_MUMBAI_01,0,,
47.51944232782934,1,0.9138728504092104,1.0,0,TC_NASHIK_02,0,,
46.24597507690953,1,0.9190954040525663,1.0,0,TC_NASHIK_02,0,,
64.8993324699513,2,0.9542838119323994,1.0,0,TC_NASHIK_02,0,,
23.311727656824413,1,0.8932762512705995,1.0,0,TC_PUNE_03,0,,
21.429018006512617,1,0.8818267602462766,1.0,0,TC_PUNE_03,0,,
39.82134571623515,1,0.9559322985818289,1.0,0,TC_PUNE_03,0,,
1.4554012625948571,18,,,1,TC_RURAL_MALPRACTICE_09,1,0.35962180275172795,0.0
33.810417522634324,1,0.9077373036463507,1.0,0,TC_NAGPUR_01,0,,
37.9632717630117,1,0.5268032106647099,1.0,0,TC_NASHIK_02,0,,
33.69732251446489,1,0.9936912213148111,0.0,1,TC_NAGPUR_01,0,,
60.77418985213557,1,0.8697075645424064,1.0,0,TC_PUNE_03,0,,
33.69330841163892,1,0.8713957744356255,1.0,0,TC_NAGPUR_01,0,,
37.1804877782426,1,0.8863168386792982,1.0,0,TC_MUMBAI_01,0,,
51.372764268119916,1,0.7688367445369918,1.0,0,TC_PUNE_03,0,,
53.5034069012358,1,0.9932202070272018,1.0,0,TC_NAGPUR_01,0,,
29.312318480743084,1,0.7603042138902075,1.0,0,TC_PUNE_03,0,,
57.23862764407707,1,0.9364235227930314,1.0,0,TC_NAGPUR_01,0,,
36.17107827495907,1,0.7134673211532131,1.0,0,TC_MUMBAI_01,0,,
42.46161562618636,1,0.8074676238068262,1.0,0,TC_NAGPUR_01,0,,
44.474703675647966,1,0.7689539607038741,1.0,0,TC_NASHIK_02,0,,
81.64433809931312,1,0.8828381794518185,1.0,0,TC_NASHIK_02,0,,
53.843845380214,1,0.854174819484289,1.0,0,TC_PUNE_03,0,,
52.06763403014655,1,0.9104520199831418,1.0,0,TC_PUNE_03,0,,
36.724179246729,1,0.7499369762483861,1.0,0,TC_NASHIK_02,0,,
78.21889096573041,1,0.6515281464745447,1.0,0,TC_NASHIK_02,0,,
46.236667607488194,1,0.6427714135262402,1.0,0,TC_MUMBAI_01,0,,
58.4050411330337,1,0.9388988593586831,1.0,1,TC_MUMBAI_01,0,,
35.39884038060528,1,0.9339752360326448,1.0,0,TC_MUMBAI_01,0,,
34.63577651337708,1,0.642519879936095,1.0,0,TC_PUNE_03,0,,
46.886211009888605,1,0.955868167541878,1.0,0,TC_NASHIK_02,0,,
60.86047711324281,1,0.7517316116164537,1.0,0,TC_PUNE_03,0,,
48.49723459417237,1,0.9610343598541745,1.0,0,TC_PUNE_03,0,,
55.197331853598435,1,0.5169248770275614,1.0,0,TC_NASHIK_02,0,,
37.269566033477176,1,0.9565490464718305,1.0,0,TC_MUMBAI_01,0,,
34.04590228546367,1,0.9130455733186322,1.0,0,TC_NAGPUR_01,0,,
1.052993075169129,7,,,1,TC_RURAL_MALPRACTICE_09,1,0.3251180770582517,0.0
48.0339884994842,1,0.8068928915029256,1.0,0,TC_NAGPUR_01,0,,
47.054232188920864,1,0.609164419376951,1.0,0,TC_NAGPUR_01,0,,
32.985745255629496,1,0.8722293089055481,1.0,0,TC_NAGPUR_01,0,,
29.511378486646844,1,0.8768398857030368,1.0,0,TC_NAGPUR_01,0,,
33.795648129605254,2,0.9531004559506487,1.0,0,TC_NASHIK_02,0,,
28.556081103587733,1,0.91856845289614,1.0,0,TC_NAGPUR_01,0,,
49.956047099505234,1,0.8094070552668481,1.0,0,TC_PUNE_03,0,,
25.50869295740109,1,0.858684337987374,1.0,0,TC_NASHIK_02,0,,
66.29381128835426,1,0.9133963405431763,1.0,1,TC_MUMBAI_01,0,,
37.51708337226668,1,0.9535700618148302,1.0,0,TC_NAGPUR_01,0,,
55.70724431491881,1,0.8947292814994999,1.0,0,TC_PUNE_03,0,,
30.91025754692889,1,0.9939281359938213,1.0,0,TC_NAGPUR_01,0,,
56.33783285845302,1,0.4591371217089197,1.0,0,TC_MUMBAI_01,0,,
1.541154643680997,11,,,1,TC_RURAL_MALPRACTICE_09,1,0.39610071101871197,0.0
30.574974847319446,1,0.9039654737425443,1.0,0,TC_MUMBAI_01,0,,
33.13981492785388,1,0.896874571826445,1.0,0,TC_NASHIK_02,0,,
24.72661010784178,1,0.6988619343084791,1.0,0,TC_PUNE_03,0,,
1.7084258380135617,6,,,1,TC_RURAL_MALPRACTICE_09,1,0.44053503676966754,0.0
35.53856494029202,1,0.7969904309191006,1.0,0,TC_NAGPUR_01,0,,
41.170121861671305,1,0.7834323676745081,1.0,0,TC_PUNE_03,0,,
2.097662267295751,10,,,1,TC_NAGPUR_01,1,0.5769027171587634,0.0
19.46090972939929,1,0.9866893118610545,1.0,0,TC_NAGPUR_01,0,,
37.49972957228573,1,0.8994213686639355,1.0,0,TC_MUMBAI_01,0,,
29.88485617703392,1,0.9131117761333907,1.0,0,TC_PUNE_03,0,,
45.813203412341885,1,0.6573292120050926,1.0,0,TC_MUMBAI_01,0,,
57.82602300260963,1,0.9618963533712398,1.0,0,TC_MUMBAI_01,0,,
31.4020633293796,1,0.9789711581747627,1.0,0,TC_MUMBAI_01,0,,
35.61408081177511,1,0.8161387658219754,1.0,0,TC_NAGPUR_01,0,,
54.33472549700757,1,0.86983881273334,1.0,0,TC_PUNE_03,0,,
69.08620853346127,1,0.8500473124210651,1.0,0,TC_NASHIK_02,0,,
30.971793531358678,1,0.8516624096318174,1.0,0,TC_NASHIK_02,0,,
31.520557562475236,1,0.6448205067163634,1.0,0,TC_MUMBAI_01,0,,
59.754507098656156,1,0.9325099804790805,1.0,0,TC_PUNE_03,0,,
31.797794680110766,1,0.7469149164995385,1.0,0,TC_NAGPUR_01,0,,
2.091696284027852,20,,,1,TC_RURAL_MALPRACTICE_09,1,0.16366618278362988,0.0
29.698376708139094,2,0.7350589345531475,1.0,0,TC_NASHIK_02,0,,
40.630349184275055,1,0.948503192275048,1.0,0,TC_NAGPUR_01,0,,
23.918256308777355,1,0.8151978412255243,1.0,0,TC_NAGPUR_01,0,,
77.88900405524728,1,0.995683706750282,1.0,0,TC_MUMBAI_01,0,,
32.36457833997493,1,0.8952117455826898,1.0,0,TC_PUNE_03,0,,
61.58424761542524,1,0.865494092605002,1.0,0,TC_NASHIK_02,0,,
32.12362441078851,1,0.8136394362506009,1.0,0,TC_NASHIK_02,0,,
45.67294542579258,1,0.7708223255355021,1.0,0,TC_NASHIK_02,0,,
2.4995088090253397,16,,,1,TC_RURAL_MALPRACTICE_09,1,0.2575133557395808,0.0
2.0378257396329977,7,,,1,TC_RURAL_MALPRACTICE_09,1,0.24607244345628282,0.0
29.933880395524895,1,0.8507154554002175,1.0,0,TC_PUNE_03,0,,
31.807486119687145,1,0.8433220906517942,1.0,0,TC_PUNE_03,0,,
30.618356429049086,1,0.9154812524497271,1.0,0,TC_NASHIK_02,0,,
0.4750298387831677,6,,,1,TC_RURAL_MALPRACTICE_09,1,0.4678064178855471,0.0
25.83541377571954,1,0.7416410952899131,1.0,0,TC_PUNE_03,0,,
39.149254416882215,1,0.9881648300633603,1.0,0,TC_NAGPUR_01,0,,
27.806635007519798,1,0.6202476412789437,1.0,0,TC_NAGPUR_01,0,,
28.572063296524934,1,0.9840629110253041,1.0,0,TC_NASHIK_02,0,,
0.8303299515656464,19,,,1,TC_NAGPUR_01,1,0.23408584069652877,0.0
55.37755087742931,1,0.6672926613758705,1.0,0,TC_NAGPUR_01,0,,
26.70192945888955,2,0.6110165919872483,1.0,0,TC_NASHIK_02,0,,
1.2384199251923818,21,,,1,TC_RURAL_MALPRACTICE_09,1,0.44127506954021656,0.0
25.427790291258074,1,0.8293976261293843,1.0,0,TC_PUNE_03,0,,
49.424481294941096,1,0.8635719113445194,1.0,0,TC_NASHIK_02,0,,
39.78656610071737,1,0.7773373549600364,1.0,0,TC_MUMBAI_01,0,,
40.65438434564171,1,0.8608845116032554,1.0,0,TC_NAGPUR_01,0,,
34.93333491389395,1,0.8149510290358847,1.0,0,TC_NAGPUR_01,0,,
64.53809404339847,1,0.9318187411793379,1.0,0,TC_NASHIK_02,0,,
42.6369423161291,1,0.8914834659021387,1.0,0,TC_MUMBAI_01,0,,
42.924502438230796,1,0.7482696916758027,1.0,0,TC_PUNE_03,0,,
40.0647465488102,1,0.9347803314098333,1.0,0,TC_NASHIK_02,0,,
33.53857974337693,1,0.9409692752520296,1.0,0,TC_PUNE_03,0,,
27.39139694359378,1,0.9251900289765231,1.0,0,TC_NAGPUR_01,0,,
29.811443511644097,1,0.8324736290392545,1.0,0,TC_NAGPUR_01,0,,
36.67324950649031,1,0.7822810520445941,1.0,0,TC_PUNE_03,0,,
24.563658234615108,1,0.9214211295862073,1.0,0,TC_NAGPUR_01,0,,
32.38572454274335,1,0.7585292884021515,1.0,0,TC_NAGPUR_01,0,,
17.869073447089576,1,0.747436799646041,1.0,0,TC_PUNE_03,0,,
0.8755193785968329,20,,,0,TC_RURAL_MALPRACTICE_09,1,0.2685742728936948,0.0
70.78310565842183,1,0.9842674835657198,1.0,0,TC_PUNE_03,0,,
30.02691070223574,2,0.9699539873552567,1.0,0,TC_PUNE_03,0,,
40.58232084577042,1,0.9437993954125082,1.0,0,TC_MUMBAI_01,0,,
38.64570897651034,2,0.8465871014514934,1.0,0,TC_NASHIK_02,0,,
56.24421536744428,1,0.9740447285188576,1.0,0,TC_MUMBAI_01,0,,
50.27939174506091,1,0.978720557069057,1.0,0,TC_NAGPUR_01,0,,
71.2215540476692,1,0.7581910492347467,1.0,0,TC_NASHIK_02,0,,
34.24894788972735,1,0.474998286910387,1.0,0,TC_PUNE_03,0,,
56.765997262015595,1,0.7921717971326971,1.0,0,TC_NASHIK_02,0,,
56.044953776126874,1,0.7260340410086088,1.0,0,TC_PUNE_03,0,,
32.57968188308618,1,0.8850306841196702,1.0,0,TC_NASHIK_02,0,,
37.03271649388606,1,0.7425748351903397,1.0,0,TC_MUMBAI_01,0,,
23.937663671558553,1,0.90303675542347,1.0,0,TC_PUNE_03,0,,
35.77557489595149,2,0.9256869864045885,1.0,0,TC_NAGPUR_01,0,,
33.22050113825691,1,0.8555707473860856,1.0,0,TC_MUMBAI_01,0,,
45.9906379473339,1,0.7317902676428184,1.0,0,TC_MUMBAI_01,0,,
33.504776706860625,1,0.9316826984725114,1.0,0,TC_PUNE_03,0,,
42.03959407160246,1,0.9791080282526075,1.0,0,TC_MUMBAI_01,0,,
40.66144790730397,1,0.8956653574602749,1.0,0,TC_NASHIK_02,0,,
42.6322249682091,1,0.9811139156149654,1.0,0,TC_PUNE_03,0,,
2.4590044080200313,6,,,0,TC_RURAL_MALPRACTICE_09,1,0.5477053044924293,0.0
73.96220620735578,1,0.8698319194030674,1.0,0,TC_PUNE_03,0,,
46.44502205425829,1,0.8018361557709613,1.0,0,TC_PUNE_03,0,,
42.29968274983057,1,0.9700203163943244,1.0,0,TC_PUNE_03,0,,
44.54850017556203,1,0.6947130953115731,1.0,0,TC_NAGPUR_01,0,,
39.35339996331563,1,0.9128227654415093,1.0,0,TC_PUNE_03,0,,
37.474044081712975,1,0.9620890717986172,1.0,0,TC_NASHIK_02,0,,
72.93452197668056,1,0.7645418536469756,1.0,0,TC_MUMBAI_01,0,,
25.706507321694783,1,0.8789097550204892,1.0,0,TC_MUMBAI_01,0,,
41.15159013882763,1,0.7758303883128631,1.0,0,TC_NASHIK_02,0,,
44.83812455958486,1,0.9731367610039914,1.0,0,TC_MUMBAI_01,0,,
69.51532140136979,1,0.9482924936798066,1.0,0,TC_NAGPUR_01,0,,
29.47028934555433,1,0.8681149360207262,1.0,0,TC_PUNE_03,0,,
47.17409333623981,1,0.8140750854859743,1.0,0,TC_MUMBAI_01,0,,
35.13585027470651,1,0.6351929694692425,1.0,0,TC_NASHIK_02,0,,
46.01146387992219,1,0.7732881992543315,1.0,0,TC_MUMBAI_01,0,,
50.01401526716507,1,0.610948988201786,1.0,0,TC_MUMBAI_01,0,,
19.373826328707988,1,0.8678303066579394,1.0,0,TC_PUNE_03,0,,
48.54436010700187,1,0.8998092397570779,1.0,0,TC_NAGPUR_01,0,,
28.29612148944436,1,0.9058390860295595,1.0,0,TC_NASHIK_02,0,,
46.63007974145772,1,0.6303340501300178,1.0,0,TC_PUNE_03,0,,
34.742819479861225,1,0.9716184367464564,1.0,0,TC_NAGPUR_01,0,,
26.43664036338297,1,0.6330032597757973,1.0,0,TC_MUMBAI_01,0,,
40.839113106098736,1,0.6263095880064171,1.0,0,TC_MUMBAI_01,0,,
46.94242037398883,1,0.8588730993710674,1.0,0,TC_PUNE_03,0,,
57.68499630677725,1,0.7442633031646921,1.0,0,TC_NASHIK_02,0,,
49.77798139689978,1,0.5243335601338686,1.0,0,TC_NAGPUR_01,0,,
33.2508027619692,1,0.9587249672084347,1.0,0,TC_PUNE_03,0,,
70.65485321957094,1,0.6864513365688304,1.0,0,TC_NAGPUR_01,0,,
42.652487663933876,1,0.9865699062644686,1.0,0,TC_MUMBAI_01,0,,
69.1642952604571,1,0.9473101695391005,1.0,0,TC_NAGPUR_01,0,,
14.13025347969805,1,0.758958256026108,1.0,0,TC_NAGPUR_01,0,,
44.25959893946827,1,0.9651441683865524,1.0,0,TC_MUMBAI_01,0,,
24.411433662637172,1,0.8541933899875753,1.0,0,TC_NASHIK_02,0,,
2.1641148405884327,9,,,1,TC_RURAL_MALPRACTICE_09,1,0.18865946949500623,0.0
54.423125244982806,1,0.9168855270929633,1.0,0,TC_MUMBAI_01,0,,
31.496980384811355,1,0.8800717997197579,1.0,0,TC_NAGPUR_01,0,,
37.62605183890376,1,0.8725188671490378,1.0,0,TC_PUNE_03,0,,
41.0244732348819,1,0.7744054891941068,1.0,0,TC_NAGPUR_01,0,,
82.8072560322121,2,0.9204945276865636,1.0,0,TC_MUMBAI_01,0,,
30.93333324713179,1,0.8142066943430102,1.0,0,TC_NASHIK_02,0,,
26.967578510533,1,0.7651256006996905,1.0,0,TC_NAGPUR_01,0,,
52.40968244133708,1,0.8851174327529532,1.0,0,TC_NAGPUR_01,0,,
41.13838493419768,1,0.85980417798911,1.0,0,TC_PUNE_03,0,,
71.39089114487373,2,0.717496068286924,1.0,0,TC_PUNE_03,0,,
50.75143325973512,1,0.8255374922145928,1.0,0,TC_PUNE_03,0,,
48.023490728576405,2,0.8856406691110192,1.0,0,TC_PUNE_03,0,,
30.618974592299477,1,0.8965307323688688,1.0,0,TC_NAGPUR_01,0,,
32.037444264207934,1,0.6639841412626005,1.0,0,TC_PUNE_03,0,,
39.65208014180998,1,0.7764880799361303,1.0,0,TC_MUMBAI_01,0,,
53.017849454198654,1,0.7630090652350204,1.0,0,TC_NASHIK_02,0,,
31.196581644551703,1,0.9296251047630055,1.0,0,TC_NASHIK_02,0,,
55.53620269604576,1,0.9498703360592998,1.0,0,TC_MUMBAI_01,0,,
23.897928003860276,1,0.8585514296865958,1.0,0,TC_PUNE_03,0,,
72.53996950914157,1,0.8639925056108705,1.0,0,TC_NASHIK_02,0,,
41.760434189057285,2,0.9855710887116119,1.0,0,TC_PUNE_03,0,,
46.07394516496015,1,0.9169207378125381,1.0,0,TC_NAGPUR_01,0,,
31.76030583844825,2,0.912553901947852,1.0,0,TC_NAGPUR_01,0,,
59.37114566511026,2,0.8155761102304958,1.0,0,TC_NASHIK_02,0,,
50.292864067623796,1,0.9833830384380844,1.0,0,TC_NAGPUR_01,0,,
34.85715415685378,1,0.9266734842029117,1.0,0,TC_PUNE_03,0,,
37.439954562716444,1,0.8121753684156672,1.0,0,TC_NASHIK_02,0,,
47.62004462961773,1,0.9339802286739064,1.0,0,TC_PUNE_03,0,,
50.567288508773494,1,0.866018075278764,1.0,0,TC_MUMBAI_01,0,,
43.18722805062012,1,0.7875147514731762,1.0,0,TC_MUMBAI_01,0,,
24.23190067744278,1,0.9571859644507463,1.0,0,TC_PUNE_03,0,,
42.919857791994595,2,0.9124610493629132,1.0,0,TC_MUMBAI_01,0,,
42.73914579875285,1,0.9621215227200943,1.0,0,TC_PUNE_03,0,,
42.741902504944775,1,0.8722449932536002,1.0,0,TC_PUNE_03,0,,
29.98894356975362,1,0.8976158158472737,1.0,0,TC_NASHIK_02,0,,
0.6069197778955704,23,,,1,TC_RURAL_MALPRACTICE_09,1,0.18498827441718554,0.0
46.31237498145377,1,0.9587152953610342,1.0,0,TC_PUNE_03,0,,
36.90125199267827,1,0.8352368494258534,1.0,0,TC_MUMBAI_01,0,,
38.666894054182706,2,0.8806307282546729,1.0,0,TC_PUNE_03,0,,
69.64471549361717,1,0.9188605820726425,1.0,0,TC_MUMBAI_01,0,,
111.79467193038236,1,0.5128043436906551,1.0,0,TC_NAGPUR_01,0,,
66.32144336250741,1,0.9038022868764659,1.0,0,TC_PUNE_03,0,,
34.66778804834547,1,0.8759478690398248,1.0,0,TC_NASHIK_02,0,,
55.47896025826676,1,0.6645583199596988,1.0,0,TC_MUMBAI_01,0,,
38.44171489689868,1,0.8819585765304254,1.0,0,TC_NASHIK_02,0,,
56.12709185349747,1,0.9502823623551216,1.0,0,TC_MUMBAI_01,0,,
48.70966712344748,1,0.6761437112453694,1.0,0,TC_NASHIK_02,0,,
28.480131476363304,1,0.9613732431185711,1.0,0,TC_NASHIK_02,0,,
54.988000800598094,1,0.9398972771053706,1.0,0,TC_PUNE_03,0,,
44.5636007717808,1,0.9425746258644286,1.0,0,TC_MUMBAI_01,0,,
24.277370319490913,1,0.7869668596305702,1.0,0,TC_MUMBAI_01,0,,
54.355678778960545,2,0.9761536543330899,1.0,0,TC_PUNE_03,0,,
62.1803658454627,1,0.8497671095395032,1.0,0,TC_MUMBAI_01,0,,
33.471228327666374,1,0.9267838808761124,1.0,0,TC_MUMBAI_01,0,,
36.0703847650811,1,0.684990111042255,1.0,0,TC_MUMBAI_01,0,,
38.157173578491765,1,0.9150605051775648,1.0,0,TC_NASHIK_02,0,,
30.898485355778288,1,0.8072822089270537,1.0,0,TC_MUMBAI_01,0,,
39.131835770648074,1,0.9677985554048338,1.0,0,TC_MUMBAI_01,0,,
42.057715274382524,1,0.9760557602918503,1.0,0,TC_PUNE_03,0,,
29.315719759514828,1,0.8485289071029226,1.0,0,TC_MUMBAI_01,0,,
33.617514004616694,1,0.7018531293941298,1.0,0,TC_NAGPUR_01,0,,
42.553922608019995,1,0.6530737040368241,1.0,0,TC_MUMBAI_01,0,,
31.52151548921145,1,0.7034434936949272,1.0,0,TC_MUMBAI_01,0,,
29.24940864691685,2,0.8812801738761719,1.0,0,TC_PUNE_03,0,,
37.679540550491375,1,0.9346487922296387,1.0,0,TC_NASHIK_02,0,,
63.01139386365733,1,0.7728505176522873,1.0,0,TC_MUMBAI_01,0,,
30.512395818051772,1,0.8801877766057297,1.0,0,TC_MUMBAI_01,0,,
45.13478591066393,2,0.9415380806008806,1.0,0,TC_NAGPUR_01,0,,
37.46668595702314,1,0.7527156521893101,1.0,0,TC_PUNE_03,0,,
33.047088630409924,1,0.8415636708241021,1.0,0,TC_NAGPUR_01,0,,
24.085564287284132,1,0.9146170961840916,1.0,1,TC_PUNE_03,0,,
63.25839616126471,1,0.8408933439860944,1.0,0,TC_PUNE_03,0,,
51.14506109856578,1,0.9305985082635071,1.0,0,TC_MUMBAI_01,0,,
55.564377684230465,1,0.7357555908108836,1.0,0,TC_NAGPUR_01,0,,
42.7076614088353,1,0.9321939450017395,1.0,0,TC_NASHIK_02,0,,
38.73630709407254,1,0.9045164018105001,1.0,0,TC_NASHIK_02,0,,
66.05774939903526,1,0.8801912033335832,1.0,0,TC_NASHIK_02,0,,
27.635653503542922,1,0.5812847942032884,1.0,0,TC_PUNE_03,0,,
34.77779396261181,1,0.9890812145488503,1.0,0,TC_PUNE_03,0,,
37.86855735899418,1,0.5402019221073541,1.0,0,TC_NAGPUR_01,0,,
57.6379968011183,1,0.6581384444541089,1.0,0,TC_NAGPUR_01,0,,
42.24117529725253,1,0.9132128636086088,1.0,0,TC_NASHIK_02,0,,
34.569376439845726,1,0.8650416179155558,1.0,0,TC_PUNE_03,0,,
26.142802893502278,1,0.970400912250124,1.0,0,TC_NASHIK_02,0,,
43.198227106342,1,0.7184319311948449,1.0,0,TC_PUNE_03,0,,
72.88554636476904,1,0.8574142809776087,1.0,0,TC_NASHIK_02,0,,
50.89218701389836,1,0.8599256910602743,1.0,0,TC_NAGPUR_01,0,,
62.72034697209181,1,0.8912432686162568,1.0,0,TC_PUNE_03,0,,
21.705845000641457,1,0.9696396672750929,1.0,0,TC_MUMBAI_01,0,,
34.0193811801533,1,0.7865715118081805,1.0,0,TC_PUNE_03,0,,
25.663249052090126,1,0.9433129513818602,1.0,1,TC_NAGPUR_01,0,,
29.8493710832429,1,0.5278673538034114,1.0,0,TC_MUMBAI_01,0,,
50.801796226206925,1,0.8786812177849008,1.0,0,TC_NASHIK_02,0,,
46.318092867452485,1,0.7551617353059127,1.0,0,TC_PUNE_03,0,,
56.54010125139349,1,0.8424261224365391,1.0,0,TC_NASHIK_02,0,,
32.64593924025108,1,0.9789561704298204,1.0,0,TC_NAGPUR_01,0,,
0.7739379569891054,19,,,0,TC_NAGPUR_01,1,0.22914413053490917,0.0
51.79139665561649,1,0.8422102725876169,1.0,0,TC_NAGPUR_01,0,,
45.01934516327608,1,0.878463527772046,1.0,0,TC_MUMBAI_01,0,,
22.84472748005027,1,0.821242098661636,1.0,0,TC_MUMBAI_01,0,,
2.0105933043534976,15,,,1,TC_RURAL_MALPRACTICE_09,1,0.5053867147757973,0.0
34.66451139143443,1,0.9557961443929797,1.0,0,TC_PUNE_03,0,,
43.72367425180085,1,0.7451936775939756,1.0,0,TC_NASHIK_02,0,,
48.301715228723666,1,0.9825534528333828,1.0,0,TC_MUMBAI_01,0,,
34.27738538496681,1,0.8610052818059677,1.0,0,TC_PUNE_03,0,,
30.41611503375412,1,0.8748251306762531,1.0,0,TC_PUNE_03,0,,
46.7136682497843,1,0.9105575797053719,1.0,0,TC_PUNE_03,0,,
38.398421243086766,1,0.7931900080494759,1.0,0,TC_NAGPUR_01,0,,
27.441102114739014,2,0.793896262109211,1.0,0,TC_NASHIK_02,0,,
47.9745807923892,1,0.860616185741722,1.0,0,TC_MUMBAI_01,0,,
48.762695860535906,1,0.5996496382952846,1.0,0,TC_NASHIK_02,0,,
51.65547178274346,1,0.957917581699421,1.0,0,TC_NAGPUR_01,0,,
29.451392626673037,1,0.9312922337592416,1.0,0,TC_NASHIK_02,0,,
42.042446711701324,1,0.9079221749402706,1.0,0,TC_NASHIK_02,0,,
1.1809844052669904,11,,,1,TC_RURAL_MALPRACTICE_09,1,0.15073657417416894,0.0
26.56900017565148,1,0.6779260296310782,1.0,0,TC_NAGPUR_01,0,,
33.879746594258705,1,0.9301299429997497,1.0,0,TC_NAGPUR_01,0,,
82.3741327802364,2,0.8193107255256942,1.0,0,TC_NAGPUR_01,0,,
66.57156748148122,1,0.8699824144117952,1.0,0,TC_MUMBAI_01,0,,
37.061264909689925,1,0.916682199675863,1.0,0,TC_PUNE_03,0,,
60.0932974382869,1,0.7379931812049313,1.0,0,TC_NAGPUR_01,0,,
18.189371461390937,1,0.9870585254942335,1.0,0,TC_MUMBAI_01,0,,
37.12451964899064,1,0.8590780381517714,1.0,0,TC_NASHIK_02,0,,
22.271803369910437,2,0.9401468460713877,1.0,0,TC_NAGPUR_01,0,,
23.735436959164417,1,0.9365181847336616,1.0,0,TC_PUNE_03,0,,
36.632468013791154,1,0.9607479312628756,1.0,0,TC_PUNE_03,0,,
22.408803982306356,2,0.832496223566654,1.0,0,TC_NASHIK_02,0,,
0.37029508551511375,15,,,1,TC_NAGPUR_01,1,0.5488647993446254,1.0
53.55421102026569,2,0.9345283755723893,1.0,0,TC_PUNE_03,0,,
30.970790996269,1,0.9634287127827329,1.0,0,TC_PUNE_03,0,,
47.30616777053124,1,0.7980293215776925,1.0,0,TC_MUMBAI_01,0,,
28.702372275867816,1,0.5681680605899316,1.0,0,TC_MUMBAI_01,0,,
25.957771182203007,1,0.8477273767542256,1.0,0,TC_PUNE_03,0,,
44.23881276716846,1,0.8104528541784183,1.0,0,TC_PUNE_03,0,,
27.74319187736484,1,0.9203091518147597,1.0,0,TC_NASHIK_02,0,,
55.3698640345626,1,0.8204739333443501,1.0,0,TC_PUNE_03,0,,
34.97565595801175,1,0.7938118378018882,1.0,0,TC_MUMBAI_01,0,,
36.604314108072906,1,0.9312573139122622,1.0,0,TC_NAGPUR_01,0,,
40.867951014076866,1,0.9531842270011028,1.0,0,TC_MUMBAI_01,0,,
42.72483106703428,1,0.8104861445365817,1.0,0,TC_NAGPUR_01,0,,
26.038025573215105,1,0.854059039034388,1.0,0,TC_PUNE_03,0,,
30.674814091197334,1,0.8500169385924521,1.0,0,TC_MUMBAI_01,0,,
80.38568673793299,1,0.8835057387707188,1.0,0,TC_PUNE_03,0,,
30.008188841076997,1,0.8285958496581385,1.0,0,TC_PUNE_03,0,,
57.6642041465861,1,0.771012379833057,1.0,0,TC_MUMBAI_01,0,,
51.81089160521392,1,0.7026785894066448,1.0,0,TC_MUMBAI_01,0,,
22.710384262836993,1,0.983686068073287,0.0,0,TC_PUNE_03,0,,
20.531886882324596,1,0.9733581164698265,1.0,0,TC_PUNE_03,0,,
42.85574364756304,2,0.9052293561083116,1.0,0,TC_NASHIK_02,0,,
52.68157661832422,1,0.9676285242091146,1.0,0,TC_NAGPUR_01,0,,
26.075627080127486,1,0.7694324046353069,1.0,0,TC_NAGPUR_01,0,,
68.14821028028392,1,0.8127486596111902,1.0,0,TC_MUMBAI_01,0,,
2.4796628025193486,11,,,1,TC_RURAL_MALPRACTICE_09,1,0.5347325262713559,0.0
28.628614326181673,1,0.7284462076041867,1.0,0,TC_MUMBAI_01,0,,
22.622939025254524,1,0.7783071459375376,1.0,0,TC_NASHIK_02,0,,
31.910951215687206,1,0.9384055160193365,1.0,0,TC_NASHIK_02,0,,
31.80018838476532,1,0.8650764348282197,1.0,0,TC_PUNE_03,0,,
35.36065631421447,1,0.9283891869400626,1.0,0,TC_PUNE_03,0,,
63.82307219921634,1,0.9436455278166075,1.0,0,TC_NASHIK_02,0,,
34.01143439016141,1,0.8506233830074459,1.0,0,TC_NASHIK_02,0,,
1.7588702121970925,23,,,1,TC_RURAL_MALPRACTICE_09,1,0.314271854643262,0.0
59.02395465740086,1,0.739790670791535,1.0,0,TC_MUMBAI_01,0,,
34.12226184477093,2,0.9759224840919017,1.0,0,TC_MUMBAI_01,0,,
39.82566490491629,1,0.9443829933000677,1.0,0,TC_NAGPUR_01,0,,
64.0642194080284,1,0.9886217526430342,1.0,0,TC_PUNE_03,0,,
41.72684364265695,1,0.8986567008156072,1.0,0,TC_PUNE_03,0,,
30.07125696487081,1,0.6400282821597904,1.0,0,TC_NAGPUR_01,0,,
28.114961131288194,1,0.8791198428802511,1.0,0,TC_NASHIK_02,0,,
28.642050986895384,1,0.8746234732645302,1.0,0,TC_NASHIK_02,0,,
44.514394596013645,1,0.752067967051055,1.0,0,TC_NAGPUR_01,0,,
42.28645850812856,1,0.6782535762006232,1.0,0,TC_MUMBAI_01,0,,
44.48000807911396,1,0.9602624229996604,1.0,0,TC_NAGPUR_01,0,,
26.933410986815797,1,0.9076439991089005,1.0,0,TC_MUMBAI_01,0,,
33.8047166481212,1,0.6592129806462478,1.0,0,TC_NAGPUR_01,0,,
53.87375888892027,1,0.6921949196346909,1.0,0,TC_NASHIK_02,0,,
25.32222327031517,1,0.9045313164267905,1.0,0,TC_PUNE_03,0,,
37.23744560805885,1,0.8913041127218508,1.0,0,TC_PUNE_03,0,,
27.742028836944232,1,0.9368419206556948,1.0,0,TC_MUMBAI_01,0,,
24.618477276633932,1,0.9255092013603013,1.0,0,TC_MUMBAI_01,0,,
48.53935681607352,1,0.943982808103944,1.0,0,TC_NAGPUR_01,0,,
28.254818170970808,1,0.8309255798073584,1.0,0,TC_MUMBAI_01,0,,
38.97795757096608,1,0.8095011470857719,1.0,0,TC_MUMBAI_01,0,,
30.136598023996648,1,0.9263020178068019,1.0,0,TC_NAGPUR_01,0,,
77.48205265929617,1,0.9419644334940115,1.0,0,TC_NASHIK_02,0,,
35.86290651564981,1,0.9033617048833542,1.0,0,TC_NASHIK_02,0,,
54.3244092090913,1,0.8194553545557312,1.0,0,TC_NASHIK_02,0,,
38.20564653524833,1,0.7889103981658396,1.0,0,TC_NAGPUR_01,0,,
25.07659220361974,1,0.8044050463413277,1.0,0,TC_NASHIK_02,0,,
68.6482997986266,1,0.6637456303016476,1.0,0,TC_NAGPUR_01,0,,
54.43470609666515,1,0.9467159162553647,1.0,0,TC_PUNE_03,0,,
32.89030424122207,1,0.9009180749656251,1.0,1,TC_PUNE_03,0,,
37.59119782346051,1,0.9612813571611201,1.0,0,TC_NASHIK_02,0,,
70.3647387246377,1,0.9175369123770918,1.0,0,TC_MUMBAI_01,0,,
22.47830385691053,1,0.8954625022840641,1.0,0,TC_NAGPUR_01,0,,
23.43498186420831,1,0.7439039983000958,1.0,1,TC_MUMBAI_01,0,,
52.21704527174489,1,0.9142824916699535,1.0,0,TC_NAGPUR_01,0,,
39.66188252594709,1,0.6898120523476676,1.0,0,TC_NASHIK_02,0,,
2.0168303698253514,13,,,1,TC_NAGPUR_01,1,0.5520948749784462,0.0
50.85131388256831,2,0.9830487538768417,1.0,0,TC_NAGPUR_01,0,,
52.50860580700191,1,0.7832582638605645,1.0,0,TC_NASHIK_02,0,,
30.253736855934722,1,0.8448199846095333,1.0,0,TC_PUNE_03,0,,
0.3863715520294385,11,,,1,TC_RURAL_MALPRACTICE_09,1,0.23777095552469124,0.0
31.419183614466796,2,0.7061177891997082,1.0,0,TC_MUMBAI_01,0,,
46.391536364445855,1,0.8817320247554483,1.0,0,TC_NAGPUR_01,0,,
27.010839068832738,1,0.7148270695721097,1.0,0,TC_PUNE_03,0,,
42.90588737074169,2,0.9682448347060094,1.0,0,TC_PUNE_03,0,,
20.551238521859496,1,0.8345715477553339,1.0,0,TC_MUMBAI_01,0,,
35.310632257917405,1,0.8061243483626713,1.0,0,TC_NASHIK_02,0,,
38.75505311083522,1,0.8495570446393307,1.0,0,TC_NASHIK_02,0,,
40.519596830376855,1,0.7441658741208492,1.0,0,TC_MUMBAI_01,0,,
49.64063513207316,1,0.8447061289494916,1.0,0,TC_NASHIK_02,0,,
0.6671837593341574,12,,,1,TC_RURAL_MALPRACTICE_09,1,0.21275498939595883,0.0
59.64804630617223,1,0.742130534011675,1.0,0,TC_MUMBAI_01,0,,
31.962667743672455,1,0.9930508606675938,1.0,0,TC_PUNE_03,0,,
25.355836534223357,1,0.9796467591976,1.0,0,TC_PUNE_03,0,,
29.18189507561214,2,0.8654894278913606,1.0,0,TC_NASHIK_02,0,,
55.80062115618003,1,0.9629706491303988,1.0,0,TC_NASHIK_02,0,,
66.13567442088417,1,0.9410099776797299,1.0,0,TC_PUNE_03,0,,
28.014491543678716,1,0.8355574313531097,1.0,0,TC_NAGPUR_01,0,,
39.08647981468751,1,0.9232529433722069,1.0,0,TC_NAGPUR_01,0,,
39.13700911879455,1,0.8905652613471172,1.0,0,TC_MUMBAI_01,0,,
39.02213294761335,1,0.8789127152188657,1.0,0,TC_NAGPUR_01,0,,
17.48431600251405,1,0.7496628778799723,1.0,0,TC_NASHIK_02,0,,
33.75275195613101,1,0.9670299651093377,1.0,0,TC_MUMBAI_01,0,,
29.98467217363411,2,0.7328524398964799,1.0,0,TC_PUNE_03,0,,
42.42930004027081,1,0.9096898679478947,1.0,0,TC_NAGPUR_01,0,,
46.3989619070271,1,0.8517985789521265,1.0,0,TC_MUMBAI_01,0,,
30.339663731385844,1,0.7393887241507444,1.0,0,TC_MUMBAI_01,0,,
56.31173102012901,1,0.5916444785070806,1.0,0,TC_NAGPUR_01,0,,
48.52483075206844,1,0.9577810444995718,1.0,0,TC_NAGPUR_01,0,,
30.10582443178565,1,0.9793235827656415,1.0,0,TC_NAGPUR_01,0,,
48.271605692961,1,0.6426211152661992,1.0,0,TC_PUNE_03,0,,
77.66719561257034,1,0.9534199322705658,1.0,0,TC_NASHIK_02,0,,
31.20727223916286,1,0.8949175893989857,1.0,0,TC_MUMBAI_01,0,,
69.81064531051099,1,0.8218369248789176,1.0,0,TC_PUNE_03,0,,
23.777394137424462,1,0.9312842153710266,1.0,0,TC_NAGPUR_01,0,,
58.33981224827544,1,0.9046616717686131,1.0,0,TC_NAGPUR_01,0,,
67.45252864460724,1,0.9707094055062214,1.0,0,TC_NAGPUR_01,0,,
31.707427143379235,1,0.788373875614111,1.0,0,TC_MUMBAI_01,0,,
35.60707761437378,1,0.6676002352450239,1.0,0,TC_NASHIK_02,0,,
21.880058741516997,1,0.7159148779220995,1.0,0,TC_PUNE_03,0,,
28.92775447838187,1,0.8318494367636272,1.0,0,TC_PUNE_03,0,,
43.348891298386604,1,0.9700627631336615,1.0,0,TC_MUMBAI_01,0,,
43.693192426374296,1,0.6915100112800371,1.0,0,TC_PUNE_03,0,,
32.73477662365879,1,0.7856140827507091,1.0,0,TC_NAGPUR_01,0,,
66.68738257581103,1,0.9196815444951923,1.0,0,TC_NASHIK_02,0,,
49.516957644544625,1,0.9306305486161447,1.0,0,TC_NASHIK_02,0,,
27.387315221059335,1,0.9476367538185118,1.0,0,TC_MUMBAI_01,0,,
38.75057274175619,1,0.36235158467804346,1.0,0,TC_MUMBAI_01,0,,
44.46569116480739,1,0.9113265153675101,1.0,0,TC_MUMBAI_01,0,,
30.37669113227722,1,0.7189539521185228,1.0,0,TC_NASHIK_02,0,,
1.405312536023467,16,,,1,TC_NAGPUR_01,1,0.3482568314308664,0.0
0.8204284935410695,21,,,1,TC_NAGPUR_01,1,0.5083968173546364,0.0
106.17822312281625,1,0.8667350398359318,1.0,0,TC_NAGPUR_01,0,,
32.61007969805206,1,0.818834113170664,1.0,0,TC_PUNE_03,0,,
50.91238032585505,1,0.980778737359762,1.0,0,TC_MUMBAI_01,0,,
65.73727663032267,1,0.9130957283621038,1.0,0,TC_MUMBAI_01,0,,
32.8180226707225,1,0.7072755371852275,1.0,0,TC_NASHIK_02,0,,
1.5387836063875002,24,,,0,TC_RURAL_MALPRACTICE_09,1,0.5657780081635865,0.0
92.41672225755754,2,0.8836859422672455,1.0,0,TC_PUNE_03,0,,
29.862747642928092,1,0.8253061670553171,1.0,0,TC_NASHIK_02,0,,
1.7906002121976512,10,,,0,TC_RURAL_MALPRACTICE_09,1,0.34687874234462795,1.0
40.72073465753182,2,0.9529462871343133,1.0,0,TC_NASHIK_02,0,,
76.47718571902097,1,0.8950871934545691,1.0,0,TC_NAGPUR_01,0,,
1.0955870113351065,16,,,1,TC_NAGPUR_01,1,0.16848666821759178,0.0
49.04445091674703,1,0.9052913909174801,1.0,1,TC_NASHIK_02,0,,
32.32332746996177,1,0.9336387095746745,1.0,0,TC_MUMBAI_01,0,,
55.576721040886866,1,0.6761000227026862,1.0,0,TC_PUNE_03,0,,
0.8346221781305723,24,,,1,TC_RURAL_MALPRACTICE_09,1,0.22121617159970586,1.0
20.415041904211197,1,0.8692587491446603,1.0,0,TC_NAGPUR_01,0,,
68.45833609996498,1,0.7878545616224621,1.0,0,TC_PUNE_03,0,,
42.827751659102944,1,0.8761239331299762,1.0,0,TC_PUNE_03,0,,
35.50067634284362,1,0.7562356103048021,1.0,0,TC_NAGPUR_01,0,,
37.65380582625014,1,0.9377935068706149,1.0,0,TC_NAGPUR_01,0,,
40.94189306734952,1,0.9675068756189491,1.0,0,TC_MUMBAI_01,0,,
30.182468795409005,1,0.896062577792503,1.0,0,TC_NAGPUR_01,0,,
19.159998281743015,1,0.8283491961676416,1.0,0,TC_NAGPUR_01,0,,
44.48024784369527,1,0.7763472288050471,1.0,0,TC_MUMBAI_01,0,,
30.215223164919944,1,0.7630325604824792,1.0,0,TC_NASHIK_02,0,,
46.154944462491244,1,0.9265914829992604,1.0,0,TC_NAGPUR_01,0,,
30.405114103662665,1,0.9315840008434398,1.0,0,TC_NASHIK_02,0,,
31.36718948921175,1,0.9256589617585305,1.0,0,TC_NASHIK_02,0,,
24.042316544420878,1,0.8164542405921419,1.0,0,TC_MUMBAI_01,0,,
0.526842282695362,12,,,1,TC_RURAL_MALPRACTICE_09,1,0.18628734136849,0.0
58.9141025176032,1,0.9245283265353882,1.0,0,TC_NAGPUR_01,0,,
40.55498602823244,1,0.9166454934184818,1.0,0,TC_NAGPUR_01,0,,
50.11866390272239,1,0.904019566359078,1.0,0,TC_PUNE_03,0,,
53.69433863957693,1,0.7329623375974393,1.0,0,TC_NAGPUR_01,0,,
56.96788916691951,1,0.8870608732145879,1.0,0,TC_NASHIK_02,0,,
48.568879712674565,1,0.9032356157885382,1.0,0,TC_NASHIK_02,0,,
44.26583814590739,1,0.8675219918970554,1.0,0,TC_NASHIK_02,0,,
29.307770829746094,1,0.9397852049854059,1.0,0,TC_MUMBAI_01,0,,
31.697516088393222,1,0.7984223208700487,1.0,0,TC_PUNE_03,0,,
38.723556210993436,1,0.8003496302976554,1.0,0,TC_NASHIK_02,0,,
40.63530294659231,1,0.917652392211623,1.0,0,TC_PUNE_03,0,,
1.3049623209468144,13,,,1,TC_RURAL_MALPRACTICE_09,1,0.5137212866197862,0.0
32.80767621945866,1,0.9373556917522732,1.0,0,TC_MUMBAI_01,0,,
49.49135463027626,1,0.9528842031383772,1.0,0,TC_NASHIK_02,0,,
37.10029182431747,1,0.8111814054008967,1.0,1,TC_PUNE_03,0,,
33.686213627049966,1,0.7185861162917181,1.0,0,TC_PUNE_03,0,,
35.13273146776319,1,0.8196044887812718,1.0,0,TC_NAGPUR_01,0,,
40.82365637870655,1,0.8866030269986961,1.0,0,TC_MUMBAI_01,0,,
38.98807923747974,1,0.9306710646340822,1.0,0,TC_NAGPUR_01,0,,
18.50734519764775,1,0.8961718594980231,1.0,0,TC_MUMBAI_01,0,,
41.31548881947184,1,0.9863483404312795,1.0,0,TC_MUMBAI_01,0,,
37.850287582034724,1,0.6084037399227907,1.0,0,TC_MUMBAI_01,0,,
28.786248571516595,1,0.9575590091808391,1.0,0,TC_PUNE_03,0,,
34.249922317022225,1,0.8048010921534009,1.0,0,TC_MUMBAI_01,0,,
90.36752384394275,1,0.8722434664467699,1.0,0,TC_MUMBAI_01,0,,
38.57001934679092,1,0.6586468753674124,1.0,0,TC_MUMBAI_01,0,,
30.591592848440563,1,0.5849988418281132,1.0,0,TC_PUNE_03,0,,
45.528621787379734,1,0.9484302170105259,1.0,0,TC_NASHIK_02,0,,
51.9404041366601,1,0.8807335082520462,1.0,0,TC_PUNE_03,0,,
80.61752389979935,1,0.9759976193651363,1.0,0,TC_MUMBAI_01,0,,
47.96795033444775,1,0.9136411440130217,1.0,0,TC_PUNE_03,0,,
44.14537587191103,1,0.9966911300277768,1.0,0,TC_NASHIK_02,0,,
32.01560196630915,1,0.8878474676165856,1.0,0,TC_NAGPUR_01,0,,
47.64726288267751,1,0.9242200059879437,1.0,1,TC_NAGPUR_01,0,,
39.83364352162972,1,0.7606766816499934,1.0,0,TC_NASHIK_02,0,,
18.791208418288228,1,0.7659625513592281,1.0,0,TC_PUNE_03,0,,
2.3481659628382165,15,,,1,TC_NAGPUR_01,1,0.49543442464544185,0.0
20.20143582339535,1,0.9182268007584462,1.0,0,TC_MUMBAI_01,0,,
35.4636037543697,1,0.821768923022478,1.0,0,TC_PUNE_03,0,,
53.331552770584295,1,0.7940471107961555,1.0,0,TC_PUNE_03,0,,
68.19026634656382,1,0.8997250595757565,1.0,0,TC_NAGPUR_01,0,,
33.20535380725443,1,0.97778056461276,1.0,0,TC_PUNE_03,0,,
59.653665924126415,1,0.9233471029891501,1.0,0,TC_NASHIK_02,0,,
38.98102868875485,1,0.9729684246116826,1.0,0,TC_PUNE_03,0,,
52.47547352913431,1,0.9822655146145637,1.0,0,TC_MUMBAI_01,0,,
24.5273755372664,1,0.934652002014164,1.0,0,TC_PUNE_03,0,,
67.93751349795167,2,0.6721895238684452,1.0,0,TC_NAGPUR_01,0,,
20.173633058706358,1,0.6780320291837185,1.0,0,TC_MUMBAI_01,0,,
49.10336274276689,1,0.6825890165318841,1.0,0,TC_NAGPUR_01,0,,
36.28216747612525,2,0.8767105014032599,1.0,0,TC_MUMBAI_01,0,,
34.182429991445346,1,0.9691058388010372,1.0,0,TC_NAGPUR_01,0,,
56.18813985150527,1,0.7801113534829706,1.0,0,TC_NAGPUR_01,0,,
28.604942357768884,1,0.9742338270569573,1.0,0,TC_PUNE_03,0,,
28.741344762389243,1,0.7141499352490254,1.0,0,TC_NAGPUR_01,0,,
28.3551043939175,1,0.945875093301994,1.0,0,TC_NAGPUR_01,0,,
46.88404493989981,2,0.9253205393883013,0.0,0,TC_NAGPUR_01,0,,
21.98900500579577,1,0.5842401182141076,1.0,0,TC_NAGPUR_01,0,,
37.939684472513974,1,0.9873487330951747,1.0,0,TC_MUMBAI_01,0,,
31.356145734551163,1,0.8431040540305912,1.0,0,TC_NAGPUR_01,0,,
53.62422767454327,1,0.9549349621596436,1.0,0,TC_PUNE_03,0,,
39.35351390805887,1,0.8266635696873808,1.0,0,TC_MUMBAI_01,0,,
24.45053448634071,1,0.934466779811933,1.0,0,TC_MUMBAI_01,0,,
29.08464125249182,1,0.8830935469901956,1.0,0,TC_MUMBAI_01,0,,
63.8238399285596,1,0.6558542523136811,1.0,0,TC_PUNE_03,0,,
51.78805769277989,1,0.7352727318192718,1.0,0,TC_NAGPUR_01,0,,
36.19374901734143,1,0.92055012637989,1.0,0,TC_NASHIK_02,0,,
36.289950583998404,1,0.8975677213540162,1.0,0,TC_PUNE_03,0,,
37.19894588154545,1,0.9129950062585808,1.0,0,TC_MUMBAI_01,0,,
44.846577506406284,1,0.7098068547127198,1.0,0,TC_MUMBAI_01,0,,
26.916020589786086,1,0.9530363547605583,1.0,0,TC_NASHIK_02,0,,
49.00132032784696,2,0.9411005839738418,1.0,0,TC_PUNE_03,0,,
2.083189208168704,16,,,1,TC_NAGPUR_01,1,0.47408112583973605,1.0
40.88356810343953,1,0.8507476387355272,1.0,0,TC_NAGPUR_01,0,,
30.694723535622092,1,0.8482855617938924,1.0,0,TC_NAGPUR_01,0,,
40.466469429872184,1,0.9737082944381128,1.0,0,TC_PUNE_03,0,,
47.8690611240214,1,0.9522564600700454,1.0,0,TC_PUNE_03,0,,
24.529120628878804,1,0.982823563575785,1.0,0,TC_NASHIK_02,0,,
41.45005977385914,1,0.9240402998392695,1.0,0,TC_PUNE_03,0,,
1.8510136251433336,19,,,1,TC_NAGPUR_01,1,0.236704332935684,0.0
41.50549836867756,1,0.9104104549202173,1.0,0,TC_MUMBAI_01,0,,
41.7514215055322,2,0.9540617272395504,1.0,0,TC_PUNE_03,0,,
43.17326029538158,1,0.8476537699998907,1.0,0,TC_NASHIK_02,0,,
29.393709345363135,1,0.8324308297411415,1.0,0,TC_NASHIK_02,0,,
31.73231985895778,1,0.8162570467579153,1.0,0,TC_NAGPUR_01,0,,
48.34851907144651,1,0.9601818786711088,1.0,1,TC_PUNE_03,0,,
38.09275375183341,1,0.8144086677982094,1.0,1,TC_NAGPUR_01,0,,
58.77731272639786,1,0.633662299899248,1.0,0,TC_NAGPUR_01,0,,
34.6967019253642,1,0.8563016273175743,1.0,0,TC_PUNE_03,0,,
33.2467072648674,1,0.786978685076449,1.0,0,TC_NASHIK_02,0,,
30.730106866946752,1,0.9127243925997507,1.0,0,TC_PUNE_03,0,,
34.38463634300232,1,0.6015019009896923,1.0,0,TC_PUNE_03,0,,
0.9895360269839066,24,,,0,TC_RURAL_MALPRACTICE_09,1,0.36346395933550646,0.0
37.06076681234796,1,0.9601162880736038,1.0,0,TC_NASHIK_02,0,,
28.163134728388144,1,0.9031884370152008,1.0,0,TC_MUMBAI_01,0,,
41.76330542422402,2,0.7889513589137587,1.0,0,TC_NASHIK_02,0,,
0.9793119604908842,7,,,1,TC_RURAL_MALPRACTICE_09,1,0.19637961659920677,0.0
24.74884328843405,1,0.9627831822545079,1.0,0,TC_NAGPUR_01,0,,
20.02348555065158,1,0.7031214657429096,1.0,0,TC_MUMBAI_01,0,,
31.053288599931296,1,0.8463503365267152,1.0,0,TC_MUMBAI_01,0,,
43.76622148869341,1,0.8265256096084539,1.0,0,TC_PUNE_03,0,,
36.66046621817027,1,0.9408345298210287,1.0,0,TC_MUMBAI_01,0,,
28.848637138440935,1,0.8692605526083133,1.0,0,TC_MUMBAI_01,0,,
37.23616677570877,1,0.9623475674402204,1.0,0,TC_NAGPUR_01,0,,
36.64167195667094,1,0.8094007485714034,1.0,0,TC_NAGPUR_01,0,,
0.658388960479673,15,,,0,TC_RURAL_MALPRACTICE_09,1,0.5680178499191185,0.0
0.37462911704855395,24,,,1,TC_RURAL_MALPRACTICE_09,1,0.5347813207469272,0.0
53.18405007810069,1,0.761969759004701,1.0,0,TC_MUMBAI_01,0,,
35.742980726027525,1,0.8855102611064583,1.0,0,TC_NASHIK_02,0,,
43.37742221594552,1,0.7318763077977057,1.0,0,TC_NASHIK_02,0,,
1.5862479414717965,15,,,1,TC_RURAL_MALPRACTICE_09,1,0.5500713774654354,1.0
29.446667225292064,1,0.9956358722409525,1.0,0,TC_PUNE_03,0,,
28.96737933291984,1,0.783770707065173,1.0,0,TC_MUMBAI_01,0,,
42.12614040823067,1,0.8555797116184776,1.0,0,TC_PUNE_03,0,,
34.920072283120305,1,0.7190499259418164,1.0,0,TC_NASHIK_02,0,,
126.17517038506935,1,0.7669035301823879,1.0,0,TC_NASHIK_02,0,,
30.335972771675515,1,0.792821260717694,1.0,0,TC_PUNE_03,0,,
35.01133083183315,1,0.6975949418993391,1.0,0,TC_NAGPUR_01,0,,
59.096705610548725,1,0.8961753523286978,1.0,0,TC_MUMBAI_01,0,,
38.574820786295454,1,0.8759453997855848,1.0,0,TC_MUMBAI_01,0,,
33.03418411277608,1,0.9484287081959265,1.0,0,TC_NAGPUR_01,0,,
28.83206700700665,1,0.9248792733784668,1.0,0,TC_PUNE_03,0,,
72.24349292051552,1,0.9640239474317722,1.0,0,TC_MUMBAI_01,0,,
39.30745764244582,1,0.8698421113232627,1.0,0,TC_NAGPUR_01,0,,
0.2674255859521577,7,,,1,TC_RURAL_MALPRACTICE_09,1,0.35706293463761396,0.0
43.00134556198432,1,0.9014949473576844,1.0,0,TC_MUMBAI_01,0,,
21.094134405596638,1,0.8966136832815307,1.0,0,TC_NASHIK_02,0,,
29.53826179359412,1,0.5507216739728185,1.0,0,TC_MUMBAI_01,0,,
49.71679292690253,1,0.757892090650594,1.0,0,TC_NASHIK_02,0,,
60.19024156626816,1,0.97673568948853,1.0,0,TC_MUMBAI_01,0,,
55.71350013610496,1,0.8180209842511595,1.0,0,TC_NAGPUR_01,0,,
49.14948774006078,1,0.7669958073707924,1.0,0,TC_NAGPUR_01,0,,
83.48623705727921,1,0.7116965281540065,1.0,0,TC_NAGPUR_01,0,,
36.77558081623934,1,0.8372622431666501,1.0,0,TC_PUNE_03,0,,
80.56626607763586,1,0.8541631514132438,1.0,0,TC_NASHIK_02,0,,
2.0067309619876164,21,,,1,TC_RURAL_MALPRACTICE_09,1,0.17884928401479633,0.0
59.332714624212514,1,0.9877160852446424,1.0,0,TC_MUMBAI_01,0,,
32.227410994128846,1,0.8643773377167976,1.0,0,TC_NAGPUR_01,0,,
38.80688198342103,1,0.9663803357691825,1.0,0,TC_PUNE_03,0,,
48.58125377910845,1,0.829172290192267,1.0,0,TC_MUMBAI_01,0,,
26.296958585645598,1,0.9726663609607318,1.0,0,TC_MUMBAI_01,0,,
38.451089164509796,1,0.8794967730370026,1.0,0,TC_NAGPUR_01,0,,
31.96230418893016,1,0.9241338045964184,1.0,0,TC_PUNE_03,0,,
37.83523209983036,1,0.8287661494520642,1.0,0,TC_NASHIK_02,0,,
44.464056496405036,1,0.9303182983057242,1.0,0,TC_PUNE_03,0,,
42.85546692099116,1,0.7786240104308128,1.0,0,TC_PUNE_03,0,,
36.72762828456757,1,0.897645035317765,1.0,0,TC_NASHIK_02,0,,
38.852104691042946,1,0.8505517147061666,1.0,0,TC_MUMBAI_01,0,,
21.293838214887625,1,0.9099442718780206,1.0,0,TC_NAGPUR_01,0,,
44.555522767122845,1,0.9263041473802808,1.0,0,TC_MUMBAI_01,0,,
23.819803563182656,1,0.888471184734362,1.0,0,TC_NASHIK_02,0,,
0.4035994117818957,15,,,1,TC_RURAL_MALPRACTICE_09,1,0.2527701158115819,0.0
30.495283251873797,1,0.858970929987432,1.0,0,TC_NAGPUR_01,0,,
28.87014544685676,1,0.7548992366101567,1.0,0,TC_MUMBAI_01,0,,
36.98667934098066,2,0.8373232167717415,1.0,0,TC_PUNE_03,0,,
51.221325474045216,1,0.917915232641728,1.0,0,TC_NASHIK_02,0,,
31.461626771677423,1,0.8607636517461306,1.0,0,TC_MUMBAI_01,0,,
33.58511676012002,1,0.9725223953218808,1.0,0,TC_NASHIK_02,0,,
37.76751725880623,1,0.8802465977835775,1.0,0,TC_NASHIK_02,0,,
31.18414020399273,1,0.8773839337565875,1.0,0,TC_NASHIK_02,0,,
59.69692438886161,1,0.9239905490225189,1.0,0,TC_PUNE_03,0,,
25.033327111286376,1,0.7678217864971292,1.0,0,TC_MUMBAI_01,0,,
33.875119855030036,1,0.9157468506805103,1.0,0,TC_MUMBAI_01,0,,
38.12449793734242,1,0.753471009923034,1.0,0,TC_PUNE_03,0,,
45.325358151787356,1,0.9013125060401842,1.0,0,TC_MUMBAI_01,0,,
45.93238959023979,1,0.9278189019460883,1.0,1,TC_MUMBAI_01,0,,
30.820947414110098,1,0.9198348775656422,1.0,0,TC_NAGPUR_01,0,,
29.86801962291316,1,0.5576022345597113,1.0,0,TC_NAGPUR_01,0,,
37.02487088434777,1,0.8442615876581766,1.0,0,TC_MUMBAI_01,0,,
0.38922857192312255,14,,,0,TC_RURAL_MALPRACTICE_09,1,0.4125360672619405,0.0
28.87527162211516,1,0.9701379380359307,1.0,0,TC_NASHIK_02,0,,
48.87115387118672,1,0.8435554218848865,1.0,0,TC_NAGPUR_01,0,,
59.0134574113793,1,0.8974303362661289,1.0,0,TC_NASHIK_02,0,,
26.06566841229469,1,0.9352114776008364,1.0,0,TC_PUNE_03,0,,
64.77671117627779,2,0.9460955187774184,1.0,0,TC_PUNE_03,0,,
37.39624107141392,1,0.7342041869912765,1.0,0,TC_PUNE_03,0,,
45.02294164089744,1,0.7417069497390084,1.0,0,TC_PUNE_03,0,,
53.789150302460584,1,0.9901868104013445,1.0,0,TC_MUMBAI_01,0,,
40.679693802545806,2,0.7927067550249175,1.0,0,TC_PUNE_03,0,,
33.495510076657695,1,0.6176945964372176,0.0,0,TC_NASHIK_02,0,,
44.70248263424653,1,0.7969018222402218,1.0,0,TC_NAGPUR_01,0,,
40.76824945146336,1,0.9053415810101083,1.0,0,TC_NAGPUR_01,0,,
28.217172420022635,1,0.8824280640619965,1.0,0,TC_NAGPUR_01,0,,
47.87788398200585,1,0.980766082412123,0.0,0,TC_NAGPUR_01,0,,
40.79232143463183,1,0.9675924625659853,1.0,0,TC_NASHIK_02,0,,
42.90158113768315,1,0.7780107836743998,1.0,0,TC_PUNE_03,0,,
46.15690655132256,1,0.639628174483958,1.0,0,TC_NAGPUR_01,0,,
32.71786814814898,1,0.9371258489613858,1.0,0,TC_NAGPUR_01,0,,
44.622382834623345,1,0.8881015579908986,0.0,0,TC_PUNE_03,0,,
0.20357219606626825,18,,,1,TC_RURAL_MALPRACTICE_09,1,0.3814828701917229,0.0
31.13051169684183,1,0.7204817044612712,1.0,0,TC_MUMBAI_01,0,,
37.33770631322435,1,0.9230275217849145,1.0,0,TC_PUNE_03,0,,
45.02037740872889,1,0.9130138079478866,1.0,0,TC_NAGPUR_01,0,,
43.79298897981619,1,0.7077916829462473,1.0,1,TC_NAGPUR_01,0,,
36.250587261299714,1,0.9525421711421743,1.0,0,TC_NASHIK_02,0,,
34.36106912983032,1,0.7626854639767658,1.0,0,TC_MUMBAI_01,0,,
37.602604970440275,1,0.8845125850470835,1.0,0,TC_MUMBAI_01,0,,
26.40962032744588,2,0.48762490822071286,1.0,0,TC_NAGPUR_01,0,,
42.843712207789864,1,0.8599246885719405,1.0,0,TC_NAGPUR_01,0,,
38.164441697183435,1,0.6674289994663078,1.0,0,TC_NASHIK_02,0,,
42.90878999900678,1,0.8763301132793728,1.0,0,TC_NAGPUR_01,0,,
42.185166909088366,1,0.6922700636584265,1.0,0,TC_NASHIK_02,0,,
36.919356529200485,1,0.8052336703627889,1.0,1,TC_NASHIK_02,0,,
33.90736471090429,1,0.7895102530196937,1.0,0,TC_NASHIK_02,0,,
51.81960744428506,2,0.865518676783823,1.0,0,TC_MUMBAI_01,0,,
34.69510185365209,1,0.9195164996619297,1.0,0,TC_NAGPUR_01,0,,
35.90593838809008,1,0.8063883238467953,1.0,0,TC_NAGPUR_01,0,,
47.484528439658334,1,0.9111621213563939,1.0,0,TC_PUNE_03,0,,
40.60224235881397,1,0.7399926334864974,1.0,0,TC_NAGPUR_01,0,,
37.33628122463447,1,0.9545921058071188,1.0,0,TC_MUMBAI_01,0,,
32.23343788733004,2,0.850619365435529,1.0,0,TC_NASHIK_02,0,,
29.8732966870059,1,0.8147865918110683,1.0,0,TC_PUNE_03,0,,
34.85755810149526,1,0.9636057636762589,1.0,0,TC_MUMBAI_01,0,,
56.131096104891284,1,0.8276094606815525,1.0,0,TC_MUMBAI_01,0,,
29.023391080350883,1,0.9621390551727479,1.0,0,TC_MUMBAI_01,0,,
56.34763338015346,1,0.8836746009072282,1.0,0,TC_NASHIK_02,0,,
34.61896388172053,1,0.8778368279497625,1.0,0,TC_NAGPUR_01,0,,
28.022963518118715,1,0.7897217685401409,1.0,0,TC_NASHIK_02,0,,
28.83396923282398,1,0.8742806898749468,1.0,0,TC_NASHIK_02,0,,
40.0834878686012,1,0.33689768742120474,1.0,1,TC_NAGPUR_01,0,,
62.394619824918536,1,0.8315981631491973,1.0,0,TC_NAGPUR_01,0,,
25.680994840535238,1,0.7796670797403117,1.0,0,TC_NASHIK_02,0,,
46.80830622345328,1,0.8347815142056454,1.0,0,TC_PUNE_03,0,,
1.213873228123356,9,,,1,TC_RURAL_MALPRACTICE_09,1,0.3738980608730612,0.0
33.76707410485812,1,0.8713558890753644,1.0,0,TC_NASHIK_02,0,,
27.56103504678083,1,0.9208979628652212,1.0,0,TC_NASHIK_02,0,,
59.030157744114504,1,0.948352193407155,1.0,0,TC_MUMBAI_01,0,,
20.271897169088735,1,0.7494129524422194,1.0,0,TC_PUNE_03,0,,
55.44504179483387,1,0.7457914907334962,1.0,0,TC_NASHIK_02,0,,
15.663086145731848,1,0.9475409331093081,1.0,0,TC_NAGPUR_01,0,,
34.19868483856557,1,0.9809404195103032,1.0,0,TC_NAGPUR_01,0,,
83.91545480015434,2,0.867321747802015,1.0,0,TC_PUNE_03,0,,
1.4953712676622763,8,,,1,TC_NAGPUR_01,1,0.2601526144265458,1.0
35.30748448803595,1,0.8926341259463142,1.0,0,TC_PUNE_03,0,,
35.77429354087107,1,0.9183396079572168,1.0,0,TC_NASHIK_02,0,,
31.93054775926513,1,0.9198192604300396,1.0,0,TC_NASHIK_02,0,,
43.896615079242615,1,0.9575130827371257,1.0,0,TC_PUNE_03,0,,
35.259271417748934,1,0.8650164585011116,1.0,0,TC_MUMBAI_01,0,,
43.88795991024234,2,0.914715776861072,1.0,0,TC_NAGPUR_01,0,,
1.448978298354979,23,,,1,TC_RURAL_MALPRACTICE_09,1,0.35745565855843436,0.0
36.761555765046936,1,0.7973888394879323,1.0,0,TC_MUMBAI_01,0,,
14.316897673632543,1,0.764990358283479,1.0,0,TC_NAGPUR_01,0,,
48.470914547405535,1,0.7941475175500118,1.0,0,TC_NASHIK_02,0,,
80.42392035873804,1,0.9172024436378464,1.0,0,TC_PUNE_03,0,,
42.55233174123723,1,0.8608805177298652,1.0,0,TC_NAGPUR_01,0,,
27.870094717249675,1,0.8109813478429359,1.0,0,TC_NAGPUR_01,0,,
36.77136011413175,1,0.8973662162070022,1.0,0,TC_NASHIK_02,0,,
41.478419115677156,1,0.9166412689334846,1.0,0,TC_PUNE_03,0,,
21.15682555746203,1,0.9578856601196529,1.0,0,TC_NASHIK_02,0,,
26.181441880626178,1,0.9515346385030253,1.0,0,TC_PUNE_03,0,,
41.000809237169626,1,0.8057247837766033,1.0,0,TC_PUNE_03,0,,
28.3859348647486,1,0.9943182738784069,1.0,0,TC_MUMBAI_01,0,,
36.08722119110648,1,0.7538221755388554,1.0,0,TC_PUNE_03,0,,
63.995006302769085,1,0.9179589783143669,1.0,0,TC_MUMBAI_01,0,,
24.16613419111012,1,0.974484800185488,1.0,0,TC_NAGPUR_01,0,,
73.54972627160882,1,0.936291265946886,1.0,0,TC_NAGPUR_01,0,,
36.623809655234155,1,0.796255102720916,1.0,0,TC_NAGPUR_01,0,,
23.329085147049938,2,0.8913747613164824,1.0,0,TC_NASHIK_02,0,,
0.2871808035976117,7,,,0,TC_NAGPUR_01,1,0.5760790263059609,0.0
52.2831154910625,1,0.8195353064707008,1.0,0,TC_MUMBAI_01,0,,
32.28389657842587,1,0.8723621670861113,1.0,0,TC_PUNE_03,0,,
52.363830842657634,1,0.5824673393620577,1.0,0,TC_NASHIK_02,0,,
28.193518410757196,1,0.9734039779431489,1.0,0,TC_MUMBAI_01,0,,
42.96748310293611,1,0.885619641811262,1.0,0,TC_NAGPUR_01,0,,
31.703132926771104,1,0.8404734562592177,1.0,0,TC_PUNE_03,0,,
66.36526638467345,1,0.8936483842024296,1.0,0,TC_NAGPUR_01,0,,
40.54247104453378,1,0.9929429040066788,1.0,0,TC_NASHIK_02,0,,
29.637050727890166,1,0.8684544443994275,1.0,0,TC_PUNE_03,0,,
36.96645848245285,1,0.7744932707435559,1.0,0,TC_MUMBAI_01,0,,
28.14947409717082,1,0.6697816514357647,1.0,0,TC_NASHIK_02,0,,
43.37834080504041,1,0.8713603398307173,1.0,0,TC_NASHIK_02,0,,
65.71421913939554,2,0.9370945582811674,1.0,0,TC_NASHIK_02,0,,
32.657547182677696,1,0.9309355171529337,1.0,0,TC_NAGPUR_01,0,,
1.9514390504088768,18,,,0,TC_RURAL_MALPRACTICE_09,1,0.49126673025517653,1.0
83.12655173213129,1,0.7826155787063314,1.0,0,TC_MUMBAI_01,0,,
29.562740623840114,1,0.8303505752660831,1.0,0,TC_MUMBAI_01,0,,
42.90876006491738,1,0.9811071569211108,1.0,0,TC_NASHIK_02,0,,
33.98724304623806,1,0.9105224747949073,1.0,0,TC_MUMBAI_01,0,,
28.562262000541466,1,0.7254528512646097,0.0,0,TC_NASHIK_02,0,,
2.1300850281549146,12,,,1,TC_RURAL_MALPRACTICE_09,1,0.4887103380579073,0.0
22.34797450977387,2,0.9184504955292448,1.0,0,TC_NASHIK_02,0,,
23.87661890538086,1,0.9450542425000746,1.0,0,TC_NASHIK_02,0,,
28.469396111909518,1,0.9815671725394299,1.0,0,TC_NAGPUR_01,0,,
1.5421353480209912,13,,,1,TC_RURAL_MALPRACTICE_09,1,0.43769318392597933,0.0
49.19558963318514,1,0.9077569608948656,1.0,0,TC_MUMBAI_01,0,,
28.146914091291976,1,0.9907335595345854,1.0,0,TC_PUNE_03,0,,
0.9733789171662086,11,,,1,TC_RURAL_MALPRACTICE_09,1,0.491939623565825,0.0
33.29722999206055,1,0.9956083750154525,1.0,0,TC_MUMBAI_01,0,,
16.189266543619283,1,0.9808793697474509,1.0,0,TC_PUNE_03,0,,
71.81433630055103,1,0.5643752892240647,1.0,0,TC_MUMBAI_01,0,,
57.648072382022804,1,0.8944989958063612,1.0,0,TC_NAGPUR_01,0,,
29.525371599394013,1,0.8465143638739381,1.0,0,TC_NASHIK_02,0,,
71.18592669849097,1,0.8726488102696343,1.0,0,TC_MUMBAI_01,0,,
28.354843972543513,1,0.9151946022303139,1.0,0,TC_NASHIK_02,0,,
37.64427789136191,1,0.7093429788042848,1.0,0,TC_MUMBAI_01,0,,
45.1369690843914,1,0.7078008657290803,1.0,0,TC_NAGPUR_01,0,,
30.496172522582107,1,0.6056822798693364,1.0,1,TC_NAGPUR_01,0,,
34.229288201336516,1,0.8304321236928938,1.0,0,TC_MUMBAI_01,0,,
45.47457576366529,1,0.9633617813203306,1.0,0,TC_MUMBAI_01,0,,
39.54110977904282,1,0.8894053818860941,1.0,0,TC_NAGPUR_01,0,,
47.431227058219996,1,0.6352438545594172,1.0,0,TC_NAGPUR_01,0,,
25.93582576221918,1,0.7495662179810462,1.0,0,TC_MUMBAI_01,0,,
35.52566655002616,1,0.8292854540367223,1.0,0,TC_NAGPUR_01,0,,
32.29044238280153,1,0.902972856996023,1.0,0,TC_MUMBAI_01,0,,
37.334613285560685,1,0.9448768168817443,1.0,0,TC_NASHIK_02,0,,
57.249333699350196,1,0.8502252312201403,1.0,0,TC_PUNE_03,0,,
33.89408344467431,1,0.9022278633850185,1.0,0,TC_NAGPUR_01,0,,
36.625258547544874,1,0.9655984335558342,1.0,0,TC_MUMBAI_01,0,,
32.24010846276098,1,0.8277089653783396,1.0,0,TC_NAGPUR_01,0,,
57.7675142942023,1,0.9909569141357162,1.0,0,TC_NASHIK_02,0,,
61.2706364281504,1,0.9147377200139181,1.0,0,TC_NASHIK_02,0,,
18.112191611919556,1,0.9302671974314342,1.0,0,TC_NASHIK_02,0,,
46.95412924889984,1,0.782132046908811,1.0,0,TC_PUNE_03,0,,
58.317174893532155,1,0.8140695285210633,1.0,0,TC_PUNE_03,0,,
0.5785774430707892,18,,,1,TC_RURAL_MALPRACTICE_09,1,0.4781834981476263,0.0
20.170592270910248,1,0.8762688913006613,1.0,0,TC_NASHIK_02,0,,
43.61443535839508,1,0.45641331008969305,1.0,0,TC_MUMBAI_01,0,,
54.36314257218837,1,0.8441515297438169,1.0,0,TC_NAGPUR_01,0,,
53.256195915969734,1,0.9424270029028289,1.0,0,TC_NAGPUR_01,0,,
36.42581465570582,1,0.8505271171863494,1.0,0,TC_MUMBAI_01,0,,
48.7496033258746,1,0.7024632086521573,1.0,0,TC_MUMBAI_01,0,,
27.212291888595345,1,0.7296073185717069,1.0,0,TC_PUNE_03,0,,
36.0288842095632,1,0.9121730133619369,1.0,0,TC_MUMBAI_01,0,,
45.13443537626474,2,0.5372132958040415,1.0,0,TC_NAGPUR_01,0,,
26.286112883280904,1,0.8795011845624571,1.0,0,TC_PUNE_03,0,,
38.800620515000745,1,0.6416460757050214,1.0,0,TC_MUMBAI_01,0,,
36.00979759450903,1,0.7783973681087046,1.0,0,TC_MUMBAI_01,0,,
21.827494871169623,1,0.8934548508862054,1.0,1,TC_NAGPUR_01,0,,
54.98711340862699,1,0.9003821233611853,1.0,0,TC_NASHIK_02,0,,
22.772312015877468,1,0.8673099883560825,1.0,0,TC_PUNE_03,0,,
38.6062860156305,1,0.9652939552153303,1.0,0,TC_MUMBAI_01,0,,
22.416559897953384,1,0.5555843014975338,1.0,0,TC_MUMBAI_01,0,,
44.311873586704344,1,0.8770019280973115,1.0,0,TC_MUMBAI_01,0,,
48.689491878476964,1,0.9346777501383734,1.0,0,TC_PUNE_03,0,,
35.459279617900464,1,0.9864503222725348,1.0,0,TC_PUNE_03,0,,
47.27037422882956,1,0.6111166648442817,1.0,0,TC_NAGPUR_01,0,,
67.7606775098806,1,0.6842533543372263,1.0,0,TC_PUNE_03,0,,
25.075905112091164,1,0.9885735104874256,1.0,0,TC_NASHIK_02,0,,
49.188039150947866,2,0.9462839819173087,1.0,0,TC_MUMBAI_01,0,,
59.146098106305466,1,0.8592322435427199,1.0,0,TC_NAGPUR_01,0,,
16.56181601082669,1,0.9847193007810928,1.0,0,TC_NAGPUR_01,0,,
37.5298258557154,1,0.9451638600735182,1.0,0,TC_PUNE_03,0,,
42.74081595908492,1,0.9916354233447208,1.0,0,TC_PUNE_03,0,,
27.305887646463386,1,0.8147171936903427,0.0,0,TC_PUNE_03,0,,
39.14884473895052,1,0.9513665922154854,1.0,0,TC_NAGPUR_01,0,,
34.99105086630756,2,0.8053865586893134,1.0,0,TC_NASHIK_02,0,,
44.85603824532617,1,0.7877174289504223,1.0,0,TC_NAGPUR_01,0,,
61.08374538353984,1,0.7673341683951584,1.0,0,TC_MUMBAI_01,0,,
45.67858969875204,1,0.923945382450135,1.0,0,TC_PUNE_03,0,,
64.81334277180235,2,0.9091734924487362,1.0,0,TC_NASHIK_02,0,,
54.83183742731184,1,0.5634185665299983,1.0,0,TC_NASHIK_02,0,,
22.82994554015503,1,0.9589550896010499,1.0,0,TC_MUMBAI_01,0,,
46.821799436394556,1,0.7900304206487093,1.0,0,TC_NASHIK_02,0,,
45.54840297622593,2,0.703473007062124,1.0,0,TC_NASHIK_02,0,,
15.158394657385347,1,0.8255744821059209,1.0,0,TC_NAGPUR_01,0,,
1.5347446811315812,21,,,1,TC_NAGPUR_01,1,0.3404335674267863,0.0
36.75381631377814,1,0.6947975512088064,1.0,0,TC_NASHIK_02,0,,
39.13316240454298,1,0.7886997910696181,1.0,0,TC_NAGPUR_01,0,,
44.752598271789545,1,0.9223254253597909,1.0,0,TC_MUMBAI_01,0,,
34.105526331995605,1,0.9764238014665061,1.0,0,TC_NAGPUR_01,0,,
26.953573841090286,1,0.9484089850600215,1.0,0,TC_NASHIK_02,0,,
55.92748995352612,1,0.8791121111100271,1.0,0,TC_MUMBAI_01,0,,
35.09019078773468,1,0.9502997166915271,1.0,0,TC_PUNE_03,0,,
47.91889507208778,1,0.9061600410518769,1.0,0,TC_MUMBAI_01,0,,
58.030858781386264,1,0.6955424050227736,1.0,0,TC_MUMBAI_01,0,,
25.321156592477372,1,0.9872084124692913,1.0,0,TC_PUNE_03,0,,
27.93794154033548,1,0.9306959097452322,1.0,1,TC_NASHIK_02,0,,
24.652650206838185,1,0.6983421099381818,1.0,0,TC_NASHIK_02,0,,
43.99607985707495,1,0.8733851201406444,1.0,0,TC_PUNE_03,0,,
40.15424548537917,1,0.9398048967107233,1.0,0,TC_NAGPUR_01,0,,
64.54385040791465,1,0.9252257417679077,1.0,0,TC_MUMBAI_01,0,,
45.70094192811111,1,0.7502627218843153,1.0,0,TC_MUMBAI_01,0,,
20.887265093024034,1,0.9876923473474908,1.0,0,TC_NAGPUR_01,0,,
24.524081607057685,1,0.9047371860410519,1.0,0,TC_NASHIK_02,0,,
29.421353476784976,1,0.8622553732456433,1.0,0,TC_PUNE_03,0,,
51.3533605357513,1,0.8058789886771837,1.0,0,TC_NASHIK_02,0,,
66.5351194994723,2,0.9433337429485241,1.0,0,TC_PUNE_03,0,,
40.73941839966105,1,0.8097355794113722,1.0,0,TC_NAGPUR_01,0,,
32.321296350893704,1,0.935838372583343,1.0,0,TC_NASHIK_02,0,,
0.9986641044301607,6,,,0,TC_NAGPUR_01,1,0.1820457258708902,0.0
37.79649852626436,1,0.916385184904979,1.0,0,TC_MUMBAI_01,0,,
62.102789106885176,1,0.8708021025552507,1.0,0,TC_NAGPUR_01,0,,
50.30165129304033,1,0.7932265637326407,1.0,0,TC_NAGPUR_01,0,,
51.923514214269716,1,0.7515653486752637,1.0,0,TC_PUNE_03,0,,
30.99845971221499,1,0.6569482603121521,1.0,0,TC_MUMBAI_01,0,,
56.38744851986028,1,0.8250899209381723,1.0,0,TC_MUMBAI_01,0,,
41.84527391777215,1,0.9318563965568596,1.0,0,TC_NASHIK_02,0,,
64.17253172718983,1,0.8731551808560261,1.0,0,TC_NAGPUR_01,0,,
49.24917430426624,1,0.7733806356989873,1.0,0,TC_NASHIK_02,0,,
26.25846176247034,1,0.8812051855104416,1.0,0,TC_PUNE_03,0,,
28.548103668045677,1,0.7716096739419182,1.0,0,TC_PUNE_03,0,,
0.973227704248061,13,,,0,TC_NAGPUR_01,1,0.19324764372874703,0.0
41.26974685611732,1,0.8225213272028661,1.0,0,TC_PUNE_03,0,,
47.648055746792195,1,0.803652491432736,1.0,0,TC_NASHIK_02,0,,
18.635284697436468,1,0.9083325865519221,1.0,0,TC_PUNE_03,0,,
26.64248324784753,1,0.9308809234379531,1.0,0,TC_NASHIK_02,0,,
34.51319847591627,1,0.6570833221322694,1.0,0,TC_NAGPUR_01,0,,
37.62066942919817,1,0.8166692525669453,1.0,0,TC_MUMBAI_01,0,,
48.02461573445435,1,0.971348121259466,1.0,0,TC_MUMBAI_01,0,,
52.33176090400911,1,0.9693511807973766,1.0,0,TC_PUNE_03,0,,
58.64173312958291,1,0.918533400124856,1.0,0,TC_NAGPUR_01,0,,
18.569339408171096,1,0.9307217436559916,1.0,0,TC_NASHIK_02,0,,
39.37272373169654,1,0.8151130652869705,1.0,0,TC_MUMBAI_01,0,,
26.605584614646006,1,0.8959538105655576,1.0,0,TC_MUMBAI_01,0,,
64.51685248967166,1,0.9357553429519226,1.0,1,TC_NASHIK_02,0,,
48.78491385183835,1,0.931785124515765,1.0,0,TC_NAGPUR_01,0,,
35.3131925238748,1,0.9135787134350172,1.0,0,TC_MUMBAI_01,0,,
66.26279756060974,1,0.8834370075912819,1.0,0,TC_NAGPUR_01,0,,
44.37708035427039,1,0.8309057177917841,1.0,1,TC_NASHIK_02,0,,
35.39687708643721,1,0.6853944964467742,1.0,0,TC_PUNE_03,0,,
20.823953797538458,2,0.8279637279226093,1.0,0,TC_NAGPUR_01,0,,
1.14879761435066,8,,,1,TC_RURAL_MALPRACTICE_09,1,0.36825626274259576,0.0
36.618446081611765,1,0.8073409312652107,1.0,0,TC_MUMBAI_01,0,,
21.75088956584134,1,0.8319836648211011,1.0,0,TC_MUMBAI_01,0,,
25.5299027604901,1,0.785249514510929,1.0,0,TC_PUNE_03,0,,
33.090441466960925,2,0.7656011335260554,1.0,0,TC_PUNE_03,0,,
29.937971879263937,1,0.8932578344412672,1.0,0,TC_MUMBAI_01,0,,
53.2847321270138,1,0.9911221103972581,1.0,0,TC_NAGPUR_01,0,,
32.47554881667584,1,0.8171123226042589,1.0,0,TC_NASHIK_02,0,,
32.486860722153324,2,0.8856838820508857,1.0,0,TC_MUMBAI_01,0,,
24.925504833491257,1,0.840763145058301,1.0,0,TC_MUMBAI_01,0,,
36.83811475547523,1,0.9081539084832185,1.0,0,TC_NASHIK_02,0,,
37.73009118632988,1,0.5625585832908667,1.0,0,TC_PUNE_03,0,,
53.77773038893086,1,0.7412461964452141,1.0,0,TC_MUMBAI_01,0,,
48.49055569996656,1,0.8386891736366135,1.0,0,TC_NAGPUR_01,0,,
29.744799638665885,1,0.9775072737140401,1.0,0,TC_NASHIK_02,0,,
38.622698559998774,2,0.8608322754349305,1.0,0,TC_NASHIK_02,0,,
36.18769769371738,1,0.48691170912756815,1.0,0,TC_NAGPUR_01,0,,
91.89240857033218,1,0.694318810455947,1.0,0,TC_MUMBAI_01,0,,
61.354438952640336,1,0.9511338123282153,1.0,0,TC_PUNE_03,0,,
43.5978121146357,2,0.978024955221728,1.0,0,TC_MUMBAI_01,0,,
55.16670403517371,1,0.9043575093970928,1.0,0,TC_NAGPUR_01,0,,
45.492378481366345,1,0.9269004506077826,1.0,0,TC_NAGPUR_01,0,,
23.643516670227473,1,0.9447673418248016,1.0,0,TC_MUMBAI_01,0,,
45.00638206313121,1,0.963096470176561,1.0,0,TC_MUMBAI_01,0,,
45.24243737144079,1,0.9427115503602972,1.0,0,TC_NAGPUR_01,0,,
48.17028914929316,1,0.8380062055380036,1.0,0,TC_MUMBAI_01,0,,
28.01455019780999,1,0.9646925401626927,1.0,0,TC_NASHIK_02,0,,
46.31640607247139,1,0.5755685789401643,1.0,0,TC_MUMBAI_01,0,,
47.23117126279082,1,0.9107737447673734,1.0,0,TC_MUMBAI_01,0,,
34.191964015024844,1,0.6504221344152145,1.0,1,TC_MUMBAI_01,0,,
47.81636948221086,1,0.6907494061756002,1.0,0,TC_PUNE_03,0,,
33.36214161578232,1,0.9368962271898237,1.0,0,TC_NAGPUR_01,0,,
51.213491187666534,1,0.9403286756407844,1.0,0,TC_NASHIK_02,0,,
62.73742943453038,1,0.7949456509653515,1.0,0,TC_MUMBAI_01,0,,
35.854738442676776,2,0.651761592353313,1.0,0,TC_PUNE_03,0,,
75.0576945537337,1,0.8363387944910912,1.0,0,TC_PUNE_03,0,,
60.09648348859061,2,0.8816057129574832,1.0,0,TC_NAGPUR_01,0,,
63.191481385291006,1,0.8420194385548972,1.0,0,TC_NAGPUR_01,0,,
27.798456045634012,1,0.906694759863379,1.0,0,TC_NASHIK_02,0,,
42.05501499650986,1,0.8288446374394737,1.0,0,TC_PUNE_03,0,,
1.4011874215001452,17,,,1,TC_RURAL_MALPRACTICE_09,1,0.3975592748641662,1.0
40.27722457132141,1,0.8780426509762063,1.0,0,TC_PUNE_03,0,,
30.80952963509199,1,0.937518299879874,1.0,0,TC_NAGPUR_01,0,,
62.95936575773426,1,0.9568249824343817,1.0,0,TC_NAGPUR_01,0,,
47.1414622334452,1,0.7848940572714407,1.0,0,TC_NASHIK_02,0,,
68.55189730147531,1,0.8983233028111476,1.0,0,TC_NASHIK_02,0,,
44.229916283893985,1,0.8918265796962441,1.0,0,TC_PUNE_03,0,,
32.0609040563115,1,0.8043645058432033,1.0,0,TC_NASHIK_02,0,,
26.50021684479996,1,0.7586324996123232,1.0,0,TC_NASHIK_02,0,,
50.16900698780283,1,0.8517245924547991,1.0,0,TC_NAGPUR_01,0,,
16.620220423024733,1,0.7319079318218056,1.0,0,TC_NAGPUR_01,0,,
53.12144715325012,1,0.9156894060553821,1.0,0,TC_PUNE_03,0,,
42.36555729962436,1,0.8958815346537384,1.0,0,TC_NASHIK_02,0,,
33.0176923898174,1,0.853905355824639,1.0,0,TC_MUMBAI_01,0,,
1.4330680159189724,20,,,1,TC_RURAL_MALPRACTICE_09,1,0.354698765144552,0.0
36.080633961821405,1,0.9494205391559645,1.0,0,TC_PUNE_03,0,,
27.389680968118856,1,0.7944782790312046,1.0,0,TC_NAGPUR_01,0,,
27.16743762801753,1,0.8333349459296667,1.0,0,TC_PUNE_03,0,,
26.577671054465434,1,0.7242154586754971,1.0,0,TC_MUMBAI_01,0,,
46.79232491723671,1,0.8141242308507692,1.0,0,TC_NAGPUR_01,0,,
23.851933497671858,1,0.7620397636420204,1.0,0,TC_MUMBAI_01,0,,
40.89726691345409,1,0.839175910672679,1.0,0,TC_PUNE_03,0,,
23.627435732188978,1,0.9469232734342954,1.0,0,TC_PUNE_03,0,,
17.242047437316604,1,0.864851338200695,1.0,0,TC_NAGPUR_01,0,,
50.97341408349179,1,0.8368986798921048,1.0,0,TC_MUMBAI_01,0,,
50.81257523104796,1,0.9593590312700281,1.0,1,TC_PUNE_03,0,,
43.81546182731712,1,0.8794019766674314,1.0,0,TC_NASHIK_02,0,,
36.260801914251,1,0.9422090814841138,1.0,0,TC_PUNE_03,0,,
65.40631971571675,1,0.746521451254751,1.0,0,TC_NAGPUR_01,0,,
22.94633424784142,2,0.8613421216062118,1.0,0,TC_MUMBAI_01,0,,
37.82719543680109,1,0.8397366602538291,1.0,0,TC_NAGPUR_01,0,,
28.821439910651385,1,0.9053986865514361,1.0,1,TC_NAGPUR_01,0,,
24.244508977488092,1,0.9316713007109695,1.0,0,TC_MUMBAI_01,0,,
30.076728301809514,1,0.9008228910378072,1.0,0,TC_NAGPUR_01,0,,
65.42236517198612,1,0.8587794017642698,1.0,0,TC_NASHIK_02,0,,
19.987465309236494,1,0.8469357111341179,1.0,0,TC_NAGPUR_01,0,,
43.653390407988084,1,0.9440008054145995,1.0,0,TC_NASHIK_02,0,,
23.347530401139288,1,0.8829576651568667,1.0,0,TC_PUNE_03,0,,
0.7794287871617371,10,,,0,TC_RURAL_MALPRACTICE_09,1,0.28887631924221263,0.0
43.75744320262098,1,0.9570023381454922,1.0,0,TC_NAGPUR_01,0,,
31.948095918296843,1,0.7649467532266798,1.0,0,TC_MUMBAI_01,0,,
42.39464222872562,2,0.9702888414891521,1.0,0,TC_PUNE_03,0,,
40.58647848310412,1,0.7575232736721083,1.0,0,TC_PUNE_03,0,,
23.342669804301128,1,0.6647932177300777,1.0,0,TC_PUNE_03,0,,
41.218341204384764,1,0.9829580980112572,1.0,0,TC_MUMBAI_01,0,,
32.01290338411421,1,0.6616690973532741,1.0,0,TC_MUMBAI_01,0,,
26.984227628535145,2,0.824323407562908,1.0,0,TC_NAGPUR_01,0,,
72.94279361011176,1,0.9778857679755514,1.0,0,TC_PUNE_03,0,,
37.854287771835075,1,0.8555173719755349,1.0,0,TC_PUNE_03,0,,
38.398956583135,2,0.9730242864145143,1.0,0,TC_NAGPUR_01,0,,
71.31297114481771,1,0.8279501020068133,1.0,0,TC_MUMBAI_01,0,,
39.462112977447376,1,0.8706393576485659,1.0,0,TC_MUMBAI_01,0,,
58.443691305095406,1,0.8033477594652835,1.0,0,TC_NAGPUR_01,0,,
22.939279411988625,1,0.6926417514675884,1.0,0,TC_PUNE_03,0,,
42.685454321335165,1,0.7129749105649986,1.0,0,TC_PUNE_03,0,,
45.565161716584655,1,0.9817502751409073,1.0,0,TC_NASHIK_02,0,,
27.85844598646123,1,0.7664059849233581,1.0,0,TC_MUMBAI_01,0,,
42.83928847546396,1,0.7551421054517666,1.0,0,TC_PUNE_03,0,,
62.96240268518027,1,0.824122339659283,1.0,0,TC_NASHIK_02,0,,
43.07043695283554,1,0.8357826893468229,1.0,0,TC_NAGPUR_01,0,,
2.336075362739406,11,,,0,TC_RURAL_MALPRACTICE_09,1,0.20737531344244398,0.0
52.015135071853166,1,0.7474884236782078,1.0,0,TC_MUMBAI_01,0,,
31.826171157546185,1,0.934549210043094,1.0,0,TC_NAGPUR_01,0,,
20.74998510316947,1,0.8326397728259387,1.0,0,TC_NAGPUR_01,0,,
62.956410218076016,1,0.8915180218899467,1.0,0,TC_MUMBAI_01,0,,
23.89614421151769,1,0.81469964332652,1.0,0,TC_NASHIK_02,0,,
40.02124555320336,1,0.8840363452128247,1.0,0,TC_MUMBAI_01,0,,
38.69038177421274,1,0.7260276838300855,1.0,0,TC_MUMBAI_01,0,,
30.709173919304178,1,0.7966815593556559,1.0,0,TC_NAGPUR_01,0,,
26.154080798271565,1,0.893770074775048,1.0,0,TC_PUNE_03,0,,
24.40193105191302,1,0.4445115282674439,1.0,0,TC_NASHIK_02,0,,
68.52024342895868,1,0.9134499898724052,1.0,0,TC_NASHIK_02,0,,
63.495389822498545,1,0.9481370249371893,1.0,0,TC_MUMBAI_01,0,,
44.0931085736825,2,0.8273738645745172,1.0,0,TC_NASHIK_02,0,,
44.83880310441748,1,0.9326888384938101,1.0,0,TC_NAGPUR_01,0,,
58.3698072276177,1,0.40861570367818706,1.0,0,TC_NAGPUR_01,0,,
67.15272765923447,1,0.632235213579639,1.0,0,TC_NAGPUR_01,0,,
85.17479595948042,1,0.8615774245801526,1.0,0,TC_NAGPUR_01,0,,
55.39142824594171,1,0.7409822454954846,1.0,0,TC_NAGPUR_01,0,,
42.08532225947873,1,0.9305765840615423,1.0,0,TC_PUNE_03,0,,
36.50181760333153,1,0.9739850989094853,1.0,0,TC_PUNE_03,0,,
58.13078084253168,1,0.8929553695352367,1.0,0,TC_MUMBAI_01,0,,
46.3554849064716,1,0.8375516690106853,1.0,0,TC_MUMBAI_01,0,,
35.46604289827033,1,0.49885953293628005,1.0,0,TC_NASHIK_02,0,,
46.15889490472389,1,0.7581858870120487,1.0,0,TC_NAGPUR_01,0,,
87.72453761358102,1,0.977255688556508,1.0,0,TC_MUMBAI_01,0,,
48.15732974830766,1,0.942257737043249,1.0,0,TC_PUNE_03,0,,
37.609270274579515,1,0.9565465190971969,1.0,0,TC_NASHIK_02,0,,
26.627259540248545,1,0.7939475302150341,1.0,0,TC_MUMBAI_01,0,,
37.58776202028149,1,0.8447822450075829,1.0,0,TC_PUNE_03,0,,
27.581695264371604,2,0.893757230695949,1.0,0,TC_NASHIK_02,0,,
43.724935894379236,1,0.9519348738593852,1.0,0,TC_NAGPUR_01,0,,
39.4391246093103,1,0.9499509644582086,1.0,0,TC_NAGPUR_01,0,,
26.82576962975453,1,0.9678728559057715,1.0,0,TC_NAGPUR_01,0,,
58.79815000173597,1,0.9969713544010665,1.0,1,TC_MUMBAI_01,0,,
41.21790499641724,1,0.9316466588133607,1.0,0,TC_NAGPUR_01,0,,
26.20148285153585,1,0.9495135302282447,1.0,0,TC_PUNE_03,0,,
39.0564984717646,1,0.941245673504944,1.0,0,TC_NAGPUR_01,0,,
44.804853702369215,1,0.6992976301979141,1.0,0,TC_PUNE_03,0,,
16.230808728446192,1,0.9992012768993248,1.0,0,TC_NAGPUR_01,0,,
28.94834035453517,2,0.9958648384886337,1.0,0,TC_MUMBAI_01,0,,
34.42484648423302,1,0.9195929500370452,1.0,0,TC_MUMBAI_01,0,,
41.224506419787694,1,0.8254684459156046,1.0,0,TC_NASHIK_02,0,,
48.52901508899931,1,0.8675798767817163,1.0,0,TC_NASHIK_02,0,,
52.13110681362038,1,0.9188879204206913,1.0,0,TC_PUNE_03,0,,
2.1913846332298035,13,,,1,TC_RURAL_MALPRACTICE_09,1,0.4234022383365318,0.0
53.91699995422649,2,0.8539116221973495,1.0,0,TC_PUNE_03,0,,
87.48865218569273,1,0.9713587634601077,1.0,0,TC_PUNE_03,0,,
37.99488011311407,2,0.6363007172357306,1.0,0,TC_NASHIK_02,0,,
18.67467902538131,1,0.776233586562079,1.0,0,TC_MUMBAI_01,0,,
26.938682364416863,1,0.8875747301789091,1.0,0,TC_NAGPUR_01,0,,
39.93245577340266,1,0.7220804299094506,1.0,0,TC_NASHIK_02,0,,
29.419081466373417,1,0.9266698112628198,1.0,0,TC_NAGPUR_01,0,,
55.6042667551875,2,0.9407405256678211,1.0,0,TC_PUNE_03,0,,
30.487460129937542,1,0.8392754981790961,1.0,0,TC_PUNE_03,0,,
48.96182039249679,1,0.9911287103360179,1.0,0,TC_NASHIK_02,0,,
43.829133177886185,1,0.6114620212722037,1.0,0,TC_MUMBAI_01,0,,
39.89334875341958,1,0.6192557773909323,1.0,0,TC_NAGPUR_01,0,,
56.29927437748982,1,0.7745000365115519,1.0,0,TC_MUMBAI_01,0,,
59.47958607892247,1,0.7891550296324751,1.0,0,TC_NAGPUR_01,0,,
40.027867113801314,1,0.7525992943313998,1.0,0,TC_PUNE_03,0,,
33.08598373451876,2,0.9181458042779592,1.0,0,TC_NASHIK_02,0,,
53.34463541656607,1,0.9195264555591536,1.0,0,TC_NASHIK_02,0,,
28.097663078909477,1,0.7741787231284332,1.0,0,TC_NASHIK_02,0,,
50.30583653036164,1,0.9296935530923608,1.0,0,TC_MUMBAI_01,0,,
1.2675739254165879,16,,,1,TC_NAGPUR_01,1,0.1587298127390834,0.0
35.59852523559154,1,0.7366739521271203,1.0,0,TC_MUMBAI_01,0,,
41.938241658928455,1,0.9229298235811672,1.0,0,TC_MUMBAI_01,0,,
38.11819489162414,1,0.9024501585182569,1.0,0,TC_MUMBAI_01,0,,
41.26357491252569,1,0.9405208250446901,1.0,0,TC_MUMBAI_01,0,,
96.10121122216835,1,0.6765846719961072,1.0,0,TC_PUNE_03,0,,
27.17853696152655,1,0.986142836622188,1.0,0,TC_NASHIK_02,0,,
43.485409957949756,1,0.8293924131811778,1.0,0,TC_NASHIK_02,0,,
30.081104341848288,1,0.7579109301217599,1.0,0,TC_PUNE_03,0,,
25.66109268785641,1,0.832011795603281,1.0,0,TC_NASHIK_02,0,,
30.75787073707943,1,0.9909790206497093,1.0,0,TC_NAGPUR_01,0,,
22.070481041469648,1,0.7819492225448051,1.0,0,TC_NAGPUR_01,0,,
54.83162914207499,2,0.8777608952287059,1.0,0,TC_NAGPUR_01,0,,
24.96939072040676,1,0.887979048845549,1.0,0,TC_MUMBAI_01,0,,
32.07497144851963,1,0.9597733028154976,1.0,0,TC_MUMBAI_01,0,,
38.130157750961494,1,0.8992454767000228,1.0,0,TC_NAGPUR_01,0,,
2.482034273537273,17,,,1,TC_RURAL_MALPRACTICE_09,1,0.35846260711729694,0.0
60.92864955283212,1,0.6339782126915435,1.0,0,TC_PUNE_03,0,,
20.4049348383473,1,0.8514543576839191,1.0,0,TC_PUNE_03,0,,
24.512612007635106,1,0.881982586680306,1.0,0,TC_NAGPUR_01,0,,
32.537042745197525,1,0.851285359231879,1.0,0,TC_NAGPUR_01,0,,
56.187709166290375,1,0.9157778072470529,1.0,0,TC_NAGPUR_01,0,,
66.1598595098763,1,0.7949686942676458,1.0,0,TC_NASHIK_02,0,,
22.34517986162861,1,0.9183074015239747,1.0,0,TC_NASHIK_02,0,,
34.50561315392399,1,0.9586651741744588,1.0,0,TC_PUNE_03,0,,
46.973014905440714,1,0.9098235340130963,1.0,0,TC_MUMBAI_01,0,,
48.79551295045075,1,0.8340556729616706,1.0,0,TC_NAGPUR_01,0,,
83.35681785939418,1,0.8748582490351834,1.0,0,TC_MUMBAI_01,0,,
25.5195241108239,1,0.8430808620228695,1.0,0,TC_NASHIK_02,0,,
29.7398746432916,1,0.7814366675307015,1.0,0,TC_MUMBAI_01,0,,
31.426533115924673,1,0.7704027949815198,1.0,0,TC_NASHIK_02,0,,
0.4222049249590513,18,,,1,TC_RURAL_MALPRACTICE_09,1,0.15146465287616434,0.0
46.36257889534646,1,0.9153625926784539,1.0,0,TC_MUMBAI_01,0,,
31.21201473331257,2,0.7590176260844413,1.0,0,TC_MUMBAI_01,0,,
28.774205492157684,1,0.9309210612632413,1.0,0,TC_NAGPUR_01,0,,
47.16743985592092,1,0.946579236363272,1.0,0,TC_PUNE_03,0,,
62.789985570136444,1,0.8608637029362972,1.0,0,TC_MUMBAI_01,0,,
51.97407719003824,1,0.9777654549105724,1.0,0,TC_MUMBAI_01,0,,
40.125213297270676,1,0.9534201045138017,1.0,0,TC_PUNE_03,0,,
38.74303281254959,1,0.8776966695257953,1.0,0,TC_MUMBAI_01,0,,
28.064008986246684,2,0.8467062123161478,1.0,0,TC_MUMBAI_01,0,,
54.65280894709914,1,0.8261739974214158,1.0,0,TC_PUNE_03,0,,
24.33498465995155,1,0.872266149726393,1.0,0,TC_NASHIK_02,0,,
26.79218819669671,1,0.8857782313657208,1.0,0,TC_NASHIK_02,0,,
59.295278448023325,1,0.8202116244988996,1.0,0,TC_NASHIK_02,0,,
23.08796196457633,1,0.9231205442612529,1.0,0,TC_MUMBAI_01,0,,
33.613292411169084,1,0.7292141783976852,1.0,0,TC_PUNE_03,0,,
16.589194755918342,1,0.8673943459670826,1.0,0,TC_NASHIK_02,0,,
47.662944383262165,1,0.9530784616951233,1.0,0,TC_PUNE_03,0,,
45.68882311642563,1,0.9014442863869657,1.0,0,TC_NAGPUR_01,0,,
29.085010048177875,1,0.7831724317643901,1.0,0,TC_MUMBAI_01,0,,
40.8708207846965,1,0.6586104625403993,1.0,1,TC_PUNE_03,0,,
57.95219593216192,1,0.8762133579021013,1.0,0,TC_MUMBAI_01,0,,
51.77792001342623,1,0.827123903639163,1.0,0,TC_NAGPUR_01,0,,
1.3446866675977138,17,,,1,TC_NAGPUR_01,1,0.1841803860449089,0.0
44.176481975811456,1,0.7876377055303464,1.0,0,TC_PUNE_03,0,,
51.80217964248249,1,0.9216776207313038,1.0,0,TC_MUMBAI_01,0,,
34.17863081978395,1,0.7125377995430666,1.0,0,TC_PUNE_03,0,,
46.728794640197634,1,0.7633322193306022,1.0,0,TC_NASHIK_02,0,,
18.886708804843938,1,0.9405149335237238,1.0,0,TC_NAGPUR_01,0,,
56.775565663272836,1,0.825225088628347,1.0,0,TC_NASHIK_02,0,,
59.0988992367195,1,0.7392811373293722,1.0,0,TC_PUNE_03,0,,
1.3101040825554537,7,,,1,TC_NAGPUR_01,1,0.34507502081052244,0.0
59.455706765725104,1,0.965328513104814,1.0,0,TC_NAGPUR_01,0,,
28.83449157311136,1,0.9246961607957563,1.0,0,TC_MUMBAI_01,0,,
38.743649528857304,1,0.825587839322066,1.0,0,TC_PUNE_03,0,,
59.296093895295826,1,0.7539979810773755,1.0,0,TC_MUMBAI_01,0,,
1.9304661039494289,22,,,1,TC_RURAL_MALPRACTICE_09,1,0.29101250168321413,0.0
53.376327113727285,1,0.9176837338554816,1.0,0,TC_PUNE_03,0,,
25.562696837392874,1,0.815663806591078,1.0,0,TC_NASHIK_02,0,,
40.065561954885254,1,0.9482331037019354,1.0,0,TC_NASHIK_02,0,,
39.61733447974932,1,0.772860414605298,1.0,0,TC_PUNE_03,0,,
38.498408464294315,1,0.8920835933881981,1.0,0,TC_MUMBAI_01,0,,
51.66824007570581,1,0.8761551688012854,1.0,0,TC_MUMBAI_01,0,,
31.92074074991834,1,0.74228102455152,1.0,0,TC_NAGPUR_01,0,,
26.84391759986329,1,0.8165509073710518,1.0,0,TC_NASHIK_02,0,,
35.047381541055046,1,0.9410884841039058,1.0,0,TC_NAGPUR_01,0,,
27.651825494549406,2,0.7044544789299392,1.0,0,TC_NAGPUR_01,0,,
37.21867913005873,1,0.7490333540162974,1.0,0,TC_NASHIK_02,0,,
1.1603556631586054,10,,,1,TC_RURAL_MALPRACTICE_09,1,0.4098009480448249,0.0
29.840292812943975,1,0.8020542649896436,1.0,0,TC_NASHIK_02,0,,
56.393450429675276,1,0.6996068657820192,1.0,0,TC_PUNE_03,0,,
47.731223101937,1,0.7246639334505867,1.0,0,TC_NAGPUR_01,0,,
31.609184110372325,1,0.8670251448831038,1.0,0,TC_NAGPUR_01,0,,
44.36074570924617,1,0.8366432066193572,1.0,0,TC_NAGPUR_01,0,,
25.02242184073691,1,0.9842461297975901,1.0,0,TC_PUNE_03,0,,
60.20568617063113,1,0.9275049196061654,1.0,0,TC_NAGPUR_01,0,,
46.682526259572676,1,0.9132580648082301,1.0,0,TC_NAGPUR_01,0,,
34.77765189876902,1,0.784274801024751,1.0,0,TC_PUNE_03,0,,
33.56805525083315,1,0.8496382773583235,1.0,0,TC_NAGPUR_01,0,,
27.953527591161727,1,0.8886317890964203,1.0,0,TC_MUMBAI_01,0,,
28.17061761289845,1,0.9349741895234631,1.0,0,TC_NASHIK_02,0,,
34.535658947636136,1,0.7705689026765025,1.0,0,TC_NAGPUR_01,0,,
22.284378071764895,1,0.9340908695867833,1.0,0,TC_NASHIK_02,0,,
62.61672090345221,1,0.6356586820165595,1.0,0,TC_MUMBAI_01,0,,
23.865513282967935,1,0.8505493904027874,1.0,0,TC_PUNE_03,0,,
36.516364786469005,1,0.7908333769415609,1.0,0,TC_NAGPUR_01,0,,
26.3004084269722,1,0.9272125452966384,1.0,0,TC_PUNE_03,0,,
36.674425080316446,1,0.951128318126913,1.0,0,TC_PUNE_03,0,,
21.15826291971341,1,0.9922436055980426,1.0,0,TC_PUNE_03,0,,
36.87925041429855,1,0.5355203204178116,1.0,0,TC_NASHIK_02,0,,
46.40863917465376,1,0.6499639904975484,1.0,0,TC_NAGPUR_01,0,,
57.38269811513651,1,0.9211711621822732,1.0,0,TC_NAGPUR_01,0,,
33.74269694364757,1,0.9161524438346719,1.0,0,TC_NAGPUR_01,0,,
38.53394958829167,2,0.6057764986592605,1.0,1,TC_NAGPUR_01,0,,
41.33337850633698,2,0.8299057611430138,1.0,0,TC_NASHIK_02,0,,
64.21069699501928,1,0.7888813278190533,1.0,0,TC_MUMBAI_01,0,,
47.854360278502874,1,0.7946028080923251,1.0,0,TC_PUNE_03,0,,
31.292703514219244,1,0.9735413587063538,1.0,0,TC_PUNE_03,0,,
29.28799061463976,1,0.876472640460309,1.0,0,TC_PUNE_03,0,,
45.68158502306494,1,0.7751915279431638,1.0,0,TC_NAGPUR_01,0,,
1.1512794791521364,9,,,1,TC_NAGPUR_01,1,0.18345501525998156,0.0
0.9661978086891452,13,,,1,TC_RURAL_MALPRACTICE_09,1,0.4051515525672531,1.0
0.8441389636041183,7,,,1,TC_RURAL_MALPRACTICE_09,1,0.5763786080671881,0.0
24.9131554587404,2,0.8623978229264448,1.0,0,TC_PUNE_03,0,,
45.67096228171263,1,0.7428383238174563,1.0,0,TC_NAGPUR_01,0,,
34.300202236154576,1,0.9106523651036497,1.0,0,TC_MUMBAI_01,0,,
31.537007756013004,2,0.8258312271814026,1.0,0,TC_MUMBAI_01,0,,
24.329871212186905,1,0.7901393321398911,1.0,0,TC_MUMBAI_01,0,,
46.506181599854635,2,0.9464975832150786,1.0,0,TC_PUNE_03,0,,
24.99828296794901,1,0.8745364512997595,1.0,0,TC_NASHIK_02,0,,
21.310475088785118,1,0.8101019144405166,1.0,0,TC_NASHIK_02,0,,
58.175351817197644,1,0.8320171770954277,1.0,0,TC_NASHIK_02,0,,
26.728695814582284,1,0.840257469932281,1.0,0,TC_NASHIK_02,0,,
43.57368263858595,1,0.8800035987611637,1.0,0,TC_NASHIK_02,0,,
51.47751609692409,1,0.682896015256267,1.0,1,TC_NASHIK_02,0,,
41.14048181447442,2,0.684977144944227,1.0,0,TC_NASHIK_02,0,,
28.12210553406832,1,0.9103888002685163,1.0,0,TC_MUMBAI_01,0,,
56.48655742925187,1,0.8672872366726189,1.0,0,TC_NAGPUR_01,0,,
57.83177583040088,1,0.6835555491835861,1.0,0,TC_PUNE_03,0,,
49.43160828279356,1,0.835482676838773,1.0,0,TC_NAGPUR_01,0,,
43.056450368228326,1,0.889218193567318,1.0,0,TC_NASHIK_02,0,,
44.366105527115856,1,0.9505708720145063,1.0,0,TC_NASHIK_02,0,,
0.6100304095926382,17,,,1,TC_NAGPUR_01,1,0.2666875854634898,0.0
27.925415983009074,1,0.8002509981262169,1.0,0,TC_MUMBAI_01,0,,
27.090734117325905,1,0.8926793475644541,1.0,0,TC_MUMBAI_01,0,,
48.500880902334885,1,0.9362365517483214,1.0,0,TC_MUMBAI_01,0,,
1.061696323172882,12,,,1,TC_RURAL_MALPRACTICE_09,1,0.5714483918472092,0.0
35.8445971495003,1,0.8878097871197007,1.0,0,TC_NAGPUR_01,0,,
48.57225453874576,1,0.8482283108875706,1.0,0,TC_PUNE_03,0,,
39.97519018351344,1,0.9176863563120924,1.0,0,TC_NASHIK_02,0,,
43.924362608567606,1,0.7436635097558989,1.0,0,TC_MUMBAI_01,0,,
40.261410689765164,1,0.7012787880637658,1.0,0,TC_NAGPUR_01,0,,
64.22301246439233,1,0.7693908392545019,1.0,0,TC_MUMBAI_01,0,,
44.906664889309376,1,0.8593163465939891,1.0,0,TC_PUNE_03,0,,
27.425266190520727,1,0.9411619616022769,1.0,0,TC_MUMBAI_01,0,,
45.66252770930223,1,0.8090223273437374,1.0,0,TC_NAGPUR_01,0,,
46.83633382319995,1,0.5672434615528583,1.0,0,TC_MUMBAI_01,0,,
27.178274696153355,1,0.7990102045340169,1.0,1,TC_MUMBAI_01,0,,
43.75134264953252,2,0.742938961120103,0.0,0,TC_MUMBAI_01,0,,
37.441631166944504,1,0.9279693099950963,1.0,0,TC_MUMBAI_01,0,,
53.085176482728585,1,0.8069094797606223,1.0,0,TC_NASHIK_02,0,,
30.967607495541106,1,0.8509841106194159,1.0,0,TC_PUNE_03,0,,
36.33370262797136,1,0.9427264587164078,1.0,0,TC_NAGPUR_01,0,,
45.49995349741268,1,0.8560278827444026,1.0,0,TC_PUNE_03,0,,
32.09036989377256,1,0.8471723812563451,1.0,0,TC_MUMBAI_01,0,,
40.18299805970767,1,0.9678165190646748,1.0,0,TC_NAGPUR_01,0,,
77.36067388986572,1,0.9806183929534434,1.0,0,TC_PUNE_03,0,,
51.10375698316484,1,0.9455461286937965,1.0,0,TC_PUNE_03,0,,
25.742977347718472,1,0.867088105430079,0.0,0,TC_MUMBAI_01,0,,
32.356031132735204,1,0.7393011974717614,1.0,0,TC_NAGPUR_01,0,,
1.4644575237395352,14,,,0,TC_NAGPUR_01,1,0.5572313605530232,0.0
45.10902042850075,1,0.8977666426417114,1.0,0,TC_NASHIK_02,0,,
31.008092760576613,1,0.878141822645002,1.0,0,TC_NASHIK_02,0,,
29.203414875502606,1,0.4985095051718602,1.0,0,TC_NASHIK_02,0,,
22.356156303662377,1,0.9230251097936705,1.0,0,TC_NAGPUR_01,0,,
52.49818400595185,1,0.958237432097656,1.0,0,TC_NAGPUR_01,0,,
40.06917438644477,1,0.9673286927751834,1.0,0,TC_MUMBAI_01,0,,
47.972333451896645,1,0.9062250109662794,1.0,0,TC_NASHIK_02,0,,
37.1440263673291,1,0.9171863925788691,1.0,0,TC_NASHIK_02,0,,
2.3223779127443245,21,,,1,TC_NAGPUR_01,1,0.2880338652630049,0.0
50.887851506697494,1,0.7635763732544151,1.0,1,TC_MUMBAI_01,0,,
19.159742070645045,1,0.7631115758916187,1.0,0,TC_MUMBAI_01,0,,
40.19633468141727,1,0.8783619698853204,1.0,0,TC_NAGPUR_01,0,,
31.21258422439847,1,0.9883999925027424,1.0,0,TC_NASHIK_02,0,,
38.56759239494646,1,0.6675883225223209,1.0,0,TC_NASHIK_02,0,,
45.70600754489658,1,0.9562479258500012,1.0,0,TC_MUMBAI_01,0,,
44.06052517796674,1,0.8367177294946191,1.0,0,TC_PUNE_03,0,,
48.22884016061931,1,0.8579910583931675,1.0,0,TC_MUMBAI_01,0,,
41.293181105155846,1,0.8820992797501452,1.0,0,TC_NASHIK_02,0,,
38.579743602585935,1,0.9187285879347341,1.0,0,TC_PUNE_03,0,,
2.1191783048052013,14,,,1,TC_NAGPUR_01,1,0.2641497132093145,0.0
37.3296570318344,1,0.9475237734291729,1.0,0,TC_NAGPUR_01,0,,
27.738027873383913,1,0.89950194430608,0.0,0,TC_NASHIK_02,0,,
38.25127873001165,1,0.8276091927637271,1.0,0,TC_NASHIK_02,0,,
32.63879084101009,1,0.8651755869531237,1.0,0,TC_NAGPUR_01,0,,
35.007478651976456,2,0.9811413795902431,1.0,1,TC_MUMBAI_01,0,,
51.38636501359418,1,0.9586929075634296,1.0,0,TC_MUMBAI_01,0,,
40.602828861704076,2,0.8546948859211896,0.0,0,TC_NAGPUR_01,0,,
43.35957475110761,1,0.8113957085878188,1.0,0,TC_NAGPUR_01,0,,
58.07871754029781,1,0.9413150736736821,1.0,0,TC_NASHIK_02,0,,
87.12784702062984,1,0.977002180101982,1.0,0,TC_PUNE_03,0,,
1.3108965451033894,13,,,1,TC_RURAL_MALPRACTICE_09,1,0.25884012283682883,1.0
1.7616658586936547,16,,,0,TC_RURAL_MALPRACTICE_09,1,0.3931383150882337,0.0
21.357807731256173,1,0.7570932960362958,1.0,0,TC_MUMBAI_01,0,,
41.52567601422115,1,0.8981974279747538,1.0,0,TC_MUMBAI_01,0,,
2.0234503519560096,10,,,1,TC_RURAL_MALPRACTICE_09,1,0.4189259923470475,0.0
28.00715647428093,1,0.9046423202597265,1.0,0,TC_NASHIK_02,0,,
21.983425324670684,2,0.9370241452436806,1.0,0,TC_MUMBAI_01,0,,
22.44780190249638,1,0.9716311134495886,1.0,0,TC_PUNE_03,0,,
62.87430619342591,1,0.8891654869912111,1.0,0,TC_PUNE_03,0,,
52.36882076103242,1,0.7898641352135947,1.0,0,TC_NASHIK_02,0,,
43.292201187221224,2,0.8968957807797009,1.0,0,TC_PUNE_03,0,,
27.51356079592859,1,0.9877632378824304,1.0,0,TC_NAGPUR_01,0,,
37.955706113156154,1,0.8748483647545111,1.0,0,TC_NASHIK_02,0,,
42.09567587049542,1,0.8570782960686475,1.0,0,TC_MUMBAI_01,0,,
22.270209532795405,1,0.5449425182039674,1.0,0,TC_MUMBAI_01,0,,
39.26360732106551,1,0.8835901011295293,1.0,0,TC_MUMBAI_01,0,,
46.16910683289217,1,0.8103772536804527,1.0,0,TC_PUNE_03,0,,
43.54613591642396,1,0.7302082636893278,1.0,0,TC_PUNE_03,0,,
28.991033060303455,1,0.700570460302119,1.0,0,TC_NAGPUR_01,0,,
26.48971973581538,1,0.8896269056535034,1.0,0,TC_MUMBAI_01,0,,
1.7094983448992216,8,,,1,TC_RURAL_MALPRACTICE_09,1,0.4668412309139103,0.0
20.260975040506523,1,0.9263215924272615,1.0,0,TC_NASHIK_02,0,,
49.5973430386047,1,0.7373400451538629,1.0,0,TC_NAGPUR_01,0,,
39.97727829002624,1,0.9455012880500614,1.0,0,TC_NAGPUR_01,0,,
30.784535665148766,1,0.6336937177240823,1.0,0,TC_NAGPUR_01,0,,
39.07713034376433,1,0.8342218567884232,1.0,0,TC_NAGPUR_01,0,,
49.72599379848069,1,0.7391195404407092,1.0,0,TC_NAGPUR_01,0,,
83.72985434382962,1,0.746884375723512,1.0,0,TC_NASHIK_02,0,,
39.09936615888306,2,0.835921455255349,1.0,0,TC_NASHIK_02,0,,
44.67920057061708,1,0.8956425945307847,1.0,0,TC_NAGPUR_01,0,,
30.968141063272718,1,0.9329363108701236,1.0,0,TC_PUNE_03,0,,
38.32404199727863,1,0.8236554346452868,1.0,0,TC_NASHIK_02,0,,
68.4258421565557,1,0.9151429655176964,1.0,0,TC_NAGPUR_01,0,,
38.56926661888934,1,0.9527667639186375,1.0,0,TC_MUMBAI_01,0,,
1.1028991021707022,7,,,1,TC_NAGPUR_01,1,0.3058742163216156,0.0
2.030873131315123,12,,,1,TC_NAGPUR_01,1,0.3352520039097907,0.0
52.37124152214127,1,0.5700925615541793,1.0,0,TC_PUNE_03,0,,
40.98402445647219,1,0.9156983529533023,1.0,0,TC_MUMBAI_01,0,,
41.915500658173606,2,0.6806130771392103,1.0,0,TC_PUNE_03,0,,
0.2988525508250843,21,,,0,TC_NAGPUR_01,1,0.5744805420735886,0.0
30.32398363278658,1,0.9079891455105716,1.0,1,TC_MUMBAI_01,0,,
27.451048259765216,1,0.4495612923667236,1.0,0,TC_MUMBAI_01,0,,
76.13415739332795,1,0.8480391728627579,1.0,0,TC_NASHIK_02,0,,
42.881315098720165,2,0.7866772061262196,1.0,0,TC_PUNE_03,0,,
18.74228557193863,1,0.9426788302660296,1.0,0,TC_NASHIK_02,0,,
50.039319295631714,1,0.9348283084704448,1.0,0,TC_PUNE_03,0,,
27.512801544486237,1,0.7701275677212419,1.0,0,TC_NAGPUR_01,0,,
42.75524586793977,1,0.9101732623053871,1.0,0,TC_PUNE_03,0,,
26.74778662714143,1,0.8154192894924545,1.0,0,TC_NAGPUR_01,0,,
46.095795012281194,1,0.9725277222065692,1.0,0,TC_NAGPUR_01,0,,
33.871312509174736,1,0.8936881489833876,1.0,0,TC_NASHIK_02,0,,
29.2286895296997,1,0.8780467147064259,1.0,0,TC_PUNE_03,0,,
60.39851868169618,1,0.6124669837026998,1.0,0,TC_NAGPUR_01,0,,
35.05173813892095,1,0.8684093988030274,1.0,0,TC_MUMBAI_01,0,,
35.314141823127855,1,0.8717126523184567,1.0,0,TC_MUMBAI_01,0,,
67.58716011631586,1,0.8070916030658656,1.0,0,TC_NAGPUR_01,0,,
31.46324913222591,1,0.7150018029719127,1.0,0,TC_MUMBAI_01,0,,
27.445287968328163,1,0.8591289341250767,1.0,0,TC_NASHIK_02,0,,
19.436573258994876,1,0.8084868974967028,1.0,0,TC_PUNE_03,0,,
62.47711923038705,1,0.7868511079550031,1.0,0,TC_NAGPUR_01,0,,
71.54201469134192,1,0.9755435293678294,1.0,0,TC_NASHIK_02,0,,
44.16736947546933,1,0.8769626700136404,1.0,0,TC_MUMBAI_01,0,,
22.244438295123608,1,0.8969302313460411,1.0,0,TC_NAGPUR_01,0,,
42.17637464171961,1,0.9593545940024465,1.0,0,TC_NAGPUR_01,0,,
18.174922678720847,1,0.4634030716548408,1.0,0,TC_NAGPUR_01,0,,
44.25889118862165,1,0.8314641231296322,1.0,0,TC_NASHIK_02,0,,
35.9594978950955,1,0.9501295595418479,1.0,0,TC_PUNE_03,0,,
52.77636541729024,1,0.897125792401226,1.0,0,TC_NAGPUR_01,0,,
33.85285985600785,1,0.8953746518944872,1.0,0,TC_MUMBAI_01,0,,
41.11506984655849,1,0.7905709327446168,1.0,0,TC_NASHIK_02,0,,
46.82822178912604,1,0.7996541029223165,1.0,0,TC_NAGPUR_01,0,,
0.9376151711409235,11,,,0,TC_NAGPUR_01,1,0.24086424949672386,0.0
25.169363505834394,1,0.9888203835424482,1.0,0,TC_NASHIK_02,0,,
49.79768618049332,1,0.9249999649707281,1.0,0,TC_NAGPUR_01,0,,
34.222212792129184,1,0.9136050876946018,1.0,0,TC_PUNE_03,0,,
47.431691067215404,1,0.697677717240803,1.0,0,TC_MUMBAI_01,0,,
98.7538982830749,1,0.9667940549597017,1.0,0,TC_PUNE_03,0,,
95.43420960375079,1,0.8714776533240769,1.0,0,TC_PUNE_03,0,,
33.04792047446873,1,0.7085982762651116,1.0,0,TC_PUNE_03,0,,
36.09046581366591,1,0.9967491171623288,1.0,0,TC_NAGPUR_01,0,,
112.73104210074952,1,0.6283803841128456,1.0,0,TC_PUNE_03,0,,
27.629007839852406,1,0.7243161117001161,1.0,0,TC_MUMBAI_01,0,,
43.25442181411057,1,0.8863757511120607,1.0,0,TC_PUNE_03,0,,
2.071733730025048,16,,,1,TC_RURAL_MALPRACTICE_09,1,0.4333528049075802,0.0
24.222040120333663,1,0.9404708046272134,1.0,0,TC_NASHIK_02,0,,
31.042882961841165,1,0.9222471280842147,1.0,0,TC_MUMBAI_01,0,,
48.2350346299675,1,0.6953860418241133,1.0,0,TC_PUNE_03,0,,
59.482079565993125,1,0.856238009192023,1.0,0,TC_MUMBAI_01,0,,
56.92193517506213,1,0.9858603121675722,1.0,0,TC_NASHIK_02,0,,
28.923723073720375,1,0.8721559237735925,1.0,0,TC_NASHIK_02,0,,
34.668298290235356,1,0.8095213322480638,1.0,0,TC_NAGPUR_01,0,,
97.2067939837896,2,0.9601440398605428,1.0,0,TC_NASHIK_02,0,,
40.56601921392094,1,0.9571550124571313,1.0,0,TC_MUMBAI_01,0,,
20.40013032067102,1,0.7731468634558945,1.0,0,TC_PUNE_03,0,,
82.72782876872711,1,0.8802493579430575,1.0,0,TC_NAGPUR_01,0,,
35.08028099829811,1,0.8092581370969721,1.0,0,TC_MUMBAI_01,0,,
20.890039994871106,1,0.6640020601572032,1.0,0,TC_NAGPUR_01,0,,
24.175198812540156,1,0.9371133000812706,1.0,0,TC_NASHIK_02,0,,
36.4592987699627,1,0.8180213595003297,1.0,0,TC_PUNE_03,0,,
30.31283765657423,1,0.9047501115899185,1.0,0,TC_PUNE_03,0,,
35.255847748841255,1,0.6917558202087503,1.0,0,TC_NASHIK_02,0,,
32.4860271622304,2,0.6600607113575698,1.0,0,TC_PUNE_03,0,,
74.3164970332978,1,0.8190130780324922,1.0,0,TC_NASHIK_02,0,,
40.681903277291646,1,0.8779329357357774,1.0,0,TC_PUNE_03,0,,
69.94696907937355,1,0.831617413580357,1.0,0,TC_NAGPUR_01,0,,
24.269010466390498,1,0.8216099004073325,1.0,0,TC_MUMBAI_01,0,,
23.81236189284462,1,0.7257270621370939,1.0,0,TC_PUNE_03,0,,
51.184614099500365,1,0.7918825633590295,1.0,0,TC_NAGPUR_01,0,,
41.56137001917542,1,0.9545726133722636,1.0,0,TC_MUMBAI_01,0,,
72.08533879203814,1,0.9171061959151837,1.0,0,TC_NAGPUR_01,0,,
31.047277420694815,1,0.8196392275887333,1.0,0,TC_NASHIK_02,0,,
53.54630092704157,1,0.7784964160752288,1.0,0,TC_NASHIK_02,0,,
31.57006643655186,1,0.7989698657383096,1.0,1,TC_MUMBAI_01,0,,
25.296001440977825,1,0.8719982826286703,1.0,0,TC_NAGPUR_01,0,,
42.9973018257515,1,0.7989443926449821,1.0,0,TC_NASHIK_02,0,,
69.75266933041797,1,0.9286720551176382,1.0,0,TC_PUNE_03,0,,
42.07830323939604,1,0.602523443494224,1.0,0,TC_MUMBAI_01,0,,
69.56211672267192,1,0.8798470171143735,1.0,0,TC_PUNE_03,0,,
29.892489514211512,1,0.7088712951885384,1.0,0,TC_MUMBAI_01,0,,
29.337313499488396,1,0.916805780916711,1.0,0,TC_NAGPUR_01,0,,
44.591506097896975,1,0.9360699291931908,1.0,0,TC_NASHIK_02,0,,
31.296403202397745,1,0.907903619493069,1.0,0,TC_NAGPUR_01,0,,
35.594642392176176,1,0.7528694673815733,1.0,0,TC_NASHIK_02,0,,
36.49466908140971,1,0.975773352671117,1.0,0,TC_NAGPUR_01,0,,
35.302938605212546,1,0.7909716484246921,1.0,0,TC_PUNE_03,0,,
47.694440840619436,1,0.5548224441155408,1.0,0,TC_NASHIK_02,0,,
38.31717990513663,1,0.9291489037280376,1.0,0,TC_NASHIK_02,0,,
31.073850790853008,1,0.5732423560846649,1.0,0,TC_PUNE_03,0,,
24.811155449182575,1,0.8247598160034298,1.0,0,TC_MUMBAI_01,0,,
32.5514811133484,1,0.8412615945146545,1.0,0,TC_NASHIK_02,0,,
41.82382078704669,1,0.8134086544631485,1.0,0,TC_NAGPUR_01,0,,
40.41119603531968,1,0.5986415382746847,1.0,0,TC_MUMBAI_01,0,,
33.35631303104792,1,0.981457123259074,1.0,0,TC_MUMBAI_01,0,,
46.87451971513365,1,0.9057351946416653,1.0,0,TC_PUNE_03,0,,
30.16324753293132,1,0.5436448038447791,1.0,0,TC_PUNE_03,0,,
28.719356927336147,2,0.9537528936378366,1.0,0,TC_MUMBAI_01,0,,
31.455519186242597,1,0.6159255829489363,1.0,0,TC_NASHIK_02,0,,
45.65956737334384,1,0.8311300955841091,1.0,0,TC_NASHIK_02,0,,
43.198879945568066,2,0.9042555700611443,1.0,0,TC_PUNE_03,0,,
42.36433948775194,1,0.7764449059409483,1.0,0,TC_PUNE_03,0,,
29.34540341095773,1,0.9042675056744831,1.0,0,TC_NAGPUR_01,0,,
51.16095572582198,1,0.8128103250794404,1.0,0,TC_MUMBAI_01,0,,
51.242557427828125,1,0.7332692070182512,1.0,0,TC_PUNE_03,0,,
34.70567057007668,2,0.9685472499437586,1.0,1,TC_PUNE_03,0,,
49.135934427769236,1,0.8404408981786956,1.0,0,TC_MUMBAI_01,0,,
68.90203850247383,1,0.8703454515172965,1.0,0,TC_NAGPUR_01,0,,
38.54453754510489,1,0.9565647542197253,1.0,0,TC_MUMBAI_01,0,,
45.79305971864771,1,0.7387926461022909,1.0,0,TC_NASHIK_02,0,,
45.4511950833805,1,0.7130507992251718,1.0,0,TC_PUNE_03,0,,
39.7930995519738,2,0.9585776758291874,1.0,0,TC_NAGPUR_01,0,,
55.89339759634408,1,0.6401532967164227,1.0,0,TC_MUMBAI_01,0,,
87.29663098480587,1,0.717260571349139,1.0,0,TC_NAGPUR_01,0,,
37.90994081130744,1,0.803172057272408,1.0,0,TC_NAGPUR_01,0,,
26.681946173672948,1,0.8444454565490815,1.0,0,TC_NAGPUR_01,0,,
32.24738383297475,1,0.8831435788357704,1.0,0,TC_NASHIK_02,0,,
24.973322992745878,1,0.8045361073462619,1.0,0,TC_NAGPUR_01,0,,
35.45573969636232,2,0.8701532176046793,1.0,0,TC_NAGPUR_01,0,,
33.55313950027531,1,0.882521775033248,1.0,0,TC_MUMBAI_01,0,,
32.576024020096,1,0.7739690338259354,1.0,0,TC_MUMBAI_01,0,,
64.61538650061318,1,0.900532633567052,1.0,0,TC_NAGPUR_01,0,,
52.66357121197568,2,0.8779843895245771,1.0,0,TC_NAGPUR_01,0,,
42.81826292937068,1,0.5888814531100991,1.0,0,TC_PUNE_03,0,,
30.79709385011696,1,0.9843951536159481,1.0,0,TC_PUNE_03,0,,
44.20039303703939,1,0.7234643467589439,1.0,0,TC_NAGPUR_01,0,,
44.014269458872214,1,0.5513029419205344,1.0,0,TC_NAGPUR_01,0,,
23.41176557519544,1,0.8827254783224827,1.0,0,TC_NAGPUR_01,0,,
53.19070764411951,1,0.6985047373036443,1.0,0,TC_NAGPUR_01,0,,
37.47722451025727,1,0.987239423897236,1.0,0,TC_NASHIK_02,0,,
21.472906926022223,1,0.6134904152294666,1.0,0,TC_NASHIK_02,0,,
24.44338323431285,1,0.7144312206571243,1.0,0,TC_MUMBAI_01,0,,
38.08408772952872,1,0.9155469448622642,1.0,0,TC_NAGPUR_01,0,,
0.21173690486241412,19,,,1,TC_RURAL_MALPRACTICE_09,1,0.29018679946327686,0.0
28.320228636696996,2,0.9598170816424879,1.0,0,TC_MUMBAI_01,0,,
48.31991537701124,1,0.9228633659589159,1.0,0,TC_NASHIK_02,0,,
31.372998971290443,1,0.9507302977404942,1.0,0,TC_MUMBAI_01,0,,
91.07225192607928,1,0.8791665596905583,1.0,0,TC_MUMBAI_01,0,,
15.292956296609047,1,0.8660607890222882,1.0,0,TC_NAGPUR_01,0,,
25.678808522608445,1,0.948869812326956,1.0,0,TC_NASHIK_02,0,,
48.38244310736984,1,0.6603350357906723,1.0,0,TC_NASHIK_02,0,,
45.41854439785748,1,0.48243259039218295,1.0,0,TC_NAGPUR_01,0,,
27.90272902254134,1,0.9734404976199212,1.0,0,TC_PUNE_03,0,,
34.25040142053348,1,0.922439984691664,1.0,0,TC_MUMBAI_01,0,,
27.81913219273786,1,0.8242619838172524,1.0,0,TC_NAGPUR_01,0,,
34.56953006067911,1,0.9428258757681882,1.0,0,TC_NAGPUR_01,0,,
34.880973795705486,1,0.7388333923110126,1.0,0,TC_NAGPUR_01,0,,
28.07792260672758,1,0.9331940362576019,1.0,1,TC_MUMBAI_01,0,,
1.1176568349695402,13,,,1,TC_NAGPUR_01,1,0.30737644905738815,0.0
45.72241208224234,1,0.9038045863173282,1.0,0,TC_NAGPUR_01,0,,
55.464046959424905,1,0.9934240076149646,1.0,0,TC_NAGPUR_01,0,,
58.522637748722865,1,0.6716513885984012,1.0,1,TC_NAGPUR_01,0,,
36.55864416231906,1,0.9754275430529387,1.0,0,TC_PUNE_03,0,,
39.16689610608516,1,0.7938677987444102,1.0,0,TC_NASHIK_02,0,,
41.0009539962887,1,0.5848250019672377,1.0,0,TC_MUMBAI_01,0,,
35.191855694381886,1,0.7881463748283949,1.0,0,TC_NASHIK_02,0,,
67.2389688184165,1,0.9001687878370883,1.0,0,TC_NAGPUR_01,0,,
70.94770233938453,1,0.8903561744594207,1.0,0,TC_PUNE_03,0,,
35.9493168361896,1,0.9810114347008769,1.0,0,TC_MUMBAI_01,0,,
43.05470179465602,1,0.7652081747224727,1.0,0,TC_PUNE_03,0,,
25.147926635158797,1,0.9865252581645914,1.0,0,TC_MUMBAI_01,0,,
60.0783638682195,1,0.8805017543993601,1.0,0,TC_PUNE_03,0,,
32.70260983746509,1,0.8280794172907914,1.0,0,TC_NASHIK_02,0,,
37.489451179078245,1,0.6930995871731948,1.0,0,TC_NASHIK_02,0,,
48.74480401488233,2,0.6569372870766059,1.0,0,TC_PUNE_03,0,,
66.03133193377946,1,0.7080073071966649,1.0,0,TC_NAGPUR_01,0,,
37.83362301492561,2,0.9780114821306382,1.0,0,TC_MUMBAI_01,0,,
33.35214754897532,2,0.7414758216089389,1.0,0,TC_MUMBAI_01,0,,
68.90621408284663,1,0.9348840017815191,1.0,0,TC_PUNE_03,0,,
36.48125978143356,1,0.996025236486794,1.0,0,TC_NASHIK_02,0,,
45.34324948590663,1,0.6894141051613958,1.0,0,TC_MUMBAI_01,0,,
16.74682607873299,1,0.7193380187205535,1.0,0,TC_NASHIK_02,0,,
50.76082623558201,1,0.6432608364488677,1.0,0,TC_PUNE_03,0,,
0.2445038129338602,14,,,1,TC_NAGPUR_01,1,0.26351858883522294,0.0
52.03748872561652,1,0.8103868634829055,1.0,0,TC_NAGPUR_01,0,,
34.02683902064358,1,0.7617953753446396,1.0,0,TC_NASHIK_02,0,,
37.824856693237436,1,0.8844190685261717,1.0,0,TC_NAGPUR_01,0,,
38.43782628514755,1,0.8667923020978368,1.0,0,TC_MUMBAI_01,0,,
43.68420749989498,1,0.9667786986353677,1.0,0,TC_NASHIK_02,0,,
33.29225401911857,1,0.8091091965144219,1.0,0,TC_NAGPUR_01,0,,
48.43086435198241,1,0.8469861588013995,1.0,0,TC_NAGPUR_01,0,,
36.74136304580237,1,0.7951954377208468,1.0,0,TC_MUMBAI_01,0,,
27.53206926797957,1,0.7045859946337701,1.0,0,TC_NAGPUR_01,0,,
1.6020606177863126,9,,,1,TC_RURAL_MALPRACTICE_09,1,0.18473065401079047,1.0
30.98186110424097,1,0.916316725414197,1.0,0,TC_NASHIK_02,0,,
50.734321734243096,1,0.6834857972778001,1.0,0,TC_MUMBAI_01,0,,
55.73773307189971,1,0.8268016399776184,1.0,0,TC_NAGPUR_01,0,,
24.374759680016357,2,0.6999971325736541,1.0,0,TC_MUMBAI_01,0,,
55.480862722696976,1,0.9507203496714904,1.0,0,TC_PUNE_03,0,,
55.107834172099174,2,0.9734533974046422,1.0,0,TC_NAGPUR_01,0,,
47.90873487037344,2,0.7977298552998374,1.0,0,TC_PUNE_03,0,,
47.15169817277856,1,0.9154766771547904,1.0,0,TC_NASHIK_02,0,,
31.77855064499822,1,0.8274417441317165,1.0,0,TC_NAGPUR_01,0,,
42.975269065752805,1,0.5995589332365345,1.0,0,TC_PUNE_03,0,,
29.402499323113314,1,0.9643842920648922,1.0,0,TC_NAGPUR_01,0,,
21.112202534956754,1,0.8466793933228612,1.0,0,TC_MUMBAI_01,0,,
47.42177129534453,2,0.9133831678717992,1.0,0,TC_MUMBAI_01,0,,
43.25015017321432,1,0.9309559286848873,1.0,0,TC_NASHIK_02,0,,
45.46096936192896,1,0.8937027259846216,1.0,0,TC_NAGPUR_01,0,,
30.441565920199395,2,0.939140057179328,1.0,0,TC_PUNE_03,0,,
0.6259368772949101,17,,,1,TC_RURAL_MALPRACTICE_09,1,0.535986716648897,1.0
50.35690770459295,1,0.8996367948224026,1.0,0,TC_PUNE_03,0,,
33.960849120050696,1,0.7726713388744949,1.0,0,TC_PUNE_03,0,,
38.360533622007814,1,0.7634770090285861,1.0,0,TC_PUNE_03,0,,
47.29506935456758,1,0.8974761663547663,1.0,0,TC_MUMBAI_01,0,,
34.14777048737474,1,0.8425898097586177,1.0,0,TC_MUMBAI_01,0,,
51.122083779711275,1,0.9613933644652872,1.0,0,TC_MUMBAI_01,0,,
22.562214966418882,1,0.8054506954554155,1.0,0,TC_MUMBAI_01,0,,
43.70023494503177,2,0.8109120502342312,1.0,0,TC_PUNE_03,0,,
40.64232394370095,1,0.6828353704310417,1.0,0,TC_NASHIK_02,0,,
27.010219608277254,1,0.8076656880003719,1.0,0,TC_NAGPUR_01,0,,
38.898805991697365,1,0.9715382716351201,1.0,0,TC_NAGPUR_01,0,,
32.71015607881029,1,0.8583692173874103,1.0,0,TC_MUMBAI_01,0,,
36.72465356727635,1,0.809247501918769,1.0,0,TC_NAGPUR_01,0,,
46.59184618466866,1,0.9039990852503477,1.0,0,TC_PUNE_03,0,,
29.499013510476683,1,0.7038434595924409,1.0,0,TC_PUNE_03,0,,
53.58691849654472,1,0.9416865030379822,1.0,0,TC_NASHIK_02,0,,
48.49981111279115,2,0.7858259114798646,1.0,0,TC_MUMBAI_01,0,,
21.28773146500409,1,0.6745116682577689,1.0,0,TC_NAGPUR_01,0,,
31.009358810544875,2,0.9046686888738434,1.0,0,TC_MUMBAI_01,0,,
39.03361206354568,1,0.995630293271028,1.0,0,TC_MUMBAI_01,0,,
37.6376900408115,1,0.8659398856712383,1.0,0,TC_PUNE_03,0,,
26.404762155747047,2,0.9793892470697056,1.0,0,TC_NAGPUR_01,0,,
32.70109086722867,1,0.8539148863374781,1.0,0,TC_PUNE_03,0,,
32.51229299734599,1,0.8862142285059832,1.0,0,TC_NAGPUR_01,0,,
36.22408745072005,1,0.9270791880352175,0.0,0,TC_NAGPUR_01,0,,
25.57006586658946,1,0.8770768399480043,1.0,0,TC_PUNE_03,0,,
28.56568947345614,1,0.7744416454993001,1.0,0,TC_NASHIK_02,0,,
41.192557676682625,1,0.978703767935259,1.0,1,TC_NAGPUR_01,0,,
1.4135191499740658,8,,,1,TC_RURAL_MALPRACTICE_09,1,0.4093746558896577,0.0
1.8618063495127124,17,,,1,TC_RURAL_MALPRACTICE_09,1,0.38827814406754285,0.0
25.579738297395544,1,0.9481940821406813,1.0,0,TC_MUMBAI_01,0,,
34.0364695239827,1,0.8172838264289191,1.0,0,TC_NASHIK_02,0,,
45.31831016226631,1,0.9378484355894973,1.0,0,TC_MUMBAI_01,0,,
0.4159738284473344,17,,,1,TC_RURAL_MALPRACTICE_09,1,0.5494676623876126,0.0
25.399925079862918,1,0.6732210049832572,1.0,0,TC_NAGPUR_01,0,,
48.974129849417274,1,0.8758155375696951,1.0,0,TC_MUMBAI_01,0,,
51.65037622460827,1,0.9890865844628702,1.0,0,TC_MUMBAI_01,0,,
40.83470747315848,1,0.6111971666314139,1.0,0,TC_PUNE_03,0,,
39.08513258797507,1,0.5657227584796217,1.0,0,TC_NASHIK_02,0,,
22.767098190248333,1,0.7931664971564218,1.0,0,TC_NAGPUR_01,0,,
19.648048653760693,1,0.7872194440853219,1.0,0,TC_NAGPUR_01,0,,
40.10468467485891,1,0.7715003118181919,1.0,0,TC_PUNE_03,0,,
28.14615823132089,1,0.9213110639633288,1.0,0,TC_MUMBAI_01,0,,
50.27382942735669,1,0.8339410399027953,1.0,0,TC_NAGPUR_01,0,,
45.53590253102313,1,0.9709544628332246,1.0,0,TC_NASHIK_02,0,,
51.7088392743303,1,0.8947161422267118,1.0,0,TC_MUMBAI_01,0,,
92.87373569917399,1,0.9210905353798388,1.0,0,TC_MUMBAI_01,0,,
58.10421825806052,1,0.8909135841828256,1.0,0,TC_NASHIK_02,0,,
51.06434879780112,1,0.7975134333197267,1.0,0,TC_PUNE_03,0,,
42.66882857926332,1,0.9755857188625621,1.0,0,TC_NASHIK_02,0,,
44.01339771865255,1,0.902198462112367,1.0,0,TC_MUMBAI_01,0,,
37.669107598986535,1,0.9538144421106622,1.0,0,TC_PUNE_03,0,,
48.74360959074052,1,0.8624973308266829,1.0,0,TC_NASHIK_02,0,,
52.58976241755794,1,0.9507412046241559,1.0,0,TC_PUNE_03,0,,
37.28783119458097,1,0.923786053004125,1.0,0,TC_MUMBAI_01,0,,
28.811177179482833,1,0.9557907746620665,1.0,0,TC_MUMBAI_01,0,,
22.949405578421924,2,0.9152210876687532,1.0,0,TC_NAGPUR_01,0,,
46.07921997700485,1,0.9439882614561081,1.0,0,TC_PUNE_03,0,,
70.23658401992124,1,0.9783606804453746,1.0,0,TC_NASHIK_02,0,,
28.31951322416936,1,0.6048000472082091,1.0,0,TC_MUMBAI_01,0,,
23.646438067813197,1,0.6530998223429584,1.0,0,TC_PUNE_03,0,,
36.63119021121156,1,0.8163863947251108,1.0,0,TC_PUNE_03,0,,
0.6401648845652013,17,,,1,TC_RURAL_MALPRACTICE_09,1,0.38983913515750634,0.0
25.488862322836887,1,0.936834857146451,1.0,0,TC_NASHIK_02,0,,
0.2316098553391673,9,,,1,TC_RURAL_MALPRACTICE_09,1,0.15069985518183462,0.0
50.76720139156365,1,0.9153295033289239,0.0,0,TC_NASHIK_02,0,,
45.06660153071985,1,0.9492577586990752,1.0,0,TC_MUMBAI_01,0,,
44.97255919029071,1,0.8677414396099832,1.0,0,TC_PUNE_03,0,,
45.429239690862815,1,0.9163253000716532,1.0,0,TC_PUNE_03,0,,
40.82413794947023,1,0.857152448427945,1.0,0,TC_PUNE_03,0,,
37.346694264545974,1,0.8203036749632486,1.0,0,TC_NAGPUR_01,0,,
27.25251264421031,1,0.6493330183373986,1.0,0,TC_NASHIK_02,0,,
1.4854708392264826,6,,,1,TC_RURAL_MALPRACTICE_09,1,0.4479184274923982,1.0
1.5173287806253772,16,,,0,TC_RURAL_MALPRACTICE_09,1,0.3847993924144071,0.0
25.408179957887146,1,0.8747171349008455,1.0,0,TC_NASHIK_02,0,,
21.09879025131833,2,0.6827709173702436,1.0,0,TC_MUMBAI_01,0,,
17.933458800068085,2,0.9552081697035051,1.0,0,TC_MUMBAI_01,0,,
37.49387854008123,1,0.9367103082655215,1.0,0,TC_NAGPUR_01,0,,
49.570533968976946,1,0.8724463173285212,1.0,0,TC_PUNE_03,0,,
29.076635714137137,1,0.7793022003611997,1.0,0,TC_MUMBAI_01,0,,
109.30937284623286,1,0.5907071683137478,1.0,0,TC_NASHIK_02,0,,
69.46934102084536,1,0.858283320197002,1.0,0,TC_NAGPUR_01,0,,
35.35397614696373,1,0.7705980495918057,1.0,0,TC_NAGPUR_01,0,,
17.21532940827979,1,0.9727557930295074,1.0,0,TC_PUNE_03,0,,
44.203589116287795,1,0.8034262383237936,1.0,0,TC_MUMBAI_01,0,,
21.971442710826196,1,0.8994555857773893,1.0,0,TC_MUMBAI_01,0,,
2.070805589742098,23,,,1,TC_RURAL_MALPRACTICE_09,1,0.3259168591998894,0.0
29.265398512328584,1,0.7242445608156882,1.0,0,TC_PUNE_03,0,,
35.6126513593031,1,0.6226672926092214,1.0,0,TC_MUMBAI_01,0,,
55.87912390034755,1,0.6571896721814461,1.0,0,TC_NASHIK_02,0,,
64.43610331292128,1,0.8464005717775255,1.0,0,TC_NASHIK_02,0,,
27.936951360337734,1,0.587228657452485,1.0,0,TC_NAGPUR_01,0,,
40.67914940556874,1,0.9203004262385449,1.0,0,TC_PUNE_03,0,,
24.467094534580117,1,0.5935772193092103,1.0,0,TC_MUMBAI_01,0,,
48.15596876431545,1,0.8308169097686403,1.0,0,TC_NASHIK_02,0,,
37.22526041474359,1,0.916184371567273,1.0,0,TC_NAGPUR_01,0,,
42.169534665023754,1,0.8973627872872065,1.0,0,TC_MUMBAI_01,0,,
67.14644938897635,1,0.8095781430125171,1.0,0,TC_MUMBAI_01,0,,
1.120628257771924,6,,,1,TC_RURAL_MALPRACTICE_09,1,0.39615505659351014,0.0
32.036736066576104,1,0.8733444759337242,1.0,0,TC_MUMBAI_01,0,,
25.226440296751115,1,0.849891194781379,1.0,0,TC_PUNE_03,0,,
48.732046376120856,1,0.8100244493321047,1.0,0,TC_PUNE_03,0,,
52.81439010441097,1,0.8570979894603329,1.0,0,TC_NASHIK_02,0,,
62.03807571047831,1,0.6977029886452921,1.0,0,TC_NASHIK_02,0,,
93.0848709086755,1,0.9386157391530047,1.0,0,TC_NAGPUR_01,0,,
0.9998572568746016,8,,,1,TC_RURAL_MALPRACTICE_09,1,0.1514782326833063,0.0
69.58368351643209,1,0.7392881830528744,1.0,0,TC_MUMBAI_01,0,,
55.944624966544396,1,0.9630402734993332,1.0,0,TC_PUNE_03,0,,
31.190257544685647,1,0.9477435570600805,1.0,1,TC_NAGPUR_01,0,,
44.488353487828505,1,0.7661284209332778,1.0,0,TC_MUMBAI_01,0,,
24.480445132069462,1,0.7991417992303284,1.0,0,TC_NASHIK_02,0,,
88.92044966580364,1,0.9794246760796557,1.0,0,TC_PUNE_03,0,,
35.51895885953655,1,0.9394758166942813,1.0,0,TC_NAGPUR_01,0,,
1.063967782003139,10,,,1,TC_RURAL_MALPRACTICE_09,1,0.45522683380348383,0.0
28.611426254825,1,0.7139179772844617,1.0,0,TC_NASHIK_02,0,,
67.2917415920904,1,0.8221261651043502,1.0,0,TC_PUNE_03,0,,
46.79760667813079,1,0.7857668191523638,0.0,0,TC_NAGPUR_01,0,,
51.883314145442434,1,0.7357539061757025,1.0,0,TC_NASHIK_02,0,,
30.93664786563108,1,0.9475244290461344,1.0,0,TC_MUMBAI_01,0,,
38.86188226912265,1,0.8028152904940178,1.0,0,TC_PUNE_03,0,,
21.24096305211265,2,0.7812257982097149,1.0,0,TC_MUMBAI_01,0,,
26.266589502756442,1,0.8677723384165236,1.0,0,TC_NAGPUR_01,0,,
28.11852239383696,1,0.7500040560313811,1.0,0,TC_NASHIK_02,0,,
38.47923352834391,1,0.9434090548436953,1.0,1,TC_NAGPUR_01,0,,
1.9546941845721026,20,,,1,TC_NAGPUR_01,1,0.5005620875557645,0.0
43.95559660773312,1,0.9154689031553529,1.0,0,TC_PUNE_03,0,,
21.849597761849243,1,0.7368890931028756,1.0,0,TC_MUMBAI_01,0,,
22.500490979061045,1,0.9754100015120236,1.0,0,TC_PUNE_03,0,,
29.640428693538777,1,0.9537847176423013,1.0,0,TC_PUNE_03,0,,
38.787505678452945,1,0.9443903217698467,1.0,0,TC_MUMBAI_01,0,,
38.61693452540896,1,0.9557470224910909,1.0,0,TC_NASHIK_02,0,,
27.37874244112935,1,0.9211084092150165,1.0,0,TC_MUMBAI_01,0,,
32.54289180542567,1,0.9686716015469893,1.0,0,TC_NASHIK_02,0,,
37.53301493260382,1,0.8206806921385582,1.0,0,TC_NAGPUR_01,0,,
1.2529540680329339,15,,,1,TC_NAGPUR_01,1,0.38862372117710153,0.0
0.43213144858699387,7,,,0,TC_RURAL_MALPRACTICE_09,1,0.1520121255052113,0.0
27.287297179991043,1,0.8604862559752293,1.0,0,TC_MUMBAI_01,0,,
45.396754040337925,1,0.49859311667271883,1.0,0,TC_NAGPUR_01,0,,
45.03897658185852,1,0.8296578513513565,1.0,0,TC_NAGPUR_01,0,,
26.969447927545207,2,0.7865599497631529,1.0,0,TC_MUMBAI_01,0,,
46.10440024173906,1,0.8105729613996819,1.0,0,TC_PUNE_03,0,,
0.4658193187848534,10,,,1,TC_RURAL_MALPRACTICE_09,1,0.2638115355881774,0.0
57.869996125884825,1,0.7473397507908697,1.0,0,TC_PUNE_03,0,,
44.15405464714469,1,0.7362744662494018,1.0,0,TC_MUMBAI_01,0,,
16.231328745384047,1,0.8554314280266676,1.0,0,TC_PUNE_03,0,,
1.9063065386285298,11,,,1,TC_NAGPUR_01,1,0.5737012496659983,0.0
56.66808335702127,1,0.9417829952943214,1.0,0,TC_MUMBAI_01,0,,
27.638131253577523,1,0.8450132232615192,1.0,0,TC_PUNE_03,0,,
1.368084732082693,13,,,1,TC_RURAL_MALPRACTICE_09,1,0.4095806537568676,0.0
44.062877119540296,1,0.9468889936306779,1.0,0,TC_MUMBAI_01,0,,
49.86184643545983,1,0.8967351854204032,1.0,0,TC_MUMBAI_01,0,,
42.52289515671743,1,0.7283436265359212,1.0,0,TC_NASHIK_02,0,,
38.155824682546154,1,0.7890528215923703,1.0,0,TC_NASHIK_02,0,,
59.454816961452366,1,0.7888528150357909,1.0,0,TC_MUMBAI_01,0,,
0.21385336219763193,18,,,1,TC_RURAL_MALPRACTICE_09,1,0.3093069063893831,0.0
33.29765381575226,1,0.8868280871543083,1.0,0,TC_MUMBAI_01,0,,
32.14593170284111,1,0.491046266201382,1.0,0,TC_NAGPUR_01,0,,
47.57802195970135,1,0.5501186910105857,1.0,0,TC_PUNE_03,0,,
31.1979957728238,1,0.9873968175767839,1.0,0,TC_NASHIK_02,0,,
46.37270028072519,1,0.8496282915961714,1.0,0,TC_PUNE_03,0,,
0.6882358022564342,22,,,1,TC_RURAL_MALPRACTICE_09,1,0.31399247477453784,0.0
41.619813397034186,1,0.9118480191503647,1.0,0,TC_MUMBAI_01,0,,
0.5548588453750929,9,,,0,TC_RURAL_MALPRACTICE_09,1,0.38390290058999227,1.0
44.769852343854836,1,0.8379478684204923,1.0,0,TC_NAGPUR_01,0,,
22.703118090284484,1,0.9566494775635942,1.0,1,TC_PUNE_03,0,,
37.644283903178234,1,0.9924999737562352,1.0,0,TC_NASHIK_02,0,,
60.47325993267172,1,0.5579983408733648,1.0,0,TC_PUNE_03,0,,
28.895158997469572,1,0.9057275878193081,1.0,0,TC_MUMBAI_01,0,,
27.46823451043335,1,0.9200881782745506,1.0,0,TC_NAGPUR_01,0,,
25.79646332682938,2,0.8814078122941088,1.0,0,TC_PUNE_03,0,,
52.54169055114939,1,0.9318998090990216,1.0,0,TC_PUNE_03,0,,
74.93226538420127,2,0.9152078267629496,1.0,0,TC_NAGPUR_01,0,,
35.763892281024326,1,0.8803726495785047,1.0,0,TC_PUNE_03,0,,
44.80597113457642,1,0.9759133583747455,1.0,0,TC_PUNE_03,0,,
29.544310640822456,1,0.7007135198604004,1.0,0,TC_NASHIK_02,0,,
32.06606674539685,2,0.8865756543668408,1.0,0,TC_MUMBAI_01,0,,
41.5075936993932,1,0.813719043471719,1.0,0,TC_NAGPUR_01,0,,
32.33943881305625,1,0.783751523881486,1.0,0,TC_PUNE_03,0,,
33.455711712553395,1,0.7489989291143466,1.0,0,TC_MUMBAI_01,0,,
38.50759858927925,2,0.8335284217254074,1.0,0,TC_NAGPUR_01,0,,
45.11711371483572,1,0.8754622666434683,1.0,0,TC_NASHIK_02,0,,
45.015151956775064,2,0.754047736932784,1.0,0,TC_NAGPUR_01,0,,
91.92504265856212,2,0.7968099736355738,1.0,0,TC_PUNE_03,0,,
33.53459724795057,1,0.9066172872439894,1.0,0,TC_NASHIK_02,0,,
41.33936099929246,1,0.9811711577096975,1.0,0,TC_MUMBAI_01,0,,
27.596246846759115,1,0.8440324675132878,1.0,0,TC_NASHIK_02,0,,
29.4167685358347,1,0.8725757753859159,1.0,0,TC_NAGPUR_01,0,,
58.27348441440863,1,0.9497278587284828,1.0,0,TC_NASHIK_02,0,,
74.56080943489313,1,0.8866221848517707,1.0,0,TC_NAGPUR_01,0,,
39.12988712005886,2,0.9408506745669752,1.0,0,TC_PUNE_03,0,,
27.890150332655384,1,0.8455479699848037,1.0,0,TC_PUNE_03,0,,
23.485366151279436,1,0.8683012842591455,1.0,0,TC_NASHIK_02,0,,
66.21931284760132,1,0.9587982350671512,1.0,0,TC_PUNE_03,0,,
32.368136376096395,2,0.7554418240443965,1.0,0,TC_PUNE_03,0,,
24.278616421243317,1,0.9067332852459384,1.0,0,TC_NAGPUR_01,0,,
40.14740262733046,1,0.579069658297713,1.0,0,TC_PUNE_03,0,,
66.12659795529521,2,0.8129300090571564,1.0,0,TC_PUNE_03,0,,
39.874196577836855,2,0.8165364994326351,1.0,0,TC_NASHIK_02,0,,
17.54651793605986,1,0.7187218751295102,1.0,0,TC_NASHIK_02,0,,
65.11686721972056,1,0.6777609949259257,1.0,0,TC_NAGPUR_01,0,,
2.4407217248662523,9,,,1,TC_NAGPUR_01,1,0.459728857978988,0.0
58.902866640319566,1,0.7328909635044794,1.0,0,TC_MUMBAI_01,0,,
45.01662728349383,1,0.9698626010365158,1.0,0,TC_PUNE_03,0,,
58.29210495719936,1,0.8546707374297894,1.0,0,TC_PUNE_03,0,,
41.782586181895894,1,0.7584765066127322,1.0,0,TC_NAGPUR_01,0,,
49.871372819483256,1,0.8049397370378595,1.0,0,TC_MUMBAI_01,0,,
38.547370523017946,1,0.8104379913808184,1.0,0,TC_NASHIK_02,0,,
45.8038576116908,1,0.7013080892848973,1.0,0,TC_PUNE_03,0,,
42.45239505640857,1,0.7732478838698404,1.0,0,TC_NAGPUR_01,0,,
47.70803604422785,1,0.9302696543751467,1.0,0,TC_NASHIK_02,0,,
71.10110964951781,2,0.9822065234530831,1.0,0,TC_NASHIK_02,0,,
24.255967231598063,1,0.9602378809335341,1.0,0,TC_PUNE_03,0,,
19.35184980914811,1,0.7952555458861036,1.0,0,TC_NASHIK_02,0,,
28.67845778615584,1,0.6667480114573499,1.0,0,TC_MUMBAI_01,0,,
20.919456631788,2,0.7965013301071397,1.0,0,TC_NAGPUR_01,0,,
60.73991603921993,1,0.9532999511279882,1.0,0,TC_MUMBAI_01,0,,
50.085501393507464,1,0.9771790063951156,1.0,0,TC_PUNE_03,0,,
0.37113595363361407,13,,,1,TC_NAGPUR_01,1,0.17964137716707607,0.0
43.32711835840917,1,0.947303455741937,1.0,0,TC_MUMBAI_01,0,,
45.83682324261705,1,0.9997598106514658,1.0,0,TC_PUNE_03,0,,
30.710461929759745,1,0.8707397153927326,1.0,0,TC_MUMBAI_01,0,,
23.326014223068334,1,0.887285861191006,1.0,0,TC_NAGPUR_01,0,,
20.184137506979148,1,0.8822399000129876,1.0,0,TC_NAGPUR_01,0,,
32.006493112046506,1,0.9659757631411927,1.0,0,TC_NASHIK_02,0,,
41.893041032520244,1,0.6887149987084895,1.0,0,TC_NAGPUR_01,0,,
41.33704902849375,1,0.8644947251935741,1.0,0,TC_PUNE_03,0,,
36.40435260957621,1,0.8712001846802973,1.0,0,TC_MUMBAI_01,0,,
65.84943235917629,1,0.6087960744171728,1.0,0,TC_NASHIK_02,0,,
31.786471161475475,1,0.9181198597033483,1.0,0,TC_NAGPUR_01,0,,
56.211390788355075,1,0.7947500847442458,1.0,0,TC_MUMBAI_01,0,,
1.3310330641221546,14,,,0,TC_NAGPUR_01,1,0.43341877646944493,0.0
65.2448881384189,1,0.7550270023741373,1.0,0,TC_PUNE_03,0,,
34.467753008392805,1,0.8478107389923615,1.0,0,TC_PUNE_03,0,,
39.25395588317033,1,0.9301880420048703,1.0,0,TC_NAGPUR_01,0,,
26.426650672301474,1,0.9512776403427039,1.0,0,TC_PUNE_03,0,,
30.866255475429384,1,0.7158077176831974,1.0,0,TC_NAGPUR_01,0,,
44.80962232355301,2,0.9534636796943036,1.0,0,TC_MUMBAI_01,0,,
25.30184782922319,1,0.8548215808316817,1.0,0,TC_NAGPUR_01,0,,
52.831842262352794,1,0.8920536364307888,1.0,0,TC_NASHIK_02,0,,
30.033174167674453,1,0.9251153200255239,1.0,0,TC_MUMBAI_01,0,,
30.51661863673743,1,0.7223587025391169,1.0,0,TC_NAGPUR_01,0,,
119.35638698717827,1,0.980715416781526,1.0,0,TC_PUNE_03,0,,
34.264451068710926,1,0.9179434707957845,1.0,0,TC_MUMBAI_01,0,,
49.49543643977257,1,0.7909073528259829,1.0,0,TC_NASHIK_02,0,,
68.73258592308986,1,0.989993222214688,1.0,0,TC_MUMBAI_01,0,,
64.20387606326683,1,0.8556394436684172,1.0,0,TC_PUNE_03,0,,
34.81275111845212,1,0.7028858734763223,1.0,0,TC_NASHIK_02,0,,
81.38722641536448,1,0.8979320067439633,1.0,0,TC_PUNE_03,0,,
16.61273055946667,1,0.8218659440470305,1.0,0,TC_MUMBAI_01,0,,
37.043633475728,1,0.9573055536223251,1.0,0,TC_NASHIK_02,0,,
1.6942338053547137,21,,,1,TC_RURAL_MALPRACTICE_09,1,0.5738608675356031,0.0
52.28054973895001,1,0.6998388382431655,1.0,0,TC_MUMBAI_01,0,,
53.97788378092444,1,0.7938742948781388,1.0,0,TC_PUNE_03,0,,
47.36440309228656,1,0.6895830601579892,1.0,0,TC_PUNE_03,0,,
37.68519100181642,1,0.8468198241966792,1.0,0,TC_NASHIK_02,0,,
28.409640242866466,1,0.9942219479208427,1.0,0,TC_NASHIK_02,0,,
25.017322741122516,1,0.9720520749760057,1.0,0,TC_NAGPUR_01,0,,
54.245448141040576,1,0.953391626095061,1.0,0,TC_PUNE_03,0,,
35.191975744887515,1,0.7354698856625852,1.0,0,TC_PUNE_03,0,,
44.909649013822964,1,0.983157609060396,1.0,0,TC_MUMBAI_01,0,,
46.042328534710066,1,0.9229818881371816,1.0,0,TC_MUMBAI_01,0,,
19.730835728230662,1,0.7271575421775948,1.0,0,TC_NAGPUR_01,0,,
39.80337197571961,1,0.8760383297132286,1.0,0,TC_MUMBAI_01,0,,
32.20059970393042,1,0.9358307463669745,1.0,0,TC_NASHIK_02,0,,
57.37403901990666,1,0.9125352955448816,1.0,0,TC_PUNE_03,0,,
37.457065459660264,1,0.6988189823511882,1.0,0,TC_NASHIK_02,0,,
28.460514452289654,1,0.7695435201806656,1.0,0,TC_PUNE_03,0,,
25.51763051033975,1,0.8320000581795746,1.0,0,TC_NAGPUR_01,0,,
46.604273208162724,1,0.6197766205940988,1.0,0,TC_NASHIK_02,0,,
31.935042727360386,1,0.8978344163754833,1.0,0,TC_MUMBAI_01,0,,
25.603591992355643,1,0.9322860458124895,1.0,0,TC_NASHIK_02,0,,
58.05903045460887,1,0.8085221403111706,1.0,0,TC_PUNE_03,0,,
28.098131022574513,1,0.9399681375746093,1.0,0,TC_PUNE_03,0,,
34.80334732564348,1,0.7996207768132892,1.0,0,TC_MUMBAI_01,0,,
29.00527735904747,2,0.8310384496269182,1.0,0,TC_MUMBAI_01,0,,
23.58878227216764,2,0.6086536369547766,1.0,0,TC_PUNE_03,0,,
42.50957911860502,1,0.9525586937632208,1.0,0,TC_PUNE_03,0,,
66.84334405202478,1,0.8360936955068243,1.0,0,TC_NAGPUR_01,0,,
29.282534769279348,1,0.7731639490196615,1.0,0,TC_PUNE_03,0,,
28.534578495340508,1,0.9193229025719752,1.0,0,TC_MUMBAI_01,0,,
34.592897494108996,1,0.9712531689621143,1.0,0,TC_MUMBAI_01,0,,
54.61711794294251,1,0.5227979543839419,1.0,0,TC_MUMBAI_01,0,,
0.7329539499269799,6,,,1,TC_NAGPUR_01,1,0.27424408919734433,0.0
32.95220611319566,1,0.7078475782298366,1.0,0,TC_NASHIK_02,0,,
27.388885305637505,1,0.7042854640031273,1.0,0,TC_PUNE_03,0,,
34.26386312294932,1,0.8972039618437411,1.0,0,TC_NAGPUR_01,0,,
21.905716451531127,1,0.8863134230704042,1.0,0,TC_PUNE_03,0,,
2.3711388425313626,16,,,1,TC_NAGPUR_01,1,0.3632818747286423,0.0
45.795825484694355,1,0.859889746134339,1.0,0,TC_MUMBAI_01,0,,
43.35735143744202,1,0.7975377699909147,1.0,0,TC_NAGPUR_01,0,,
42.003814628494865,1,0.9010010752282431,1.0,0,TC_NAGPUR_01,0,,
33.10999938241658,1,0.9712746826108279,1.0,0,TC_NASHIK_02,0,,
51.571439052878645,1,0.9296989553813775,1.0,0,TC_PUNE_03,0,,
23.95031583412463,1,0.9643352620885974,1.0,0,TC_NASHIK_02,0,,
49.76233232195351,1,0.9624019048309189,1.0,0,TC_NASHIK_02,0,,
39.13345457735844,1,0.9293975148417066,1.0,0,TC_PUNE_03,0,,
59.800169987712735,1,0.529861197339387,1.0,1,TC_NASHIK_02,0,,
39.0467596868749,1,0.9619392014895712,1.0,0,TC_PUNE_03,0,,
20.00344851756049,1,0.9212677220176999,1.0,0,TC_NASHIK_02,0,,
28.034072555754953,1,0.9104799488373444,1.0,0,TC_MUMBAI_01,0,,
42.44197604043823,1,0.9333513706255745,1.0,0,TC_NASHIK_02,0,,
56.12932596996099,1,0.9539099348016197,1.0,0,TC_NAGPUR_01,0,,
49.10776022989135,1,0.9855381979614662,1.0,0,TC_PUNE_03,0,,
36.876905658149255,1,0.8869429015617493,1.0,0,TC_NASHIK_02,0,,
36.46696065825515,1,0.8256686562930088,1.0,0,TC_NAGPUR_01,0,,
34.19406127283935,1,0.9063134447688009,1.0,0,TC_NAGPUR_01,0,,
31.155070515941453,1,0.6463610177526372,1.0,0,TC_NAGPUR_01,0,,
25.186808463355728,1,0.8017066312182063,1.0,0,TC_NAGPUR_01,0,,
30.620818313657047,1,0.7094091961953621,1.0,0,TC_MUMBAI_01,0,,
47.46685905880791,1,0.7247970422085116,1.0,0,TC_PUNE_03,0,,
26.049693921848263,1,0.7125641526480747,1.0,0,TC_NASHIK_02,0,,
75.5891679553392,1,0.7968264885379444,1.0,0,TC_NAGPUR_01,0,,
39.294654668956724,1,0.8326308038898335,1.0,0,TC_NAGPUR_01,0,,
36.82746685277672,1,0.7684591422413812,1.0,0,TC_NAGPUR_01,0,,
88.05966869467815,1,0.860945719327698,1.0,0,TC_MUMBAI_01,0,,
24.891791364186126,1,0.8477133827606906,1.0,0,TC_NAGPUR_01,0,,
27.496614778584817,1,0.9595837883775808,1.0,0,TC_NASHIK_02,0,,
53.68400086099692,1,0.8336938715136615,1.0,0,TC_PUNE_03,0,,
36.138279338464955,1,0.8494344541115485,1.0,0,TC_NASHIK_02,0,,
37.363903712511295,1,0.957117894155118,1.0,0,TC_MUMBAI_01,0,,
26.128067857103684,1,0.9605497046682142,1.0,0,TC_PUNE_03,0,,
25.119973928317833,1,0.7872886435787271,1.0,0,TC_PUNE_03,0,,
1.8565825794502484,7,,,1,TC_RURAL_MALPRACTICE_09,1,0.1786365788301163,0.0
50.929449823552204,1,0.696454892302335,1.0,0,TC_NASHIK_02,0,,
32.04801230682314,1,0.7668923265733044,1.0,0,TC_NAGPUR_01,0,,
26.717496326739138,1,0.9036846432636575,1.0,0,TC_MUMBAI_01,0,,
69.96248398718879,1,0.9539293666576303,1.0,0,TC_PUNE_03,0,,
50.185429612829736,1,0.9992681471334329,1.0,0,TC_NAGPUR_01,0,,
32.90128365422382,1,0.8158417352912792,1.0,0,TC_MUMBAI_01,0,,
42.917818643740404,1,0.5666047458389541,1.0,0,TC_MUMBAI_01,0,,
25.64040061015383,1,0.7990738469134039,1.0,0,TC_PUNE_03,0,,
50.452375140966936,1,0.9357331672798519,1.0,0,TC_NASHIK_02,0,,
29.65668446062876,1,0.9064128318309489,1.0,0,TC_NASHIK_02,0,,
37.9326610218916,2,0.7951505630450317,1.0,0,TC_NAGPUR_01,0,,
0.8086130424033702,14,,,0,TC_RURAL_MALPRACTICE_09,1,0.4976653259851227,0.0
43.09067441262655,1,0.8614894196888537,1.0,0,TC_PUNE_03,0,,
45.95024223582645,1,0.8179737125166319,1.0,0,TC_PUNE_03,0,,
38.13907886805691,1,0.9191964315405159,1.0,0,TC_NASHIK_02,0,,
46.114604845697116,1,0.87877160914689,1.0,0,TC_NAGPUR_01,0,,
27.161215097581643,1,0.8291366495699002,1.0,0,TC_PUNE_03,0,,
34.98174069220303,1,0.9572346525216971,1.0,0,TC_MUMBAI_01,0,,
40.25747245383201,1,0.9706303899742778,1.0,0,TC_NAGPUR_01,0,,
49.859248034872365,1,0.9434638319996923,1.0,0,TC_PUNE_03,0,,
43.93639290485291,1,0.9426525940806451,1.0,0,TC_PUNE_03,0,,
55.01884372848085,1,0.9420535922600425,1.0,0,TC_NAGPUR_01,0,,
42.20641162934809,1,0.47280000204011613,1.0,0,TC_MUMBAI_01,0,,
27.27180067700134,1,0.8718393715468551,1.0,0,TC_PUNE_03,0,,
25.044320588568013,2,0.8553016337654337,1.0,0,TC_NASHIK_02,0,,
53.97858306546801,1,0.9789115776699137,1.0,0,TC_NAGPUR_01,0,,
33.97612468273691,1,0.8956275098225419,1.0,0,TC_PUNE_03,0,,
33.527448788521944,1,0.8836243092520669,1.0,0,TC_PUNE_03,0,,
41.34829271662627,1,0.8635590064397827,1.0,0,TC_PUNE_03,0,,
37.98530227147242,1,0.8149064471645123,1.0,0,TC_NASHIK_02,0,,
37.32492189201104,1,0.9032203691037793,1.0,0,TC_NASHIK_02,0,,
24.358834926203787,1,0.9794711261973204,1.0,0,TC_MUMBAI_01,0,,
84.15633884460664,1,0.833089298473948,1.0,0,TC_MUMBAI_01,0,,
32.676477518967886,1,0.6715870063473753,1.0,0,TC_NASHIK_02,0,,
22.989530173316357,1,0.7555306301740774,1.0,0,TC_MUMBAI_01,0,,
34.866275818333676,1,0.9843169436671795,1.0,0,TC_MUMBAI_01,0,,
42.90979008959174,1,0.9678685978650476,1.0,0,TC_NASHIK_02,0,,
41.54710262006604,1,0.8864205458024372,1.0,0,TC_NASHIK_02,0,,
1.6749074458510418,12,,,0,TC_NAGPUR_01,1,0.35834230035934656,0.0
26.59146726245485,1,0.7737649066961533,1.0,0,TC_MUMBAI_01,0,,
36.01094587521028,1,0.8778630016524959,1.0,0,TC_MUMBAI_01,0,,
40.9365762055037,1,0.8890267850345633,1.0,0,TC_PUNE_03,0,,
33.094955071483156,1,0.9327460969709904,1.0,0,TC_PUNE_03,0,,
30.770055462785045,1,0.7694705873465676,1.0,0,TC_NAGPUR_01,0,,
48.29425160158442,1,0.8105110644240928,1.0,0,TC_NASHIK_02,0,,
76.81271977639692,1,0.940971617574624,1.0,0,TC_NAGPUR_01,0,,
20.167650149235683,1,0.7598141858712073,1.0,0,TC_PUNE_03,0,,
2.4305499124199854,10,,,1,TC_NAGPUR_01,1,0.550911227366129,0.0
58.0933279395171,1,0.8561685359684738,1.0,0,TC_MUMBAI_01,0,,
48.592947389882774,1,0.9719276873204932,1.0,0,TC_NAGPUR_01,0,,
23.044672725005988,1,0.8965685072607238,1.0,0,TC_MUMBAI_01,0,,
52.18578081073702,1,0.9774036105087718,1.0,0,TC_NAGPUR_01,0,,
32.65825658492549,1,0.8256732185305954,1.0,0,TC_MUMBAI_01,0,,
40.00966476316773,1,0.9033923915518635,1.0,0,TC_MUMBAI_01,0,,
24.311983909297336,1,0.9154781332615152,1.0,0,TC_MUMBAI_01,0,,
43.12316713428828,1,0.6142986396274075,1.0,0,TC_PUNE_03,0,,
54.44665771884159,1,0.8610241867325023,1.0,0,TC_NAGPUR_01,0,,
59.2885248962167,1,0.6991392890361158,1.0,0,TC_MUMBAI_01,0,,
38.473508521816164,1,0.7952547234455405,1.0,0,TC_NAGPUR_01,0,,
69.51447676719118,1,0.8654439344414584,1.0,0,TC_NAGPUR_01,0,,
61.034399640282864,1,0.8815733318478673,1.0,0,TC_MUMBAI_01,0,,
40.28656936781494,1,0.879054490331226,1.0,0,TC_NASHIK_02,0,,
59.71628849397624,1,0.8483019916392083,1.0,0,TC_NAGPUR_01,0,,
56.39769581615333,1,0.7406631527040497,1.0,0,TC_NAGPUR_01,0,,
27.77866880219321,1,0.7957614833273995,1.0,0,TC_MUMBAI_01,0,,
35.561598824023086,1,0.6061663994943126,1.0,0,TC_NASHIK_02,0,,
41.50593625897967,1,0.9803031624000579,1.0,0,TC_NAGPUR_01,0,,
64.20740971690381,2,0.6439764153492092,1.0,0,TC_MUMBAI_01,0,,
48.79306736017456,2,0.6738797002762474,1.0,0,TC_NAGPUR_01,0,,
49.008552379042854,1,0.9800578729629278,1.0,0,TC_MUMBAI_01,0,,
45.80890242937694,1,0.8080272139289952,1.0,0,TC_MUMBAI_01,0,,
50.0737521049971,1,0.8568242595808729,1.0,0,TC_MUMBAI_01,0,,
71.6366567410554,2,0.8869859294043644,1.0,0,TC_NASHIK_02,0,,
30.265582123231255,1,0.8358962749260396,1.0,0,TC_NAGPUR_01,0,,
0.3324447135708931,8,,,0,TC_RURAL_MALPRACTICE_09,1,0.3103444567720036,0.0
49.28817088847932,1,0.9088225093721481,1.0,0,TC_PUNE_03,0,,
24.740864292304423,1,0.8763842398377402,1.0,0,TC_PUNE_03,0,,
23.921096757125145,1,0.5947428844211561,1.0,0,TC_NAGPUR_01,0,,
60.278045953275075,1,0.949687232545148,1.0,0,TC_MUMBAI_01,0,,
29.36760009139198,1,0.8240824860024726,1.0,0,TC_NAGPUR_01,0,,
55.40143347420502,1,0.957366607333877,1.0,0,TC_NAGPUR_01,0,,
21.05937697476107,1,0.7854016836131635,1.0,0,TC_NAGPUR_01,0,,
21.60320505840501,2,0.7046516926203995,1.0,0,TC_PUNE_03,0,,
30.62497580811736,2,0.4409645564961118,1.0,0,TC_PUNE_03,0,,
30.650566828304573,1,0.9722264001346291,1.0,0,TC_PUNE_03,0,,
42.64929731174545,1,0.8617372815634664,1.0,0,TC_NAGPUR_01,0,,
22.490229532218002,1,0.9470730027702454,1.0,0,TC_MUMBAI_01,0,,
42.02228116156236,1,0.829437855978172,1.0,0,TC_PUNE_03,0,,
50.611679362266365,1,0.9570936872609023,1.0,0,TC_NAGPUR_01,0,,
30.96998535749365,1,0.8230127965653816,1.0,0,TC_NASHIK_02,0,,
49.20161797466177,1,0.797955545856525,1.0,0,TC_NAGPUR_01,0,,
35.64988617179074,1,0.9642161145309127,1.0,0,TC_NAGPUR_01,0,,
48.7516420570618,1,0.9826460940911539,1.0,0,TC_NAGPUR_01,0,,
31.817224206351693,2,0.6480061732411749,1.0,0,TC_MUMBAI_01,0,,
37.059117301924196,1,0.6939632597620752,1.0,0,TC_PUNE_03,0,,
2.493977251581016,13,,,0,TC_RURAL_MALPRACTICE_09,1,0.24174157778429145,0.0
49.092676216290876,1,0.7299332103251128,1.0,0,TC_PUNE_03,0,,
28.817623865907994,1,0.9571493317773809,1.0,0,TC_MUMBAI_01,0,,
39.57758529847809,1,0.9540685829532525,1.0,0,TC_NASHIK_02,0,,
32.58634638129742,1,0.9752560398050188,1.0,0,TC_NAGPUR_01,0,,
0.579791434762141,16,,,1,TC_RURAL_MALPRACTICE_09,1,0.5255952702102693,0.0
21.343740257866397,1,0.7739835738283423,1.0,0,TC_NAGPUR_01,0,,
40.16873629794224,1,0.9106171269215249,1.0,0,TC_MUMBAI_01,0,,
81.43477089713123,1,0.8187469958677057,1.0,0,TC_PUNE_03,0,,
44.74562592454361,1,0.8715034388542161,1.0,0,TC_PUNE_03,0,,
28.47262043150628,1,0.9293413481629499,1.0,0,TC_NASHIK_02,0,,
23.74839483960723,1,0.6155583801459391,1.0,0,TC_NASHIK_02,0,,
25.647846051520993,2,0.8254268578788874,1.0,0,TC_MUMBAI_01,0,,
49.36275431947722,1,0.8744815323898428,1.0,0,TC_MUMBAI_01,0,,
50.56489219380304,2,0.7636535989202728,1.0,0,TC_NAGPUR_01,0,,
25.6395100320167,1,0.8959559627243051,1.0,0,TC_NASHIK_02,0,,
37.317161704826816,1,0.7737388435007004,1.0,0,TC_MUMBAI_01,0,,
46.44278538358636,1,0.9009193615114836,1.0,0,TC_NAGPUR_01,0,,
35.40547988759997,1,0.8616160211755941,1.0,0,TC_MUMBAI_01,0,,
38.71993088979575,2,0.8499602509207459,1.0,0,TC_MUMBAI_01,0,,
33.772909604024676,1,0.9142047779878418,1.0,0,TC_NAGPUR_01,0,,
22.226188556988227,1,0.9163574437512082,1.0,0,TC_NAGPUR_01,0,,
59.69297887830572,1,0.8110202730159156,1.0,0,TC_PUNE_03,0,,
40.09893846886827,1,0.8698193683920199,1.0,0,TC_PUNE_03,0,,
31.41070585738992,1,0.9324192276113276,1.0,0,TC_PUNE_03,0,,
23.737501533059493,1,0.9524054335754616,1.0,0,TC_PUNE_03,0,,
54.41395762079395,1,0.714881420994337,1.0,0,TC_MUMBAI_01,0,,
33.38334994310787,1,0.8864052509952272,1.0,0,TC_NAGPUR_01,0,,
19.37066811229957,1,0.8947449181330415,1.0,0,TC_NASHIK_02,0,,
17.239507736078757,1,0.9417331915057804,1.0,0,TC_PUNE_03,0,,
38.65752566756597,1,0.9274099969632531,1.0,0,TC_NAGPUR_01,0,,
64.6583446931055,2,0.7044972908511752,1.0,0,TC_NAGPUR_01,0,,
44.30386416626758,1,0.9691505055640613,1.0,0,TC_NAGPUR_01,0,,
40.98567717143783,1,0.9464478573217784,1.0,0,TC_MUMBAI_01,0,,
53.966001966441276,1,0.9662296204777461,1.0,0,TC_NAGPUR_01,0,,
42.817326820031376,1,0.791093463287565,1.0,0,TC_PUNE_03,0,,
45.18728533813293,1,0.8621490442563631,1.0,0,TC_PUNE_03,0,,
36.06080956003021,1,0.7261429865042294,1.0,0,TC_PUNE_03,0,,
56.80325233382244,1,0.7042141430666577,1.0,0,TC_MUMBAI_01,0,,
41.04749380094819,1,0.922921527886701,1.0,0,TC_NASHIK_02,0,,
43.86882652224548,2,0.9543912075247278,1.0,0,TC_NAGPUR_01,0,,
40.55568441088805,1,0.8641083673928511,1.0,0,TC_PUNE_03,0,,
25.173682713019144,1,0.8419894018099593,1.0,0,TC_NASHIK_02,0,,
1.2838622918770286,16,,,0,TC_RURAL_MALPRACTICE_09,1,0.3728409588867413,0.0
39.20709289515091,1,0.6845093040489897,1.0,0,TC_MUMBAI_01,0,,
34.16285009924067,1,0.7823082672587369,1.0,0,TC_PUNE_03,0,,
33.06585558450078,1,0.9184853985846643,1.0,0,TC_NAGPUR_01,0,,
61.954638973087555,1,0.9458334075484965,1.0,0,TC_NAGPUR_01,0,,
31.516874083219573,1,0.8828814962711885,1.0,0,TC_NAGPUR_01,0,,
37.104694965320135,1,0.9479911597651284,1.0,0,TC_NAGPUR_01,0,,
27.282140205705893,1,0.9097716813246834,1.0,0,TC_PUNE_03,0,,
0.3458360791424593,11,,,1,TC_RURAL_MALPRACTICE_09,1,0.264820206038273,1.0
53.42452166867707,1,0.5188166134132138,1.0,0,TC_MUMBAI_01,0,,
64.6842561954459,1,0.6987303881703016,1.0,0,TC_MUMBAI_01,0,,
31.671544650925284,1,0.8614024735771906,1.0,0,TC_NAGPUR_01,0,,
32.13897809699607,1,0.8359656253029033,1.0,0,TC_NASHIK_02,0,,
74.62202284070064,1,0.9608095329131546,1.0,0,TC_PUNE_03,0,,
59.18205717806976,1,0.9878906803853045,1.0,0,TC_NAGPUR_01,0,,
31.8658506925627,2,0.9553859168087011,1.0,0,TC_PUNE_03,0,,
26.606340954088157,1,0.918689146116304,1.0,0,TC_NAGPUR_01,0,,
38.06776644065935,1,0.9020846316708658,1.0,0,TC_NASHIK_02,0,,
38.51565327591094,1,0.8697363189864737,1.0,0,TC_NASHIK_02,0,,
0.9072282488736174,8,,,1,TC_RURAL_MALPRACTICE_09,1,0.15034849224736854,0.0
32.890949119574614,1,0.8255420616998148,1.0,0,TC_NASHIK_02,0,,
32.053167538372435,1,0.8186489128398916,1.0,0,TC_PUNE_03,0,,
48.636027244693494,1,0.859907603901785,1.0,0,TC_MUMBAI_01,0,,
36.70568304292365,1,0.7937431628542782,1.0,0,TC_MUMBAI_01,0,,
33.309429415110884,1,0.9807797963169633,1.0,0,TC_NASHIK_02,0,,
41.336399319567676,1,0.8826353248684599,1.0,0,TC_MUMBAI_01,0,,
55.03575329485581,1,0.8977309733348874,1.0,0,TC_NASHIK_02,0,,
57.16329769903671,2,0.7659973827648293,1.0,0,TC_NASHIK_02,0,,
47.9884783856682,1,0.9770923509265687,1.0,0,TC_MUMBAI_01,0,,
30.25949045269595,2,0.9320786958826944,1.0,0,TC_NASHIK_02,0,,
41.70457359615532,1,0.8178191199046524,1.0,0,TC_NASHIK_02,0,,
1.4916923491757084,9,,,1,TC_RURAL_MALPRACTICE_09,1,0.23737645110780403,0.0
81.87025278143663,1,0.9857468956493389,1.0,0,TC_MUMBAI_01,0,,
45.0475340005282,1,0.8147320536584817,1.0,1,TC_NAGPUR_01,0,,
34.43848988109874,1,0.7231138872839121,1.0,0,TC_MUMBAI_01,0,,
1.9139480576151267,9,,,0,TC_RURAL_MALPRACTICE_09,1,0.3720128671723696,0.0
35.221694695042515,1,0.8009313903523573,1.0,0,TC_NAGPUR_01,0,,
30.92026383220347,1,0.7153038371079847,1.0,0,TC_NASHIK_02,0,,
24.871778705066472,1,0.720155400416554,1.0,0,TC_NASHIK_02,0,,
0.3452009901106238,20,,,1,TC_NAGPUR_01,1,0.5387263839621779,0.0
27.122122509529728,1,0.9337150357644177,1.0,0,TC_NASHIK_02,0,,
33.30834786594649,2,0.9205644868736185,1.0,0,TC_NAGPUR_01,0,,
45.77058460441973,1,0.9166032376253218,1.0,0,TC_MUMBAI_01,0,,
39.514352489756554,1,0.8684289470048413,1.0,0,TC_PUNE_03,0,,
19.122558437046486,1,0.9105926608012918,1.0,0,TC_NAGPUR_01,0,,
31.593985505456068,1,0.9222307903233353,1.0,0,TC_MUMBAI_01,0,,
58.06652816670019,1,0.6715575944572446,1.0,0,TC_NAGPUR_01,0,,
44.489071850217066,1,0.9872139769641398,1.0,0,TC_NASHIK_02,0,,
21.66959999002943,1,0.4704155604345119,1.0,0,TC_MUMBAI_01,0,,
50.229050997369775,1,0.7079737025737973,1.0,0,TC_NASHIK_02,0,,
39.361979864430374,1,0.84535973632103,1.0,0,TC_NASHIK_02,0,,
23.180098726168815,1,0.8478103265821466,1.0,0,TC_NAGPUR_01,0,,
57.51292035422432,1,0.960283680925278,1.0,0,TC_MUMBAI_01,0,,
31.278592031459684,1,0.8526778885861426,1.0,0,TC_PUNE_03,0,,
33.32759745852999,1,0.9467496571029806,1.0,0,TC_NAGPUR_01,0,,
20.086158131948256,1,0.9133742071369242,1.0,0,TC_PUNE_03,0,,
41.16951260680237,1,0.7157697755699906,1.0,0,TC_MUMBAI_01,0,,
35.764617685756775,1,0.8957466949137264,1.0,0,TC_PUNE_03,0,,
29.720120068404803,1,0.9578885725086259,1.0,0,TC_MUMBAI_01,0,,
22.03045487926751,1,0.8659214586112695,1.0,0,TC_NASHIK_02,0,,
35.62099520852111,1,0.9140129321470402,1.0,1,TC_NASHIK_02,0,,
63.95520995635076,1,0.9511355652902805,1.0,0,TC_NASHIK_02,0,,
34.96354254534475,1,0.8720626503870488,1.0,0,TC_MUMBAI_01,0,,
29.193771808379406,1,0.7267315416045402,1.0,0,TC_NASHIK_02,0,,
22.713080099166312,1,0.8153633038558613,1.0,0,TC_MUMBAI_01,0,,
37.22850944508315,1,0.7502317233638128,1.0,0,TC_PUNE_03,0,,
45.45807644837555,1,0.5592966284299706,1.0,0,TC_NASHIK_02,0,,
35.06932583385838,1,0.9025688369798388,1.0,0,TC_PUNE_03,0,,
41.23790414645318,2,0.777097015816379,1.0,0,TC_NASHIK_02,0,,
56.53238129976342,1,0.7780555016734454,1.0,0,TC_NASHIK_02,0,,
41.035821194229456,1,0.7792814026988724,1.0,0,TC_PUNE_03,0,,
27.588150379256888,1,0.8366051844625462,1.0,0,TC_PUNE_03,0,,
39.02200062521048,1,0.7667278299737645,1.0,0,TC_PUNE_03,0,,
39.924474889659336,1,0.8975867788079391,1.0,0,TC_NASHIK_02,0,,
59.112629016324455,1,0.9519369202639169,1.0,0,TC_NAGPUR_01,0,,
42.50596780635181,2,0.9648005789942988,1.0,0,TC_MUMBAI_01,0,,
104.86946822456434,1,0.5823471909471571,1.0,0,TC_NASHIK_02,0,,
31.5196986263163,1,0.8758300638603952,1.0,0,TC_NAGPUR_01,0,,
21.46293241208268,1,0.9913125850319884,1.0,0,TC_NASHIK_02,0,,
38.387008821706935,1,0.9139304637289851,1.0,0,TC_NASHIK_02,0,,
48.66939135584741,1,0.8767374484918427,1.0,0,TC_NAGPUR_01,0,,
39.77570466699292,1,0.8823626969147066,1.0,0,TC_MUMBAI_01,0,,
30.171943798519735,1,0.9592975076089681,1.0,0,TC_PUNE_03,0,,
63.05251245292246,1,0.8413815512445822,1.0,0,TC_NAGPUR_01,0,,
34.15019078753778,1,0.954788033126266,1.0,0,TC_NAGPUR_01,0,,
1.4115036198025281,24,,,1,TC_RURAL_MALPRACTICE_09,1,0.47478640974865294,0.0
46.989630246768016,2,0.9800554773790893,1.0,0,TC_NASHIK_02,0,,
25.80693745180947,1,0.9842424785992037,1.0,0,TC_NAGPUR_01,0,,
31.921439345237914,1,0.7301568702205695,1.0,0,TC_NASHIK_02,0,,
69.36616238959145,1,0.8960667623251056,1.0,0,TC_MUMBAI_01,0,,
41.81517500311433,1,0.8252493554750087,1.0,0,TC_NASHIK_02,0,,
55.6562650641103,1,0.7311178248307678,1.0,0,TC_NAGPUR_01,0,,
28.27198180865735,1,0.7932377487291844,1.0,0,TC_NAGPUR_01,0,,
15.637319614063122,1,0.777034843684724,1.0,0,TC_PUNE_03,0,,
1.5498616285950644,9,,,1,TC_RURAL_MALPRACTICE_09,1,0.4222201468665242,0.0
71.28572934342954,1,0.8436651064336252,1.0,0,TC_NAGPUR_01,0,,
41.36163970597062,1,0.7969020077687169,1.0,0,TC_PUNE_03,0,,
79.41993498643842,1,0.9346388786505049,1.0,0,TC_MUMBAI_01,0,,
45.44510608843511,1,0.82881163180847,1.0,0,TC_PUNE_03,0,,
34.99795002993099,1,0.9147321469037818,1.0,0,TC_MUMBAI_01,0,,
22.474632524301622,1,0.8617943285419376,1.0,0,TC_NAGPUR_01,0,,
47.9880624902044,1,0.9665012466821641,1.0,0,TC_PUNE_03,0,,
55.07652933477455,1,0.9718226128290425,1.0,0,TC_NAGPUR_01,0,,
67.56221035844362,1,0.9919250275801211,1.0,0,TC_MUMBAI_01,0,,
48.94296528396829,1,0.8753732746684821,1.0,0,TC_NASHIK_02,0,,
28.92189745781742,1,0.9030040134519114,1.0,0,TC_PUNE_03,0,,
54.54361211923877,1,0.7935323473506929,1.0,0,TC_NAGPUR_01,0,,
46.972394271350616,1,0.8568171152381936,1.0,0,TC_NAGPUR_01,0,,
30.950610079329202,1,0.9141468848637387,1.0,0,TC_MUMBAI_01,0,,
21.45430607946358,1,0.8273689322319973,1.0,0,TC_MUMBAI_01,0,,
31.83175469900924,2,0.60781554441717,1.0,0,TC_MUMBAI_01,0,,
30.12299542391412,1,0.875282726082782,1.0,0,TC_NASHIK_02,0,,
39.49252100610249,2,0.9296795086329401,1.0,0,TC_NASHIK_02,0,,
26.16041125197019,1,0.9832918129670739,1.0,0,TC_PUNE_03,0,,
30.49837798500437,1,0.9511449336060948,1.0,0,TC_NAGPUR_01,0,,
0.6980539360303599,7,,,1,TC_RURAL_MALPRACTICE_09,1,0.1701225147934708,0.0
44.16886783356691,1,0.932958547862329,1.0,0,TC_MUMBAI_01,0,,
50.4050201511256,2,0.8347187885082349,1.0,0,TC_MUMBAI_01,0,,
34.38243538174741,1,0.8393251258785085,1.0,0,TC_MUMBAI_01,0,,
34.518612371438664,1,0.8813125634332091,1.0,0,TC_MUMBAI_01,0,,
23.337626414816985,1,0.9338644398338144,1.0,0,TC_NAGPUR_01,0,,
36.08352104429504,1,0.7324789924995141,1.0,0,TC_PUNE_03,0,,
38.252868961546426,1,0.8949566798797397,1.0,0,TC_NAGPUR_01,0,,
57.7923665900278,1,0.9375124047832959,1.0,0,TC_NASHIK_02,0,,
1.1935976826170334,13,,,0,TC_RURAL_MALPRACTICE_09,1,0.3600713874355963,0.0
46.897688991260395,1,0.7098865191563118,1.0,0,TC_PUNE_03,0,,
24.07297303842434,1,0.6198995669346655,1.0,0,TC_MUMBAI_01,0,,
31.846488685080708,1,0.985068511904148,1.0,0,TC_NAGPUR_01,0,,
34.05907134018311,1,0.9034418098814425,1.0,0,TC_MUMBAI_01,0,,
38.45342293348294,1,0.8288485977799861,1.0,0,TC_PUNE_03,0,,
1.9102582320767574,11,,,1,TC_NAGPUR_01,1,0.4123193722008456,0.0
34.8581621061108,1,0.8299679269136617,1.0,0,TC_PUNE_03,0,,
29.019601409850328,2,0.9744949020759027,1.0,0,TC_PUNE_03,0,,
47.855679197787595,2,0.6787864828507036,1.0,0,TC_NAGPUR_01,0,,
27.07490888767764,1,0.9367780867598495,1.0,0,TC_MUMBAI_01,0,,
1.6981300501018852,11,,,1,TC_RURAL_MALPRACTICE_09,1,0.5281278443089505,0.0
55.83663524422626,1,0.9181136884631987,1.0,0,TC_NAGPUR_01,0,,
33.07861894969201,1,0.6524378195028656,1.0,0,TC_PUNE_03,0,,
65.27833023780386,2,0.8526726245428127,1.0,0,TC_PUNE_03,0,,
29.36288761072888,1,0.9592337845475583,1.0,0,TC_PUNE_03,0,,
25.54114601895648,1,0.889960006033509,1.0,0,TC_NASHIK_02,0,,
32.29951574287152,1,0.9194335644080752,1.0,0,TC_NAGPUR_01,0,,
26.064161848076598,1,0.8912228267376817,1.0,0,TC_NASHIK_02,0,,
50.33475844788116,1,0.8250958693730053,1.0,0,TC_NAGPUR_01,0,,
34.8468690142704,1,0.9117034719520978,1.0,0,TC_PUNE_03,0,,
24.9297560457406,1,0.7242999440403793,1.0,0,TC_NAGPUR_01,0,,
32.30043377140633,1,0.8765692583020324,1.0,0,TC_NASHIK_02,0,,
40.88931499300225,1,0.8058703500143444,1.0,0,TC_NASHIK_02,0,,
36.18392708302112,1,0.8843522513685884,1.0,0,TC_MUMBAI_01,0,,
34.05507227234014,1,0.8691144691214837,1.0,0,TC_NAGPUR_01,0,,
0.5922173353950273,12,,,0,TC_RURAL_MALPRACTICE_09,1,0.31180431526527463,0.0
50.92099782874729,1,0.9583649837538801,1.0,0,TC_NAGPUR_01,0,,
57.15646060794004,1,0.9721860910184452,1.0,0,TC_NAGPUR_01,0,,
43.11390907193691,1,0.9515314050966425,1.0,0,TC_NASHIK_02,0,,
0.684708533962014,13,,,1,TC_RURAL_MALPRACTICE_09,1,0.5771662139064996,0.0
1.1763116037514518,20,,,1,TC_NAGPUR_01,1,0.2276202424140911,1.0
33.67691780996118,1,0.5817513791987957,1.0,0,TC_MUMBAI_01,0,,
48.949301405300396,1,0.8715756031424591,1.0,0,TC_MUMBAI_01,0,,
44.43979247373831,1,0.8753498832279342,1.0,0,TC_PUNE_03,0,,
39.42552813113916,1,0.9358485766804984,1.0,0,TC_NASHIK_02,0,,
57.4247225094803,2,0.8620886981934588,1.0,0,TC_NASHIK_02,0,,
19.111100392536635,1,0.7663558931756405,1.0,0,TC_PUNE_03,0,,
32.59992837193813,1,0.9640260896252248,1.0,0,TC_PUNE_03,0,,
51.54218868771953,1,0.8820802692217458,1.0,0,TC_NAGPUR_01,0,,
34.999770142063966,1,0.8542515279228537,1.0,0,TC_NASHIK_02,0,,
27.897687574926625,1,0.9617724500889743,1.0,0,TC_MUMBAI_01,0,,
50.974778807083716,2,0.9663796190223521,1.0,0,TC_PUNE_03,0,,
27.856323333326387,1,0.8884375926966928,1.0,0,TC_PUNE_03,0,,
35.498978844025636,1,0.9662065613280312,1.0,0,TC_MUMBAI_01,0,,
21.31964567230346,1,0.9227048396903561,1.0,0,TC_MUMBAI_01,0,,
34.30492979732166,1,0.9170075983695563,1.0,0,TC_NASHIK_02,0,,
33.294416123832235,1,0.9740549015144954,1.0,0,TC_NAGPUR_01,0,,
27.241070612136458,1,0.812484182538769,1.0,0,TC_PUNE_03,0,,
33.6092235330131,1,0.8001247584394222,1.0,0,TC_MUMBAI_01,0,,
73.04739669543922,1,0.9168424381414152,1.0,0,TC_NASHIK_02,0,,
22.721636202023568,1,0.8650702530685344,1.0,0,TC_MUMBAI_01,0,,
30.833212252999765,2,0.8759249367467707,1.0,0,TC_NAGPUR_01,0,,
36.834950134246014,1,0.5749717038418086,1.0,0,TC_NASHIK_02,0,,
24.247232384246505,1,0.9824539267007409,1.0,0,TC_PUNE_03,0,,
47.24821661015867,1,0.9747172627609908,1.0,0,TC_MUMBAI_01,0,,
39.43678475171705,1,0.9764866356790938,1.0,0,TC_NAGPUR_01,0,,
17.241981815087957,1,0.7512707863631894,1.0,0,TC_PUNE_03,0,,
38.55062642657604,1,0.9135015932906879,1.0,0,TC_PUNE_03,0,,
48.87637644481596,2,0.9789603933207034,1.0,0,TC_PUNE_03,0,,
54.77780968321275,1,0.9209653749420896,1.0,0,TC_MUMBAI_01,0,,
28.506083358023357,1,0.6912258675392745,1.0,0,TC_MUMBAI_01,0,,
29.70022715994371,1,0.7924347555017772,1.0,0,TC_MUMBAI_01,0,,
32.41875459954613,1,0.9484473207732852,1.0,0,TC_PUNE_03,0,,
49.580905413452065,1,0.9915121997585536,1.0,0,TC_MUMBAI_01,0,,
33.05446491970333,1,0.9301102398455463,1.0,0,TC_NASHIK_02,0,,
62.41368705433248,1,0.7998718403835209,1.0,0,TC_MUMBAI_01,0,,
36.689893104003104,1,0.46879729726824987,1.0,0,TC_NASHIK_02,0,,
30.396859816553224,1,0.9937210239747086,1.0,0,TC_MUMBAI_01,0,,
39.56643708422517,1,0.6459143914804337,1.0,0,TC_NASHIK_02,0,,
32.2874427002244,1,0.9551723049333342,1.0,0,TC_PUNE_03,0,,
37.28396232018482,2,0.890670486228019,1.0,1,TC_MUMBAI_01,0,,
1.9002519388921464,16,,,1,TC_RURAL_MALPRACTICE_09,1,0.389444038308535,0.0
52.377250787719355,1,0.9010581804460507,1.0,0,TC_PUNE_03,0,,
42.176151149761274,1,0.9206735576388769,1.0,0,TC_NAGPUR_01,0,,
47.19250054529683,1,0.8227329451132984,1.0,0,TC_NASHIK_02,0,,
26.79734570499247,1,0.9310659262645474,1.0,0,TC_NASHIK_02,0,,
37.05884620202265,2,0.9029999119754152,1.0,0,TC_NAGPUR_01,0,,
35.933684203482834,1,0.735958380712488,1.0,0,TC_NAGPUR_01,0,,
28.6936684448705,1,0.8689781146314869,1.0,0,TC_MUMBAI_01,0,,
20.61185007284523,1,0.8032401073651027,1.0,0,TC_PUNE_03,0,,
25.370291606903955,1,0.8905056673641233,1.0,0,TC_NAGPUR_01,0,,
67.25552105290458,1,0.6828211018278355,1.0,0,TC_NAGPUR_01,0,,
25.749637672379645,1,0.9245812061332002,1.0,0,TC_MUMBAI_01,0,,
34.692977561224446,1,0.8931713239808795,1.0,0,TC_MUMBAI_01,0,,
51.54639882783385,1,0.8225533292390962,1.0,0,TC_PUNE_03,0,,
65.89870697563103,1,0.821989368569522,1.0,0,TC_PUNE_03,0,,
22.865629238309907,1,0.713879747158429,1.0,0,TC_NASHIK_02,0,,
32.43771877790742,1,0.9704784119327229,1.0,1,TC_PUNE_03,0,,
49.835627677128144,1,0.6821204465648542,1.0,0,TC_MUMBAI_01,0,,
35.15483325288156,1,0.7214955044603768,1.0,0,TC_PUNE_03,0,,
21.764090155858277,1,0.7169457689801284,1.0,0,TC_MUMBAI_01,0,,
40.788835855463425,1,0.8610270632390414,1.0,0,TC_NAGPUR_01,0,,
18.48050093853613,1,0.83619205725282,1.0,0,TC_NASHIK_02,0,,
29.409985840653874,1,0.9198854113584295,1.0,0,TC_PUNE_03,0,,
21.51244746788178,1,0.7273420380022695,1.0,0,TC_MUMBAI_01,0,,
59.32449628633068,1,0.8294034735987184,1.0,0,TC_PUNE_03,0,,
45.5280736934613,2,0.963458145701961,1.0,0,TC_MUMBAI_01,0,,
37.35045068567933,2,0.9261367753050276,1.0,0,TC_MUMBAI_01,0,,
17.185390254920204,1,0.7573634732699313,1.0,0,TC_PUNE_03,0,,
30.663683552111344,1,0.8248539014946116,1.0,0,TC_NASHIK_02,0,,
36.537494739050715,1,0.8826578265361189,1.0,0,TC_PUNE_03,0,,
27.844537120340206,1,0.6791903544982922,1.0,0,TC_NASHIK_02,0,,
27.162840856708925,2,0.8782274935632759,1.0,0,TC_NAGPUR_01,0,,
44.24239137601483,1,0.9679242543940783,1.0,0,TC_NASHIK_02,0,,
37.10820426023343,1,0.935532950741315,1.0,0,TC_NAGPUR_01,0,,
41.67713374904527,1,0.8696549035301916,1.0,0,TC_NAGPUR_01,0,,
42.07021020681303,1,0.8787875690865626,1.0,0,TC_NASHIK_02,0,,
27.737439165803103,1,0.8818383548730512,1.0,0,TC_NAGPUR_01,0,,
27.61624733683146,1,0.9156721796834315,1.0,0,TC_MUMBAI_01,0,,
1.8566412823571676,20,,,1,TC_NAGPUR_01,1,0.17862173322846536,0.0
38.04140898170953,2,0.7849339437946963,1.0,0,TC_PUNE_03,0,,
66.89041638380223,1,0.8805024745015394,1.0,0,TC_NAGPUR_01,0,,
31.76911773830195,1,0.9124986851806158,1.0,0,TC_NASHIK_02,0,,
62.74767100130437,1,0.9392342612066596,1.0,0,TC_NAGPUR_01,0,,
33.35830785955633,1,0.8301749433302779,1.0,0,TC_NASHIK_02,0,,
28.509408554246573,1,0.687985888742314,1.0,0,TC_NAGPUR_01,0,,
33.985188333165226,1,0.7761729045205147,1.0,0,TC_NASHIK_02,0,,
23.073879953293623,1,0.9527735843719556,1.0,0,TC_NASHIK_02,0,,
23.012326435758215,1,0.8971925948608198,1.0,0,TC_NAGPUR_01,0,,
33.34902445333097,1,0.8794829610561502,1.0,0,TC_NASHIK_02,0,,
44.40560345346618,1,0.9133027472511211,1.0,0,TC_NAGPUR_01,0,,
49.560641704702014,1,0.9559956635827079,1.0,0,TC_NAGPUR_01,0,,
33.24935707649895,1,0.7730358565094995,1.0,0,TC_PUNE_03,0,,
51.59952698860154,1,0.9217983329276004,1.0,0,TC_MUMBAI_01,0,,
27.127812950733514,1,0.8212856661536061,1.0,0,TC_MUMBAI_01,0,,
59.31890474955754,1,0.8918645939090072,1.0,0,TC_NASHIK_02,0,,
29.181928232620646,2,0.9337508106509449,1.0,0,TC_MUMBAI_01,0,,
112.14279554434036,1,0.8132958991783379,1.0,0,TC_NAGPUR_01,0,,
30.73999940505839,1,0.8827358831707964,1.0,0,TC_NAGPUR_01,0,,
49.21794746865707,1,0.520319267935313,1.0,0,TC_PUNE_03,0,,
25.40817636251086,1,0.6789208917328146,1.0,0,TC_NAGPUR_01,0,,
40.65254458882807,1,0.8657247069045378,1.0,0,TC_NASHIK_02,0,,
45.351378899036334,2,0.4738981401122141,1.0,0,TC_PUNE_03,0,,
35.71822846914091,1,0.8891723093085857,1.0,0,TC_MUMBAI_01,0,,
60.293619272013835,1,0.9394264784989355,1.0,0,TC_NAGPUR_01,0,,
51.589082078113066,1,0.9114341333449356,1.0,0,TC_NASHIK_02,0,,
37.449326390489354,1,0.906015305335396,1.0,0,TC_MUMBAI_01,0,,
38.724640286606764,1,0.8050317794473567,1.0,0,TC_MUMBAI_01,0,,
37.17519941758961,1,0.7898014430248895,1.0,0,TC_MUMBAI_01,0,,
29.05452665490114,1,0.4978903098747368,1.0,0,TC_NAGPUR_01,0,,
36.03818042361253,1,0.8532279876910535,1.0,0,TC_PUNE_03,0,,
52.02043329549301,1,0.7425375375884454,1.0,0,TC_PUNE_03,0,,
27.43558837369453,1,0.604510288483357,1.0,0,TC_MUMBAI_01,0,,
64.11756233727348,1,0.680950732641511,1.0,0,TC_MUMBAI_01,0,,
43.650242974212645,1,0.9649008921947694,1.0,0,TC_MUMBAI_01,0,,
84.5338128673553,1,0.6146490299877181,1.0,0,TC_MUMBAI_01,0,,
30.72181308792447,1,0.6454629423901924,1.0,0,TC_MUMBAI_01,0,,
47.33052014505566,1,0.9374725094695138,1.0,0,TC_PUNE_03,0,,
52.828925535172495,1,0.9664486186588623,1.0,0,TC_NASHIK_02,0,,
56.91693762019501,1,0.8829178792464712,1.0,0,TC_MUMBAI_01,0,,
40.31331103978499,1,0.8437195701611798,1.0,0,TC_NASHIK_02,0,,
35.95802068108898,1,0.9203805368268305,1.0,0,TC_NASHIK_02,0,,
34.18254794818547,1,0.8343902800303564,1.0,0,TC_NAGPUR_01,0,,
41.00968872364306,1,0.7896646525792933,1.0,0,TC_NASHIK_02,0,,
37.52139821232452,1,0.9414817898289011,1.0,0,TC_MUMBAI_01,0,,
0.6917666583220566,8,,,1,TC_NAGPUR_01,1,0.23016816985045035,0.0
37.37429049088318,1,0.7849823719725547,1.0,0,TC_MUMBAI_01,0,,
56.07310741828368,1,0.7921538315662817,1.0,0,TC_MUMBAI_01,0,,
68.52207110146139,1,0.8791267633249161,1.0,0,TC_MUMBAI_01,0,,
16.464654432591217,1,0.9884575773785779,1.0,1,TC_MUMBAI_01,0,,
30.681825441700735,1,0.8069559954396541,1.0,0,TC_MUMBAI_01,0,,
60.00550627206759,1,0.9648307272673611,1.0,0,TC_NASHIK_02,0,,
21.21040634892392,1,0.9468444287937733,1.0,0,TC_PUNE_03,0,,
32.69983770580137,1,0.8914714478492655,1.0,0,TC_NAGPUR_01,0,,
35.7270168105179,1,0.7767288610199278,1.0,0,TC_PUNE_03,0,,
34.87290271549506,1,0.9091999020977557,1.0,0,TC_NASHIK_02,0,,
34.68103528121219,1,0.5563022510076733,1.0,0,TC_NASHIK_02,0,,
43.70008551165545,1,0.9832129792402747,1.0,0,TC_NAGPUR_01,0,,
30.870804702561376,1,0.7588603540915795,1.0,0,TC_NASHIK_02,0,,
74.9954187110944,1,0.6876465091137399,1.0,0,TC_NASHIK_02,0,,
71.05519089420139,1,0.7789601976355377,1.0,0,TC_NAGPUR_01,0,,
24.649919543466673,2,0.7359100886436614,1.0,0,TC_NAGPUR_01,0,,
48.64364128670683,1,0.891966903836222,1.0,0,TC_PUNE_03,0,,
35.427086263693596,1,0.9358807798212612,1.0,0,TC_PUNE_03,0,,
46.21687030927158,1,0.882974915711313,1.0,0,TC_MUMBAI_01,0,,
40.98281058089099,1,0.9332929406338374,1.0,0,TC_NAGPUR_01,0,,
38.30340706398052,1,0.841292263013309,1.0,0,TC_NAGPUR_01,0,,
21.087573790506436,1,0.970753616338834,1.0,0,TC_NAGPUR_01,0,,
35.767484759998354,1,0.9596827721220161,1.0,0,TC_NASHIK_02,0,,
53.06297103310155,1,0.6999550716088302,1.0,1,TC_MUMBAI_01,0,,
24.767034780141934,1,0.9311385149208652,1.0,0,TC_NASHIK_02,0,,
49.65281905454065,1,0.9201414008799084,1.0,0,TC_NAGPUR_01,0,,
37.673193599758115,1,0.9553675290603361,1.0,0,TC_PUNE_03,0,,
63.95514855219011,2,0.8605133737556414,1.0,0,TC_MUMBAI_01,0,,
88.74126074882722,1,0.8990497678956837,1.0,0,TC_NASHIK_02,0,,
29.296163875017026,1,0.9511250709479925,1.0,0,TC_NASHIK_02,0,,
54.54408504744746,1,0.8637509471033329,1.0,0,TC_PUNE_03,0,,
28.862229569240537,1,0.908723165579642,1.0,0,TC_NAGPUR_01,0,,
97.64714403982097,1,0.6474099376840122,1.0,0,TC_MUMBAI_01,0,,
39.79215476805068,1,0.992422029033386,1.0,0,TC_NAGPUR_01,0,,
41.2584950262522,2,0.9308985037150116,1.0,0,TC_MUMBAI_01,0,,
28.941171997469116,1,0.9374741961138018,1.0,0,TC_NAGPUR_01,0,,
42.51200977617713,1,0.8042983860009035,1.0,0,TC_PUNE_03,0,,
42.221147886834466,1,0.985436750638344,1.0,0,TC_MUMBAI_01,0,,
27.326719826828693,1,0.861517456432187,1.0,0,TC_MUMBAI_01,0,,
48.18176274344231,2,0.9465833277532625,1.0,0,TC_PUNE_03,0,,
73.07241327721306,1,0.980714277393666,1.0,0,TC_NAGPUR_01,0,,
50.30222751121374,1,0.7766034029992106,1.0,0,TC_NAGPUR_01,0,,
43.9281602257788,1,0.8634202250799327,1.0,0,TC_NASHIK_02,0,,
36.79160029874241,1,0.7989626012050052,1.0,0,TC_NASHIK_02,0,,
28.65134996658453,1,0.9287427910804654,1.0,0,TC_NASHIK_02,0,,
44.14838963383629,1,0.9111239844023636,1.0,0,TC_NASHIK_02,0,,
39.50716405365161,2,0.8135669218851111,1.0,0,TC_NAGPUR_01,0,,
20.922717152440757,1,0.747995515255934,1.0,0,TC_MUMBAI_01,0,,
33.94049858500546,1,0.873424856638456,1.0,0,TC_NASHIK_02,0,,
35.63173882299971,1,0.5994836323497905,1.0,0,TC_MUMBAI_01,0,,
27.21487587413456,1,0.8601351272741268,1.0,0,TC_PUNE_03,0,,
29.475763913875372,1,0.8582809668733097,1.0,0,TC_MUMBAI_01,0,,
30.533477294727323,1,0.8636918399295453,1.0,0,TC_NASHIK_02,0,,
46.60579529070704,1,0.7633954234889127,1.0,0,TC_PUNE_03,0,,
43.208749987695555,1,0.9194086338105589,1.0,0,TC_PUNE_03,0,,
26.33680462195369,1,0.6958743871971838,1.0,0,TC_NASHIK_02,0,,
28.510816519665394,1,0.8773893844526847,1.0,0,TC_PUNE_03,0,,
28.129267283093238,1,0.9710478162990273,1.0,0,TC_PUNE_03,0,,
31.51080806348614,2,0.9329944495936988,1.0,0,TC_MUMBAI_01,0,,
26.706333302648233,1,0.9872700450448839,1.0,0,TC_NASHIK_02,0,,
32.449491915092395,1,0.9147902714639681,1.0,0,TC_PUNE_03,0,,
29.78934956270703,1,0.8632441768957434,1.0,0,TC_PUNE_03,0,,
39.703817192838116,1,0.92073592144578,1.0,0,TC_NASHIK_02,0,,
45.30530371661961,1,0.7515106099607933,1.0,0,TC_NASHIK_02,0,,
42.69828403415347,1,0.989359851653341,1.0,0,TC_NASHIK_02,0,,
45.878925997312,1,0.8389455028132524,1.0,0,TC_NAGPUR_01,0,,
57.11787805506447,1,0.8043035307288009,1.0,0,TC_NASHIK_02,0,,
19.449270184742154,1,0.8753562893176527,1.0,0,TC_NAGPUR_01,0,,
33.03208866535158,2,0.9182441365352426,1.0,0,TC_PUNE_03,0,,
34.904504255022395,1,0.7860232234050181,1.0,0,TC_MUMBAI_01,0,,
2.386570295875857,18,,,0,TC_RURAL_MALPRACTICE_09,1,0.24771934103161644,1.0
44.237166310713086,1,0.683680233736351,1.0,0,TC_NAGPUR_01,0,,
28.30506617005968,1,0.6172040911304355,1.0,0,TC_NAGPUR_01,0,,
39.65378441854702,1,0.9352110451715865,1.0,0,TC_MUMBAI_01,0,,
32.8213984151452,1,0.8124347154792906,1.0,0,TC_PUNE_03,0,,
15.009609800914298,1,0.9015678717457991,1.0,0,TC_NAGPUR_01,0,,
42.16959919413971,1,0.9166202532342267,1.0,0,TC_PUNE_03,0,,
28.88440490698204,1,0.8422193416612541,1.0,0,TC_MUMBAI_01,0,,
32.94022651499455,1,0.611214408534522,1.0,0,TC_PUNE_03,0,,
0.7621441500019608,10,,,1,TC_RURAL_MALPRACTICE_09,1,0.3941553663434955,0.0
49.61830896201105,1,0.9394802619129559,1.0,0,TC_MUMBAI_01,0,,
51.95204836130329,1,0.8267502566778048,1.0,0,TC_PUNE_03,0,,
31.304627374482617,1,0.8729060116321002,1.0,0,TC_NAGPUR_01,0,,
33.373936922719835,2,0.8918000174321159,1.0,0,TC_MUMBAI_01,0,,
22.66613516042714,1,0.7077162532258022,1.0,0,TC_NAGPUR_01,0,,
22.35091573362043,1,0.9598661245011141,1.0,0,TC_NASHIK_02,0,,
40.62331760103937,1,0.7608736863320816,1.0,0,TC_PUNE_03,0,,
52.30052878148139,1,0.838257077025191,1.0,0,TC_NASHIK_02,0,,
33.24532967126339,1,0.848001882936925,1.0,0,TC_NAGPUR_01,0,,
45.34998217201415,2,0.9159652271223393,1.0,0,TC_NAGPUR_01,0,,
32.954007414688064,1,0.9543468361906224,1.0,0,TC_NAGPUR_01,0,,
27.213830637788845,1,0.7558163532317268,1.0,0,TC_NASHIK_02,0,,
23.683999564854684,1,0.977690842629074,1.0,0,TC_PUNE_03,0,,
38.89302001498826,1,0.9348605361620921,1.0,0,TC_PUNE_03,0,,
32.85160086933784,1,0.967838879859789,1.0,0,TC_NAGPUR_01,0,,
30.44961550608415,1,0.8589617171589169,1.0,0,TC_PUNE_03,0,,
38.125461059333,1,0.9995797282528601,1.0,0,TC_PUNE_03,0,,
26.61756172643523,1,0.8179701525842932,1.0,0,TC_NASHIK_02,0,,
66.87743090083052,1,0.9343426730685783,1.0,0,TC_MUMBAI_01,0,,
23.863383081826562,1,0.8470993714191528,1.0,0,TC_MUMBAI_01,0,,
38.81496297841449,1,0.889996183513645,1.0,0,TC_MUMBAI_01,0,,
47.419712796314606,1,0.886914800623396,1.0,0,TC_NASHIK_02,0,,
34.11272586459657,1,0.9387666722521887,1.0,0,TC_MUMBAI_01,0,,
31.369817779656607,1,0.8382571946060252,1.0,0,TC_NASHIK_02,0,,
35.691458342664504,1,0.8416114036091685,1.0,0,TC_MUMBAI_01,0,,
49.0864520796634,1,0.6749561270339701,1.0,0,TC_PUNE_03,0,,
32.09743682328149,1,0.7306535451991442,1.0,0,TC_MUMBAI_01,0,,
58.123908787745656,2,0.6199541812416569,1.0,0,TC_PUNE_03,0,,
25.32540789815494,1,0.9187344817750457,1.0,0,TC_NASHIK_02,0,,
45.761723772798554,1,0.8686337152202315,1.0,0,TC_NAGPUR_01,0,,
66.81228998802663,1,0.834131738005988,1.0,0,TC_PUNE_03,0,,
34.526326990237536,1,0.8121075710765578,1.0,0,TC_PUNE_03,0,,
30.49393662987342,1,0.5635730564251547,1.0,0,TC_NAGPUR_01,0,,
58.92017653840626,1,0.8727046831600839,1.0,0,TC_NASHIK_02,0,,
19.856761095151853,1,0.8322753781788029,1.0,0,TC_NAGPUR_01,0,,
20.983637972509953,1,0.8447117383796429,1.0,0,TC_NAGPUR_01,0,,
78.47947689188732,1,0.9823525758199313,1.0,0,TC_NAGPUR_01,0,,
23.328099472541954,1,0.9364881213879465,1.0,0,TC_MUMBAI_01,0,,
53.71115005192836,1,0.9611904453577066,1.0,0,TC_NASHIK_02,0,,
27.74404570135049,1,0.856773887855315,1.0,0,TC_PUNE_03,0,,
47.096790052535844,1,0.9296873186157543,1.0,0,TC_NASHIK_02,0,,
1.3707458727782909,7,,,0,TC_RURAL_MALPRACTICE_09,1,0.3446263464872486,0.0
37.534161880408206,1,0.9430248252614783,1.0,0,TC_NAGPUR_01,0,,
0.7330242820189639,16,,,0,TC_NAGPUR_01,1,0.26729566788368014,1.0
35.86609209651958,1,0.9714684112286766,1.0,0,TC_MUMBAI_01,0,,
40.41750311467325,1,0.6397569542737348,1.0,0,TC_NASHIK_02,0,,
37.8613057343772,1,0.9482489689494921,1.0,0,TC_NAGPUR_01,0,,
26.713993833184922,1,0.739371834978206,1.0,0,TC_PUNE_03,0,,
68.83143785890331,1,0.885072242464515,1.0,0,TC_PUNE_03,0,,
19.917063260142132,1,0.6950904736354264,1.0,0,TC_NASHIK_02,0,,
39.1867842842552,1,0.9779642976813496,1.0,0,TC_PUNE_03,0,,
21.893628218603617,1,0.7448795922747583,1.0,0,TC_NAGPUR_01,0,,
73.92526608422307,1,0.8158026054031843,1.0,0,TC_NAGPUR_01,0,,
39.62997592755343,1,0.8719707772786959,1.0,0,TC_PUNE_03,0,,
39.225695988859904,1,0.8952371460232895,1.0,0,TC_NASHIK_02,0,,
53.80256535418409,1,0.9244695906562009,1.0,0,TC_NAGPUR_01,0,,
39.89264317765804,1,0.8244262593530163,1.0,0,TC_NAGPUR_01,0,,
40.4522070233553,1,0.8729476162659607,1.0,0,TC_NASHIK_02,0,,
53.432425379884656,1,0.891530272208503,1.0,0,TC_NAGPUR_01,0,,
47.673051514511954,1,0.8525569725380475,1.0,0,TC_NAGPUR_01,0,,
32.903550411222604,1,0.9392286736600818,1.0,0,TC_NASHIK_02,0,,
53.484784067390294,1,0.7508024427845915,1.0,0,TC_PUNE_03,0,,
58.42037675380484,1,0.9763380011480466,0.0,0,TC_NASHIK_02,0,,
38.775082707031956,1,0.8953155681151173,1.0,0,TC_NAGPUR_01,0,,
48.952116245689886,1,0.5574729194414871,1.0,0,TC_NASHIK_02,0,,
27.064331011418833,1,0.939862601927347,1.0,0,TC_PUNE_03,0,,
28.303661157783434,1,0.973794896844444,1.0,0,TC_MUMBAI_01,0,,
33.54334056141086,1,0.9187512570467927,1.0,1,TC_NASHIK_02,0,,
43.93885846883879,1,0.9425584236057782,1.0,0,TC_NAGPUR_01,0,,
26.039295966176258,2,0.8643618704250037,1.0,0,TC_PUNE_03,0,,
44.90780796005921,1,0.9346475499932844,1.0,0,TC_NASHIK_02,0,,
29.474205282893188,1,0.8591781191878546,1.0,0,TC_PUNE_03,0,,
31.766003998169978,1,0.8496074493101763,1.0,1,TC_MUMBAI_01,0,,
47.11831575199812,1,0.7187813602757727,1.0,0,TC_NASHIK_02,0,,
30.533695388153888,1,0.908782211169291,1.0,0,TC_NASHIK_02,0,,
2.3099719494521627,17,,,1,TC_RURAL_MALPRACTICE_09,1,0.2928254537938843,0.0
1.1126514710141318,11,,,1,TC_RURAL_MALPRACTICE_09,1,0.21424022794858572,1.0
43.401048195413686,1,0.9893361174923583,1.0,0,TC_NAGPUR_01,0,,
48.64241377637683,1,0.8415776371655336,1.0,0,TC_MUMBAI_01,0,,
39.663631697899724,1,0.5664724996197874,1.0,0,TC_NAGPUR_01,0,,
31.81073565091296,1,0.9390639941058249,1.0,0,TC_NASHIK_02,0,,
28.47119297783066,1,0.9812554352200166,1.0,1,TC_NASHIK_02,0,,
34.044876906108385,1,0.8334679580932497,1.0,0,TC_NASHIK_02,0,,
25.34913658231895,1,0.6801380712776584,1.0,0,TC_NASHIK_02,0,,
24.770832886791034,1,0.7036855450728875,1.0,0,TC_MUMBAI_01,0,,
58.32655058300262,1,0.8170535351390209,1.0,0,TC_NAGPUR_01,0,,
73.3993334300402,1,0.960433054450262,0.0,0,TC_NASHIK_02,0,,
33.00060449184362,1,0.9077796699605566,1.0,0,TC_NAGPUR_01,0,,
77.60507886574422,1,0.9591845862806715,1.0,0,TC_NAGPUR_01,0,,
41.52678086041474,1,0.8240371484198974,1.0,0,TC_PUNE_03,0,,
36.33130026717137,1,0.9259699853810198,1.0,1,TC_NASHIK_02,0,,
55.7807288140686,1,0.7294141434348888,1.0,0,TC_NASHIK_02,0,,
33.28708464476226,1,0.9098417076585407,1.0,0,TC_NASHIK_02,0,,
51.35123842318889,1,0.8567812015034713,1.0,0,TC_NAGPUR_01,0,,
40.802223256356164,1,0.8643553023722635,1.0,0,TC_NASHIK_02,0,,
30.27785434315679,1,0.9250595835977623,1.0,0,TC_MUMBAI_01,0,,
34.38038547645198,1,0.7980674912257623,1.0,0,TC_MUMBAI_01,0,,
31.97877116856828,1,0.9088206682389589,1.0,0,TC_PUNE_03,0,,
27.879860433255136,2,0.8652881918433669,1.0,0,TC_NAGPUR_01,0,,
32.659626182375,1,0.8080288292443152,1.0,0,TC_NASHIK_02,0,,
29.443074771676816,1,0.8787967647514913,1.0,0,TC_MUMBAI_01,0,,
48.58631236155178,1,0.9228972123825008,1.0,0,TC_MUMBAI_01,0,,
38.393277100911554,1,0.8337724138003572,1.0,0,TC_MUMBAI_01,0,,
54.9980661176159,1,0.8882454577714933,1.0,0,TC_MUMBAI_01,0,,
32.39996721716629,1,0.9845913372044148,1.0,0,TC_PUNE_03,0,,
75.8175867108563,1,0.9462748079117272,1.0,0,TC_NAGPUR_01,0,,
104.69216593366323,1,0.7483010790774997,1.0,0,TC_MUMBAI_01,0,,
40.01794588610427,1,0.8765123677617455,1.0,0,TC_NAGPUR_01,0,,
26.619315070610284,1,0.6706842493946347,1.0,0,TC_PUNE_03,0,,
33.94638199188687,1,0.8274551528471015,1.0,0,TC_MUMBAI_01,0,,
31.977045985596472,1,0.9243915980345492,1.0,0,TC_PUNE_03,0,,
30.535489911585348,1,0.8996959137184687,1.0,0,TC_NAGPUR_01,0,,
33.381313339775986,1,0.8327049150980004,1.0,0,TC_PUNE_03,0,,
38.61649054479302,1,0.8362185388757285,1.0,0,TC_NASHIK_02,0,,
34.976403971178826,1,0.818682548022541,0.0,0,TC_PUNE_03,0,,
21.07368466716654,1,0.9244379516294507,1.0,0,TC_NAGPUR_01,0,,
22.372937016254994,1,0.9149079466722594,1.0,0,TC_PUNE_03,0,,
24.196546597889284,1,0.6926129390864262,1.0,0,TC_MUMBAI_01,0,,
53.45424294708269,1,0.976708762512106,1.0,0,TC_PUNE_03,0,,
43.6655333561199,1,0.7856446227457892,1.0,0,TC_NAGPUR_01,0,,
40.42656168213411,1,0.9109646728973988,1.0,0,TC_MUMBAI_01,0,,
28.09972275363982,1,0.8634184018027654,1.0,0,TC_MUMBAI_01,0,,
48.62654445298756,1,0.8261004046111748,1.0,0,TC_MUMBAI_01,0,,
27.12306007847755,1,0.8908425462716116,1.0,0,TC_NASHIK_02,0,,
48.493011888533935,1,0.891002915925346,1.0,0,TC_PUNE_03,0,,
44.77961843186186,2,0.7645875791506738,1.0,0,TC_NASHIK_02,0,,
46.1417745385124,2,0.9610035806207188,1.0,0,TC_NAGPUR_01,0,,
30.818516049090366,2,0.9270945188707529,1.0,0,TC_NASHIK_02,0,,
47.462815177195615,1,0.6813594846580723,1.0,0,TC_NASHIK_02,0,,
37.678193948870806,1,0.8946649042904931,1.0,0,TC_NAGPUR_01,0,,
34.81171094144558,2,0.8368629822398027,1.0,0,TC_PUNE_03,0,,
32.28416155070732,1,0.6623941484464879,1.0,0,TC_NASHIK_02,0,,
42.49430675831468,2,0.8881726157989058,1.0,0,TC_NASHIK_02,0,,
43.831015140528095,1,0.9607938008705244,1.0,0,TC_PUNE_03,0,,
22.49819296989334,1,0.9035580908778778,1.0,0,TC_NAGPUR_01,0,,
57.555907444083694,1,0.7774564785023679,1.0,0,TC_MUMBAI_01,0,,
57.42874133790504,1,0.9636642407561901,1.0,0,TC_NASHIK_02,0,,
53.08049693231188,1,0.9066950196267572,1.0,0,TC_PUNE_03,0,,
58.41110331342283,1,0.9303009500733965,1.0,0,TC_NASHIK_02,0,,
1.4104807766054852,21,,,1,TC_RURAL_MALPRACTICE_09,1,0.33148086690039485,0.0
23.463570715271768,1,0.8811236626473345,1.0,0,TC_MUMBAI_01,0,,
24.289680301746927,1,0.9308612355803261,1.0,0,TC_NAGPUR_01,0,,
74.9262620581483,1,0.8206834705382174,1.0,0,TC_NASHIK_02,0,,
87.33815419499213,1,0.8891967863862527,1.0,0,TC_NASHIK_02,0,,
41.209168683148626,1,0.8320587924521284,1.0,0,TC_PUNE_03,0,,
72.99213487307117,1,0.7626396679006375,1.0,0,TC_NASHIK_02,0,,
84.90237443090065,1,0.9083447435675456,1.0,0,TC_NASHIK_02,0,,
44.98950130015871,1,0.9394324713109823,1.0,0,TC_NASHIK_02,0,,
39.370261479362874,1,0.9595855084186624,1.0,0,TC_MUMBAI_01,0,,
37.38294258011939,1,0.9200250148139583,1.0,0,TC_MUMBAI_01,0,,
30.475696320407753,1,0.6032003004158204,1.0,0,TC_MUMBAI_01,0,,
45.11605415697608,1,0.8993735135530255,1.0,0,TC_NASHIK_02,0,,
31.291435826780287,1,0.9308299218685351,1.0,0,TC_MUMBAI_01,0,,
34.41065478582865,1,0.8394669615644164,1.0,0,TC_PUNE_03,0,,
34.87969152675182,1,0.8305432862362819,1.0,0,TC_NAGPUR_01,0,,
26.756778954773477,1,0.7983280328798742,1.0,0,TC_NAGPUR_01,0,,
31.643820340429343,1,0.87621568618692,1.0,0,TC_NASHIK_02,0,,
41.58971079535269,1,0.7948925087115796,1.0,0,TC_MUMBAI_01,0,,
38.32245916451924,1,0.8784989913325522,1.0,0,TC_MUMBAI_01,0,,
37.92696275696094,1,0.8947548795251044,1.0,0,TC_MUMBAI_01,0,,
39.56970601115369,1,0.8687803609595681,1.0,0,TC_PUNE_03,0,,
65.43673983517543,1,0.7333811439536427,1.0,0,TC_NASHIK_02,0,,
46.29313733612638,1,0.9485241067411846,1.0,0,TC_NASHIK_02,0,,
34.504315607680226,1,0.6709267967925874,1.0,0,TC_MUMBAI_01,0,,
24.367068325613996,1,0.9702772170492654,1.0,0,TC_PUNE_03,0,,
27.878866054953363,1,0.9190892174906657,1.0,0,TC_MUMBAI_01,0,,
26.82775303457618,1,0.8356212057437723,1.0,0,TC_NASHIK_02,0,,
49.86518320081564,1,0.9472823028292211,1.0,0,TC_PUNE_03,0,,
51.41096768660195,1,0.7365112619753964,1.0,0,TC_NAGPUR_01,0,,
34.665338818618345,1,0.9471498233082943,1.0,0,TC_PUNE_03,0,,
54.87320170115477,1,0.8486847708175168,1.0,0,TC_PUNE_03,0,,
52.72754280526553,1,0.7458818885893157,1.0,0,TC_NASHIK_02,0,,
43.39873230305947,1,0.8880508070934174,1.0,0,TC_MUMBAI_01,0,,
24.32016722312413,1,0.8527063725237021,1.0,0,TC_MUMBAI_01,0,,
39.07287114166218,1,0.7527587929032016,1.0,0,TC_NASHIK_02,0,,
29.78600021499998,1,0.9021347124701947,1.0,0,TC_NASHIK_02,0,,
41.927944156627326,1,0.7703468280280211,1.0,0,TC_NASHIK_02,0,,
21.491102413694247,1,0.8037820815517671,1.0,1,TC_PUNE_03,0,,
34.608925796391674,1,0.7957320169600002,1.0,0,TC_NAGPUR_01,0,,
69.65264097522885,1,0.8066152870965572,1.0,0,TC_MUMBAI_01,0,,
56.07013966373022,1,0.9443359164266006,0.0,0,TC_PUNE_03,0,,
70.68142188643958,1,0.9487595382922066,1.0,0,TC_MUMBAI_01,0,,
39.23316693435719,1,0.645239467366594,1.0,0,TC_NAGPUR_01,0,,
38.504380838316386,1,0.9888516892882263,1.0,0,TC_PUNE_03,0,,
42.80162506676787,1,0.8006978885466742,1.0,0,TC_PUNE_03,0,,
36.738243204257174,1,0.8581618549383792,1.0,0,TC_MUMBAI_01,0,,
19.886346301776534,1,0.8736768141787645,1.0,0,TC_NASHIK_02,0,,
1.1185350893169776,16,,,1,TC_RURAL_MALPRACTICE_09,1,0.3509817367502146,0.0
27.334623239803125,1,0.7789746960165096,1.0,0,TC_NAGPUR_01,0,,
22.732563782660886,1,0.9572296470131102,1.0,0,TC_NASHIK_02,0,,
53.52699413897085,1,0.9698365866824586,1.0,0,TC_NAGPUR_01,0,,
45.3101081022791,1,0.8635581978827895,1.0,0,TC_PUNE_03,0,,
24.407411677344953,1,0.6896619196606116,1.0,0,TC_MUMBAI_01,0,,
31.915408907698676,2,0.8943223151654659,1.0,0,TC_MUMBAI_01,0,,
25.543513930393104,1,0.945366315207632,1.0,0,TC_MUMBAI_01,0,,
88.9213092999536,1,0.8407939393176812,1.0,0,TC_MUMBAI_01,0,,
40.56676619118088,2,0.8996791439619497,1.0,0,TC_NAGPUR_01,0,,
31.482434719592533,1,0.9338462548984774,1.0,0,TC_PUNE_03,0,,
1.0525745320568027,14,,,1,TC_RURAL_MALPRACTICE_09,1,0.5782564791047768,0.0
68.88401549240355,1,0.6491856843020989,1.0,0,TC_PUNE_03,0,,
45.02230694329042,1,0.9100504920191028,1.0,1,TC_PUNE_03,0,,
23.9324580953136,1,0.8168844296855126,1.0,0,TC_MUMBAI_01,0,,
38.30819955986705,1,0.9625650535532864,1.0,0,TC_NASHIK_02,0,,
66.9426905554238,1,0.6319756403658927,1.0,0,TC_PUNE_03,0,,
33.64172514603112,1,0.8921310196333927,1.0,0,TC_NAGPUR_01,0,,
41.39593031836681,1,0.9044175404174849,1.0,0,TC_MUMBAI_01,0,,
21.323801439847365,1,0.706988864652598,1.0,0,TC_NAGPUR_01,0,,
34.43016382072062,1,0.9782685512731919,1.0,0,TC_NASHIK_02,0,,
30.527159718235044,1,0.9621111216343881,1.0,0,TC_NASHIK_02,0,,
40.9200049713432,1,0.8704143341156128,1.0,0,TC_NASHIK_02,0,,
28.042505646625244,1,0.6894248483520599,1.0,1,TC_PUNE_03,0,,
37.76600340446308,1,0.9610313208804778,1.0,0,TC_PUNE_03,0,,
46.74465668145349,1,0.7442987959166535,1.0,0,TC_MUMBAI_01,0,,
40.90697328555302,1,0.7359833568860521,1.0,0,TC_NAGPUR_01,0,,
55.5226991609037,1,0.8984435039507801,1.0,0,TC_NAGPUR_01,0,,
49.56006920996372,1,0.8126828159186391,1.0,0,TC_PUNE_03,0,,
62.562055757334626,2,0.8686564438707016,1.0,0,TC_NAGPUR_01,0,,
44.60508720679493,1,0.9153405525647874,1.0,0,TC_MUMBAI_01,0,,
29.1154054627487,1,0.9091835910347897,1.0,0,TC_MUMBAI_01,0,,
35.262064850751074,1,0.926994245249877,1.0,0,TC_NAGPUR_01,0,,
48.78054812716282,1,0.7751823851507338,1.0,0,TC_MUMBAI_01,0,,
0.7201316445071673,22,,,1,TC_RURAL_MALPRACTICE_09,1,0.3514361394349038,0.0
38.642118854930175,1,0.8028968490914627,1.0,0,TC_PUNE_03,0,,
53.07038960130342,1,0.9271349635191647,1.0,0,TC_NAGPUR_01,0,,
45.11476140335465,1,0.9107363175591644,1.0,0,TC_NASHIK_02,0,,
28.399054495232697,1,0.9228035772325754,1.0,0,TC_MUMBAI_01,0,,
26.147094157277763,1,0.9065417733379195,1.0,0,TC_PUNE_03,0,,
27.504922849522433,2,0.8036293635854067,1.0,0,TC_NASHIK_02,0,,
36.67966447706377,1,0.9039628337735036,1.0,0,TC_NAGPUR_01,0,,
80.18297720035592,1,0.8063608225498072,1.0,0,TC_MUMBAI_01,0,,
2.055110749945361,23,,,1,TC_RURAL_MALPRACTICE_09,1,0.4251157986431173,0.0
43.8479164886916,1,0.5897699490710322,1.0,0,TC_NASHIK_02,0,,
89.74360741467771,1,0.9300606364777537,1.0,0,TC_NAGPUR_01,0,,
32.43948792055507,1,0.966830664931253,1.0,0,TC_MUMBAI_01,0,,
34.222314765216495,1,0.9821813628935295,1.0,0,TC_NAGPUR_01,0,,
37.276026116792494,1,0.8650157361725624,1.0,0,TC_MUMBAI_01,0,,
42.883329320298344,1,0.9001534371375879,1.0,0,TC_MUMBAI_01,0,,
32.29696651435281,1,0.9789192244011512,1.0,0,TC_PUNE_03,0,,
66.07350138456012,2,0.8816387117991569,1.0,0,TC_NASHIK_02,0,,
19.14143346412329,1,0.7271015144389175,1.0,0,TC_PUNE_03,0,,
63.22838507445543,1,0.8862169840712785,1.0,0,TC_NAGPUR_01,0,,
54.59682580107838,1,0.7661447600895379,1.0,1,TC_NAGPUR_01,0,,
38.980599741427916,1,0.9406835706837615,1.0,0,TC_NAGPUR_01,0,,
45.361738182181085,1,0.8899430158057021,1.0,0,TC_NAGPUR_01,0,,
41.89893653022032,1,0.9745536890148464,1.0,0,TC_NAGPUR_01,0,,
43.91936867667181,1,0.9464089664456632,1.0,0,TC_PUNE_03,0,,
24.04643809812908,1,0.9267558155288633,1.0,0,TC_NAGPUR_01,0,,
47.92922246425044,1,0.9252900166765501,1.0,0,TC_NASHIK_02,0,,
62.799846503483536,1,0.8565848880365824,1.0,0,TC_PUNE_03,0,,
38.54210984073312,1,0.9177215965620887,1.0,0,TC_MUMBAI_01,0,,
16.92432178256564,1,0.649192870007012,1.0,0,TC_PUNE_03,0,,
36.73642893954825,2,0.8789822785642261,1.0,0,TC_MUMBAI_01,0,,
35.1999332561672,1,0.8978509638253191,1.0,0,TC_NAGPUR_01,0,,
69.58415567792667,1,0.9367620302566918,1.0,0,TC_NAGPUR_01,0,,
54.549768527818856,1,0.9909307933488878,1.0,0,TC_NASHIK_02,0,,
33.428843161560884,1,0.8093508290304134,1.0,0,TC_NASHIK_02,0,,
37.75298287150716,1,0.7040600622243172,1.0,1,TC_NASHIK_02,0,,
42.02515938318081,1,0.9178887378609403,1.0,0,TC_NASHIK_02,0,,
34.3467497828217,1,0.8195365565434266,1.0,0,TC_MUMBAI_01,0,,
2.093331353515567,6,,,1,TC_RURAL_MALPRACTICE_09,1,0.4484246663074708,0.0
35.42049053279426,1,0.9679189640606934,1.0,0,TC_NASHIK_02,0,,
47.736028570088756,1,0.9213422830023265,1.0,0,TC_NAGPUR_01,0,,
47.23022240691408,1,0.9485362051154376,1.0,0,TC_MUMBAI_01,0,,
24.421676779057265,1,0.9695851250179324,1.0,0,TC_NASHIK_02,0,,
48.77377037593394,1,0.9847812864846538,1.0,0,TC_MUMBAI_01,0,,
27.93616983746598,1,0.7217443962470266,1.0,0,TC_PUNE_03,0,,
69.36073137156352,1,0.7986383616729075,1.0,0,TC_MUMBAI_01,0,,
27.756020992352312,1,0.7870331780954998,1.0,0,TC_NAGPUR_01,0,,
56.49841020186478,1,0.6681177580892432,1.0,0,TC_PUNE_03,0,,
34.72098379125671,1,0.6277580651750523,1.0,0,TC_NASHIK_02,0,,
38.851172754974996,1,0.9265592560581386,1.0,0,TC_PUNE_03,0,,
63.998135495152916,1,0.9129211422960724,1.0,0,TC_MUMBAI_01,0,,
58.241122202938534,1,0.8428825458773381,1.0,0,TC_NAGPUR_01,0,,
28.2534252076928,1,0.6711318673070192,1.0,0,TC_NAGPUR_01,0,,
18.855960098758956,2,0.9755359952540559,1.0,0,TC_NAGPUR_01,0,,
28.040161609658284,1,0.9437362478439856,1.0,0,TC_NASHIK_02,0,,
48.49060469005862,1,0.8895996876511368,1.0,0,TC_NAGPUR_01,0,,
43.989840113694946,1,0.9656265302677456,1.0,0,TC_NAGPUR_01,0,,
1.8572733873578986,21,,,1,TC_RURAL_MALPRACTICE_09,1,0.412449087764012,1.0
30.147031604576686,1,0.9451801012029815,1.0,0,TC_NAGPUR_01,0,,
48.8066529094773,1,0.5436856309306695,1.0,0,TC_PUNE_03,0,,
25.433819378294462,1,0.9740449913651945,1.0,0,TC_NASHIK_02,0,,
16.360849026384827,1,0.8778381332264427,1.0,0,TC_NAGPUR_01,0,,
49.38922860908926,1,0.8971433216086621,1.0,0,TC_PUNE_03,0,,
56.05201041853047,1,0.9291895342040722,0.0,0,TC_NASHIK_02,0,,
19.44204848118884,1,0.7594820971608596,1.0,0,TC_NASHIK_02,0,,
33.50049478127572,1,0.8671874967717595,1.0,0,TC_MUMBAI_01,0,,
57.43143311836751,1,0.9102482357105856,1.0,0,TC_NAGPUR_01,0,,
29.688325510162063,1,0.7065546392065514,1.0,0,TC_PUNE_03,0,,
46.49461451201785,1,0.7510577208510193,1.0,0,TC_NAGPUR_01,0,,
62.29506289391764,1,0.8199863964637523,1.0,0,TC_MUMBAI_01,0,,
33.914728104332696,1,0.8240792317323908,1.0,0,TC_PUNE_03,0,,
58.22127325409643,1,0.9571692292096281,1.0,0,TC_NAGPUR_01,0,,
22.187911809923058,1,0.9571112814249028,1.0,0,TC_MUMBAI_01,0,,
69.77024709024391,1,0.7690126861249773,1.0,0,TC_NASHIK_02,0,,
37.04823937533916,1,0.8433696354883097,1.0,0,TC_NAGPUR_01,0,,
27.577919558218955,1,0.8769141819093482,1.0,0,TC_NAGPUR_01,0,,
51.46541675004545,1,0.9118995035076474,1.0,0,TC_NAGPUR_01,0,,
25.507966662050872,1,0.9178987672330411,1.0,0,TC_NASHIK_02,0,,
40.6537219313758,1,0.8704397671730342,1.0,0,TC_PUNE_03,0,,
0.6839955183864737,20,,,0,TC_RURAL_MALPRACTICE_09,1,0.2961701388496266,0.0
30.65367687735869,1,0.950710889285318,1.0,0,TC_MUMBAI_01,0,,
29.63311151423881,1,0.6375953540088165,1.0,0,TC_NAGPUR_01,0,,
25.465072607901806,1,0.754197022882339,1.0,0,TC_NAGPUR_01,0,,
40.16744176038364,1,0.573038573794011,1.0,0,TC_MUMBAI_01,0,,
27.31207895816523,1,0.8844353753388139,1.0,0,TC_NASHIK_02,0,,
34.00524415956734,1,0.721239704965752,1.0,0,TC_NASHIK_02,0,,
42.448304224672434,1,0.9079202938477824,1.0,0,TC_NASHIK_02,0,,
36.054618838813596,1,0.941601601554751,1.0,0,TC_PUNE_03,0,,
28.289327474335355,1,0.8632050679242957,1.0,0,TC_NASHIK_02,0,,
32.44900004772441,2,0.8086044268496325,1.0,0,TC_MUMBAI_01,0,,
38.69051515509044,1,0.983229362265284,1.0,0,TC_NAGPUR_01,0,,
59.23695108763545,1,0.9150368116035845,1.0,0,TC_NASHIK_02,0,,
19.496089015615993,2,0.6664804363437671,1.0,0,TC_NASHIK_02,0,,
2.3605493258636323,12,,,1,TC_RURAL_MALPRACTICE_09,1,0.4001083125148518,0.0
31.160930811335326,1,0.9384086353680304,1.0,0,TC_NAGPUR_01,0,,
36.08073490429439,1,0.9696282482490896,1.0,0,TC_PUNE_03,0,,
30.780891885229217,1,0.9188947650550261,1.0,0,TC_NAGPUR_01,0,,
25.736340016607954,1,0.6753000616883943,1.0,0,TC_NAGPUR_01,0,,
32.00422784122918,1,0.9428024092769894,1.0,0,TC_NASHIK_02,0,,
67.35517703536951,1,0.9860860454427316,1.0,0,TC_PUNE_03,0,,
84.33177114438728,1,0.8729619460993645,1.0,0,TC_NASHIK_02,0,,
39.50635228091106,1,0.9258688910307035,1.0,0,TC_MUMBAI_01,0,,
20.65238776854672,1,0.8572812579052483,1.0,0,TC_NASHIK_02,0,,
34.43597886202876,1,0.819797953551101,1.0,0,TC_MUMBAI_01,0,,
48.56277910562857,1,0.9882349738213372,1.0,0,TC_NAGPUR_01,0,,
1.6391646842517325,7,,,1,TC_RURAL_MALPRACTICE_09,1,0.4004341685184437,0.0
26.39847482320464,1,0.8523193735855766,1.0,0,TC_PUNE_03,0,,
49.889434166903506,1,0.6313318133827086,1.0,0,TC_NAGPUR_01,0,,
27.41776195550209,1,0.7721307934595899,1.0,0,TC_NASHIK_02,0,,
40.10025793805297,1,0.9657289976398248,1.0,0,TC_NAGPUR_01,0,,
45.34477680226511,1,0.9578970676964218,1.0,0,TC_MUMBAI_01,0,,
55.81268682692755,1,0.7622706514968846,1.0,0,TC_PUNE_03,0,,
28.008650714326286,1,0.8622959972777551,1.0,0,TC_NAGPUR_01,0,,
42.35858836232529,2,0.460554766268392,1.0,0,TC_NAGPUR_01,0,,
41.509820498874916,1,0.8449807080426606,1.0,0,TC_MUMBAI_01,0,,
47.25210637632493,1,0.9376910025920576,0.0,0,TC_MUMBAI_01,0,,
22.776022638927703,1,0.8215391987304373,1.0,0,TC_PUNE_03,0,,
25.05110432385456,1,0.9049024964116001,1.0,0,TC_MUMBAI_01,0,,
34.30483019689765,2,0.7057624781659163,1.0,0,TC_MUMBAI_01,0,,
47.755254016921135,1,0.8826798342526712,1.0,0,TC_NASHIK_02,0,,
29.337091202130775,1,0.5989424795855359,1.0,0,TC_NASHIK_02,0,,
39.24832831856789,1,0.9865988343071312,1.0,0,TC_PUNE_03,0,,
31.360309568391585,1,0.8129566528219716,1.0,0,TC_NASHIK_02,0,,
26.454615335324284,1,0.7303986652102501,1.0,0,TC_NAGPUR_01,0,,
44.40829847609978,1,0.7775487039107694,1.0,0,TC_PUNE_03,0,,
24.40071312568529,1,0.9829934632094164,1.0,0,TC_PUNE_03,0,,
29.26107768825837,2,0.8895766914997796,1.0,1,TC_NASHIK_02,0,,
52.75845456583731,1,0.9718514755437108,1.0,0,TC_PUNE_03,0,,
29.607356718486272,1,0.659194783379358,1.0,0,TC_NAGPUR_01,0,,
48.448334346297074,1,0.8945016482828939,1.0,0,TC_PUNE_03,0,,
31.68485371564187,2,0.8380449737430308,1.0,0,TC_MUMBAI_01,0,,
22.927831391666206,1,0.8515224621047919,1.0,0,TC_NASHIK_02,0,,
29.95189177756413,1,0.6355232461639929,1.0,0,TC_PUNE_03,0,,
65.66578693892734,1,0.9735610614600924,1.0,0,TC_NASHIK_02,0,,
43.3478538154843,1,0.823631428955558,1.0,0,TC_PUNE_03,0,,
64.22559466949761,1,0.77049877743013,1.0,0,TC_NASHIK_02,0,,
33.46846092785796,2,0.869575785276138,1.0,1,TC_PUNE_03,0,,
43.17831099721527,1,0.85599856138361,1.0,0,TC_NAGPUR_01,0,,
39.596686716577985,1,0.6137893019350993,1.0,0,TC_NASHIK_02,0,,
35.66296621161575,1,0.8668839043673361,1.0,0,TC_PUNE_03,0,,
39.683700616018236,1,0.9710999118269432,1.0,0,TC_PUNE_03,0,,
48.688683163199144,1,0.9006366557657196,1.0,0,TC_PUNE_03,0,,
56.00987422740079,1,0.9160144383339569,1.0,0,TC_MUMBAI_01,0,,
27.65771748916283,1,0.8580460212480322,1.0,0,TC_PUNE_03,0,,
32.045601223590396,1,0.74896140043923,1.0,0,TC_MUMBAI_01,0,,
0.8354623950855864,11,,,1,TC_RURAL_MALPRACTICE_09,1,0.5091741639549673,0.0
43.236490908170914,1,0.8527755024937893,1.0,0,TC_PUNE_03,0,,
19.387428784246264,1,0.9516141911738063,1.0,0,TC_PUNE_03,0,,
32.979085283124775,1,0.8570647294922058,1.0,1,TC_PUNE_03,0,,
23.58691936828876,2,0.8974222654498638,1.0,0,TC_MUMBAI_01,0,,
55.47391754717968,1,0.9042208658784356,1.0,0,TC_NAGPUR_01,0,,
24.08596025732547,1,0.879104398678602,1.0,0,TC_MUMBAI_01,0,,
60.49304981594002,1,0.6592608762586583,1.0,0,TC_NASHIK_02,0,,
73.22961154232209,2,0.9064239189103626,1.0,0,TC_MUMBAI_01,0,,
18.690301870680344,1,0.7886300258594982,1.0,0,TC_PUNE_03,0,,
61.97618390718867,1,0.8726332597171381,1.0,0,TC_NAGPUR_01,0,,
32.080396555257835,1,0.8738468675851806,1.0,0,TC_MUMBAI_01,0,,
40.26359637289081,1,0.9468925987849565,1.0,0,TC_NAGPUR_01,0,,
24.72974528097371,1,0.6477603624249944,1.0,0,TC_MUMBAI_01,0,,
28.618337536307703,1,0.8078113961190952,1.0,0,TC_NAGPUR_01,0,,
62.131213035827194,1,0.8523917168976797,1.0,0,TC_NAGPUR_01,0,,
26.7093751993236,1,0.8415237888403323,1.0,0,TC_MUMBAI_01,0,,
23.083291924861904,1,0.9786433186687173,1.0,0,TC_PUNE_03,0,,
54.85588724440306,1,0.9424287012896386,1.0,0,TC_NASHIK_02,0,,
35.77614298958868,1,0.5818938066949767,1.0,0,TC_NASHIK_02,0,,
66.66177249322442,1,0.7706974457994892,1.0,0,TC_MUMBAI_01,0,,
42.96497760505498,1,0.5459299346554168,1.0,0,TC_PUNE_03,0,,
28.443717721869334,1,0.8115322621660519,1.0,0,TC_MUMBAI_01,0,,
22.7250989913384,1,0.964488577176869,1.0,0,TC_NAGPUR_01,0,,
37.301820575290805,1,0.8377953711210864,1.0,0,TC_PUNE_03,0,,
18.86231464223583,1,0.8047140209575474,1.0,0,TC_PUNE_03,0,,
39.59237175126055,2,0.7546439884752092,1.0,0,TC_PUNE_03,0,,
39.43156201327055,1,0.7592530599637787,1.0,0,TC_MUMBAI_01,0,,
40.89018509201273,1,0.9605446285970864,1.0,0,TC_PUNE_03,0,,
31.51761296315739,1,0.9729437447085927,1.0,0,TC_NAGPUR_01,0,,
48.58993688579113,1,0.72266371693937,1.0,0,TC_NASHIK_02,0,,
56.99120230401698,1,0.9396717190268746,1.0,0,TC_MUMBAI_01,0,,
47.92626837746982,1,0.9914129006570545,1.0,0,TC_PUNE_03,0,,
46.194909191711886,1,0.9118469813922381,1.0,0,TC_NAGPUR_01,0,,
28.912366031000694,2,0.9565509621843681,1.0,0,TC_PUNE_03,0,,
28.87989153035787,1,0.8455635745134704,1.0,0,TC_NASHIK_02,0,,
36.22368830862615,1,0.9089763013179192,1.0,0,TC_PUNE_03,0,,
36.074325009953526,1,0.8089234903838795,1.0,0,TC_PUNE_03,0,,
58.924683118339125,1,0.9346564875464068,1.0,0,TC_NASHIK_02,0,,
19.761597826445804,1,0.7797551318790266,1.0,0,TC_PUNE_03,0,,
24.168120733877025,1,0.7997870792544836,0.0,0,TC_NASHIK_02,0,,
40.843574332198,1,0.8034619565468005,1.0,0,TC_NASHIK_02,0,,
45.15820149678813,1,0.9280640316141939,1.0,0,TC_NASHIK_02,0,,
28.604971296464925,1,0.88262135154209,1.0,0,TC_NASHIK_02,0,,
20.365592208297244,2,0.7554415690229324,1.0,0,TC_NASHIK_02,0,,
51.67485944746076,1,0.7627502104762897,1.0,0,TC_NAGPUR_01,0,,
42.15229560297547,1,0.8275115299610576,1.0,0,TC_NASHIK_02,0,,
42.31007458885145,1,0.9590164454015286,1.0,0,TC_NASHIK_02,0,,
69.47266177317151,2,0.8426043837841605,1.0,0,TC_NAGPUR_01,0,,
39.17094420895044,1,0.9445530677269336,1.0,0,TC_NASHIK_02,0,,
43.563692636268144,1,0.6937234092135461,1.0,0,TC_NASHIK_02,0,,
27.882556080197137,1,0.8558249249486735,1.0,0,TC_MUMBAI_01,0,,
62.799630134064365,1,0.9166425102598688,1.0,0,TC_NASHIK_02,0,,
53.723379844814055,1,0.6215432779173411,1.0,0,TC_NASHIK_02,0,,
57.450444395479764,1,0.6933512194915579,1.0,0,TC_NASHIK_02,0,,
1.6815743420916125,21,,,0,TC_RURAL_MALPRACTICE_09,1,0.42447136353284365,0.0
35.50487150093799,1,0.9109497827014459,1.0,0,TC_PUNE_03,0,,
33.17797416281794,1,0.8330681640040621,1.0,0,TC_NAGPUR_01,0,,
23.97089212670064,1,0.7417272349036182,1.0,0,TC_NAGPUR_01,0,,
48.87111272034526,2,0.5991506621458663,1.0,0,TC_NASHIK_02,0,,
48.692106181797065,1,0.6455055137905507,1.0,0,TC_NAGPUR_01,0,,
90.29903221748108,1,0.8569660283727296,1.0,0,TC_NASHIK_02,0,,
58.35688404754215,1,0.9164806798898382,1.0,0,TC_NASHIK_02,0,,
26.27393458693031,1,0.9441300442682609,1.0,0,TC_PUNE_03,0,,
41.021688525378025,1,0.7444075200007713,1.0,0,TC_NAGPUR_01,0,,
0.6107656480808448,14,,,1,TC_RURAL_MALPRACTICE_09,1,0.24889587772554317,1.0
33.2679234636141,1,0.9446942060707637,1.0,0,TC_PUNE_03,0,,
34.709712387740616,1,0.7772047124117675,1.0,0,TC_PUNE_03,0,,
33.3714498807949,1,0.9118065067455828,1.0,0,TC_MUMBAI_01,0,,
38.796426793852206,2,0.8576286792422424,1.0,0,TC_NASHIK_02,0,,
43.86500930927731,1,0.9281165960215199,1.0,0,TC_PUNE_03,0,,
55.37438695508163,1,0.8684717593984296,1.0,0,TC_PUNE_03,0,,
27.93833568204261,1,0.6050833946536274,1.0,0,TC_NAGPUR_01,0,,
2.3223703855028766,20,,,1,TC_RURAL_MALPRACTICE_09,1,0.3894664601524893,0.0
33.049193642699265,1,0.8538705966257356,1.0,0,TC_PUNE_03,0,,
39.17282753961675,1,0.8191032082662117,1.0,0,TC_NAGPUR_01,0,,
17.039296030242,1,0.8176657498998764,1.0,0,TC_MUMBAI_01,0,,
53.75086016508609,1,0.7405369438389499,1.0,0,TC_MUMBAI_01,0,,
23.97678988871993,1,0.9230751744406686,1.0,0,TC_MUMBAI_01,0,,
42.682274122144854,1,0.8904872507994998,1.0,0,TC_PUNE_03,0,,
32.86445535300342,2,0.8104836218768336,1.0,0,TC_MUMBAI_01,0,,
37.362259020665846,1,0.8457832215854434,1.0,0,TC_NASHIK_02,0,,
29.906540865331472,1,0.7630701451828193,1.0,0,TC_NAGPUR_01,0,,
28.75569372118204,1,0.5899336911564944,1.0,0,TC_NASHIK_02,0,,
48.94694383269403,1,0.7946138435108443,1.0,0,TC_PUNE_03,0,,
37.98768240967598,1,0.7934461339886694,1.0,0,TC_NASHIK_02,0,,
42.91696218405503,2,0.809186076702078,1.0,0,TC_NASHIK_02,0,,
58.444973648006034,1,0.8820616975770387,1.0,0,TC_NASHIK_02,0,,
49.50814463277188,1,0.9053366958783151,1.0,0,TC_MUMBAI_01,0,,
46.629227775379256,1,0.8809183413657418,1.0,0,TC_NASHIK_02,0,,
29.44465836904211,1,0.7380561467372848,1.0,0,TC_PUNE_03,0,,
59.16311973204214,1,0.7037235895478898,1.0,0,TC_NASHIK_02,0,,
36.62914799982112,1,0.8868303661266763,1.0,0,TC_NAGPUR_01,0,,
50.31332374838244,1,0.9568467933433709,1.0,0,TC_MUMBAI_01,0,,
25.963697999625342,1,0.68889434628656,1.0,0,TC_MUMBAI_01,0,,
32.98325254043041,2,0.7729927541861545,1.0,0,TC_NAGPUR_01,0,,
58.572217425896945,1,0.6805651755894511,1.0,0,TC_PUNE_03,0,,
45.51673673056553,1,0.8039244539243736,1.0,0,TC_MUMBAI_01,0,,
31.69165363882225,1,0.9193675154238833,1.0,0,TC_MUMBAI_01,0,,
35.09685800990786,1,0.8543397971998009,1.0,0,TC_NAGPUR_01,0,,
38.37268090536913,2,0.8808393360415698,1.0,0,TC_NAGPUR_01,0,,
33.79774018522869,1,0.659768534761879,1.0,0,TC_PUNE_03,0,,
60.634183229382806,1,0.8345445602904538,1.0,0,TC_PUNE_03,0,,
80.95221169683442,2,0.9828481128673624,1.0,0,TC_NAGPUR_01,0,,
45.39393658988837,1,0.8618900751152172,1.0,0,TC_NASHIK_02,0,,
27.274511890167986,1,0.8416775266303743,1.0,0,TC_NAGPUR_01,0,,
85.44004251052434,1,0.7183119028961821,1.0,0,TC_MUMBAI_01,0,,
23.21230640031124,1,0.8767605611881681,1.0,0,TC_PUNE_03,0,,
37.658830942362144,2,0.8968305578415928,1.0,1,TC_NASHIK_02,0,,
20.857622625592803,1,0.949098274124914,1.0,0,TC_NASHIK_02,0,,
1.41374008796421,22,,,1,TC_RURAL_MALPRACTICE_09,1,0.2050579632525214,0.0
46.70331149696369,1,0.9696329474147484,1.0,0,TC_NASHIK_02,0,,
20.780777837829,1,0.8829092802067379,1.0,0,TC_PUNE_03,0,,
39.094962264820126,1,0.9008610785366555,1.0,0,TC_MUMBAI_01,0,,
35.86264640921752,1,0.9003013145437123,1.0,0,TC_NAGPUR_01,0,,
24.340856888534784,1,0.8168983656442246,1.0,0,TC_PUNE_03,0,,
49.73576139954138,1,0.9460104323715552,1.0,0,TC_MUMBAI_01,0,,
35.133375807656506,1,0.8440636708364139,1.0,0,TC_NASHIK_02,0,,
2.282177064643862,6,,,1,TC_RURAL_MALPRACTICE_09,1,0.560004768214345,0.0
2.2520900384623723,15,,,0,TC_RURAL_MALPRACTICE_09,1,0.577410170946374,0.0
1.6585986437939608,11,,,1,TC_RURAL_MALPRACTICE_09,1,0.24152929373512846,0.0
22.08254755058683,1,0.9348392192991364,1.0,0,TC_MUMBAI_01,0,,
25.851662333715883,1,0.9869833631937429,1.0,0,TC_MUMBAI_01,0,,
31.08468541890854,1,0.6282440565909763,1.0,0,TC_NAGPUR_01,0,,
59.17833807223962,1,0.9550166108090838,1.0,0,TC_NAGPUR_01,0,,
36.1062588940872,1,0.8393101503381626,1.0,1,TC_NAGPUR_01,0,,
31.2749524866045,2,0.6758083388506418,1.0,0,TC_PUNE_03,0,,
42.209034471366635,1,0.6897785493807129,1.0,0,TC_MUMBAI_01,0,,
43.57189277993194,1,0.8001440680611532,1.0,0,TC_NASHIK_02,0,,
26.09623277301569,1,0.9203295964542957,1.0,0,TC_NAGPUR_01,0,,
19.633392177264327,1,0.9639664636419037,1.0,0,TC_PUNE_03,0,,
31.92231456289095,1,0.8505111274110623,1.0,0,TC_NASHIK_02,0,,
31.87368008141354,1,0.8918784767677501,1.0,0,TC_MUMBAI_01,0,,
34.84079399793438,1,0.6275964285111704,1.0,0,TC_PUNE_03,0,,
35.267023232586055,1,0.8722466688989416,1.0,0,TC_NASHIK_02,0,,
35.15463522343498,1,0.8257209849038817,1.0,0,TC_PUNE_03,0,,
29.933782205109154,1,0.9401057729621415,1.0,0,TC_NASHIK_02,0,,
21.467904582390908,1,0.9068066515733945,1.0,0,TC_NASHIK_02,0,,
36.31950667041642,1,0.9376089009151926,1.0,0,TC_NAGPUR_01,0,,
42.43403604254437,1,0.8534468114660679,1.0,0,TC_PUNE_03,0,,
30.507912106223586,1,0.986975422144186,1.0,0,TC_MUMBAI_01,0,,
25.692310498386693,1,0.9675932208170659,1.0,0,TC_PUNE_03,0,,
30.131169547731663,1,0.7601457596860952,1.0,0,TC_MUMBAI_01,0,,
46.92388417400135,1,0.965216238361101,1.0,0,TC_PUNE_03,0,,
27.240843949684653,1,0.9077798200094991,1.0,0,TC_MUMBAI_01,0,,
33.61118213651794,1,0.6224174892012467,1.0,0,TC_MUMBAI_01,0,,
56.88084710526887,2,0.9041584731693665,1.0,0,TC_NASHIK_02,0,,
58.569533369852614,1,0.9470638574868038,1.0,0,TC_MUMBAI_01,0,,
36.937685848507286,1,0.927542178501757,1.0,0,TC_NAGPUR_01,0,,
18.448702622577912,1,0.918471251614274,1.0,0,TC_NAGPUR_01,0,,
42.11057009865366,1,0.8591658693797034,1.0,0,TC_PUNE_03,0,,
54.32294909088385,1,0.8228178575722627,1.0,0,TC_NASHIK_02,0,,
44.42871200187482,1,0.6803759775997567,1.0,0,TC_MUMBAI_01,0,,
67.66493402798359,1,0.9077625805622013,1.0,0,TC_MUMBAI_01,0,,
38.73045366574089,1,0.8886140418432112,1.0,0,TC_MUMBAI_01,0,,
51.14378269969036,1,0.985577213042278,1.0,0,TC_NAGPUR_01,0,,
31.54474142687744,1,0.6150118621325904,1.0,0,TC_PUNE_03,0,,
32.57365107467833,1,0.9037779664660933,1.0,0,TC_NASHIK_02,0,,
43.68106839917286,1,0.7633189343170729,1.0,0,TC_NAGPUR_01,0,,
58.28242888867756,1,0.9359137301176063,1.0,0,TC_NAGPUR_01,0,,
30.772630877613246,1,0.9083219113613316,1.0,0,TC_NAGPUR_01,0,,
32.208746963401595,1,0.8517884236943914,1.0,0,TC_PUNE_03,0,,
26.33570796546315,1,0.8705434720601256,1.0,0,TC_NASHIK_02,0,,
36.271165216474834,2,0.7778347710639656,1.0,0,TC_NAGPUR_01,0,,
26.511655477056067,1,0.8656824231369369,1.0,1,TC_MUMBAI_01,0,,
62.610746841288645,1,0.7813343693343467,1.0,0,TC_NASHIK_02,0,,
50.01481860167396,1,0.9561869680090667,1.0,0,TC_NAGPUR_01,0,,
27.71841721447305,1,0.9215487785824528,1.0,0,TC_PUNE_03,0,,
30.21853744566573,1,0.7158931923471127,1.0,0,TC_PUNE_03,0,,
56.2334259734252,1,0.9613634132177653,1.0,0,TC_MUMBAI_01,0,,
69.77701509570309,1,0.9411363780009766,1.0,0,TC_NASHIK_02,0,,
73.49099329166205,1,0.9066714578145527,1.0,0,TC_PUNE_03,0,,
32.51755584061736,1,0.6964595956933523,1.0,0,TC_NAGPUR_01,0,,
26.18705165351096,1,0.8119846006364548,1.0,0,TC_NAGPUR_01,0,,
33.529246852000306,1,0.8788964272574834,1.0,0,TC_NAGPUR_01,0,,
42.02648781228775,1,0.9909939968395577,1.0,0,TC_PUNE_03,0,,
38.145772246530484,1,0.682130763872522,1.0,0,TC_PUNE_03,0,,
58.64551169688316,1,0.9347705180909168,1.0,1,TC_NAGPUR_01,0,,
36.84848602978593,2,0.9326970575418541,1.0,0,TC_NAGPUR_01,0,,
37.43970438567448,1,0.8771280905178748,1.0,0,TC_NAGPUR_01,0,,
29.40276236039929,1,0.7082775592900867,1.0,0,TC_NAGPUR_01,0,,
65.0332432005892,1,0.8226027412795107,1.0,0,TC_PUNE_03,0,,
19.269154759045126,1,0.8719177878099114,1.0,0,TC_MUMBAI_01,0,,
20.599835694574338,1,0.7268397689611313,1.0,0,TC_NAGPUR_01,0,,
29.074533330529597,1,0.9927486838572566,1.0,0,TC_MUMBAI_01,0,,
33.3939979291316,1,0.8695548019994536,1.0,0,TC_NAGPUR_01,0,,
37.06483992167383,1,0.7774837919320492,1.0,0,TC_NASHIK_02,0,,
35.10545937754652,1,0.943116453754063,1.0,0,TC_MUMBAI_01,0,,
44.00833777009758,1,0.8500853478826248,1.0,0,TC_NAGPUR_01,0,,
42.058294390929994,1,0.83645993958803,1.0,0,TC_NASHIK_02,0,,
28.014577609714674,1,0.9257807356578786,1.0,0,TC_NASHIK_02,0,,
40.7574662807755,1,0.9215407329615503,1.0,0,TC_NASHIK_02,0,,
29.508644818750934,1,0.7267848155086527,1.0,0,TC_MUMBAI_01,0,,
46.42630970769544,1,0.7782744314193129,1.0,0,TC_PUNE_03,0,,
44.62476516742738,1,0.9917827319887611,1.0,0,TC_PUNE_03,0,,
34.95411747525868,1,0.7817482393831863,1.0,0,TC_NAGPUR_01,0,,
52.81702643190315,1,0.9527975057415922,1.0,0,TC_MUMBAI_01,0,,
42.23424823877981,1,0.6734666229300883,1.0,0,TC_NASHIK_02,0,,
32.42760914969068,1,0.9917070995235026,1.0,0,TC_NASHIK_02,0,,
32.49909461612755,1,0.9688533662003229,1.0,0,TC_PUNE_03,0,,
32.946877238219855,1,0.7168050899633022,1.0,0,TC_NASHIK_02,0,,
2.3188666880554183,8,,,1,TC_NAGPUR_01,1,0.19967059435813117,0.0
26.757925545814366,1,0.9809404799986229,1.0,0,TC_MUMBAI_01,0,,
45.73949074332062,1,0.9815343826797439,1.0,0,TC_MUMBAI_01,0,,
35.379139389478894,1,0.975144598859023,1.0,0,TC_NASHIK_02,0,,
28.291168598147998,1,0.6373847789569169,1.0,0,TC_NAGPUR_01,0,,
33.559670150348644,1,0.8845769768213922,0.0,0,TC_NAGPUR_01,0,,
28.564814743149906,1,0.9447331022879758,1.0,0,TC_NASHIK_02,0,,
33.77176736143489,1,0.6545031612765708,1.0,0,TC_PUNE_03,0,,
34.48313584198566,1,0.8436053187494745,1.0,0,TC_NAGPUR_01,0,,
24.055643656162754,1,0.8149262500457656,1.0,0,TC_NASHIK_02,0,,
19.00303146610157,1,0.8197164658790352,1.0,0,TC_MUMBAI_01,0,,
31.2298096515895,1,0.9197542355660319,1.0,0,TC_MUMBAI_01,0,,
31.40308628776172,1,0.9136247434000822,1.0,0,TC_NASHIK_02,0,,
77.89476827876369,1,0.933660073738351,1.0,0,TC_PUNE_03,0,,
31.161564746903913,1,0.768489992276507,1.0,0,TC_NAGPUR_01,0,,
1.1116396412616214,23,,,1,TC_RURAL_MALPRACTICE_09,1,0.20191254417352877,0.0
26.044338996620432,1,0.831513488729561,1.0,0,TC_NAGPUR_01,0,,
39.54633672970774,2,0.7274371748201358,1.0,0,TC_NASHIK_02,0,,
50.34591355500203,1,0.8310891067201899,1.0,0,TC_NASHIK_02,0,,
55.43972439621207,2,0.9217164731017352,1.0,0,TC_PUNE_03,0,,
32.69893650605923,1,0.44656104188901175,1.0,0,TC_NAGPUR_01,0,,
48.83660052764579,1,0.8853238245406386,1.0,0,TC_MUMBAI_01,0,,
39.25413852742799,1,0.945613732576395,1.0,0,TC_PUNE_03,0,,
35.75458674053638,1,0.742414777195165,1.0,0,TC_NASHIK_02,0,,
2.3020879589848073,23,,,1,TC_RURAL_MALPRACTICE_09,1,0.4663144442490267,0.0
29.30019367206504,1,0.75531718094601,1.0,0,TC_NAGPUR_01,0,,
31.065822351928244,2,0.8405682149108613,1.0,0,TC_PUNE_03,0,,
31.46776517089512,1,0.9292729951214654,1.0,0,TC_NAGPUR_01,0,,
26.335755134694864,1,0.7334596050456995,1.0,0,TC_MUMBAI_01,0,,
30.973017916359815,1,0.8435920412011643,1.0,0,TC_MUMBAI_01,0,,
1.2266325774614746,23,,,0,TC_NAGPUR_01,1,0.44016366398888507,0.0
50.090856349581706,1,0.9302417198586573,1.0,0,TC_NASHIK_02,0,,
1.8040625854524388,7,,,1,TC_RURAL_MALPRACTICE_09,1,0.4448784734708685,1.0
0.5754687054150609,9,,,0,TC_RURAL_MALPRACTICE_09,1,0.24510758228391522,0.0
33.1278352500932,1,0.7925130210691916,1.0,0,TC_NASHIK_02,0,,
1.411985177140452,19,,,1,TC_RURAL_MALPRACTICE_09,1,0.2733872460307346,0.0
43.038604528770854,1,0.9229306417786521,1.0,0,TC_NAGPUR_01,0,,
52.88108785080002,1,0.9437860925709857,1.0,0,TC_PUNE_03,0,,
45.003322419501835,1,0.7883894113067731,1.0,0,TC_MUMBAI_01,0,,
27.06730955411726,1,0.898240178019119,1.0,0,TC_NAGPUR_01,0,,
58.74603092454144,1,0.9705651451308912,1.0,0,TC_PUNE_03,0,,
27.084313317745423,1,0.9120067551833723,1.0,0,TC_NASHIK_02,0,,
32.29150294920029,1,0.7369383164908127,1.0,0,TC_NAGPUR_01,0,,
0.49367889789071934,9,,,1,TC_NAGPUR_01,1,0.1911106449418435,0.0
35.257299093423086,1,0.9499182011590922,1.0,0,TC_NAGPUR_01,0,,
31.73830901556129,1,0.90184729271498,1.0,0,TC_PUNE_03,0,,
23.27942025459174,1,0.9347479721674956,1.0,0,TC_PUNE_03,0,,
38.36010257624728,1,0.6820352097085234,1.0,0,TC_NASHIK_02,0,,
0.7519132383579497,6,,,1,TC_RURAL_MALPRACTICE_09,1,0.16451907225191226,0.0
35.714013753344375,1,0.864485511532043,1.0,0,TC_PUNE_03,0,,
44.610071788163566,1,0.7458490284384802,1.0,0,TC_NAGPUR_01,0,,
31.503809857409575,1,0.7246735213615852,1.0,0,TC_NASHIK_02,0,,
65.36063850428381,1,0.6784790570245195,1.0,0,TC_PUNE_03,0,,
36.512725394906525,1,0.9590082507014849,1.0,0,TC_PUNE_03,0,,
21.244424315276152,1,0.7984416740641154,1.0,0,TC_MUMBAI_01,0,,
56.191844834712676,1,0.5473546024291573,1.0,0,TC_PUNE_03,0,,
28.252216418121005,1,0.9837802823832786,1.0,0,TC_NASHIK_02,0,,
31.114101003576458,2,0.7468372081364248,1.0,0,TC_NASHIK_02,0,,
54.53562107698454,1,0.9259029677413847,1.0,0,TC_NASHIK_02,0,,
51.704249431792356,2,0.9502028789217832,1.0,0,TC_MUMBAI_01,0,,
51.92027483880587,1,0.8049376604975392,1.0,0,TC_MUMBAI_01,0,,
46.658180854541,2,0.7467699224518751,1.0,0,TC_MUMBAI_01,0,,
60.134263812864184,1,0.8390745457644498,1.0,0,TC_NASHIK_02,0,,
34.30687467428703,1,0.6412629759198516,1.0,0,TC_MUMBAI_01,0,,
24.32903032870705,1,0.9589186244841764,1.0,0,TC_MUMBAI_01,0,,
44.643654026186525,1,0.8540658054660274,1.0,0,TC_NAGPUR_01,0,,
52.15612829112766,1,0.8326133311691762,1.0,0,TC_NASHIK_02,0,,
36.67084270532888,1,0.7408060816526447,1.0,0,TC_NAGPUR_01,0,,
31.357261820235554,1,0.9065918952488871,1.0,0,TC_PUNE_03,0,,
37.044947564385836,1,0.8264834164577413,1.0,0,TC_PUNE_03,0,,
2.2093486473765642,21,,,1,TC_NAGPUR_01,1,0.16514406175154986,0.0
31.77882975596405,1,0.8454681406675886,1.0,0,TC_PUNE_03,0,,
1.2007989360780331,8,,,1,TC_RURAL_MALPRACTICE_09,1,0.5068433622576619,0.0
53.57630460502788,1,0.9652153055867632,1.0,0,TC_MUMBAI_01,0,,
0.5651084981192224,14,,,1,TC_RURAL_MALPRACTICE_09,1,0.5566000090338159,1.0
28.709153061178345,1,0.9511346125596636,1.0,0,TC_NASHIK_02,0,,
28.877271933504957,1,0.9376968295563929,1.0,0,TC_NAGPUR_01,0,,
49.31873312943482,2,0.6488147559626615,1.0,0,TC_NASHIK_02,0,,
0.7806651091716144,12,,,1,TC_NAGPUR_01,1,0.27939273985675783,0.0
66.39309756397128,1,0.8181508088459899,1.0,0,TC_PUNE_03,0,,
31.594910974423982,1,0.8784002958125142,1.0,0,TC_MUMBAI_01,0,,
0.397473616120682,19,,,1,TC_RURAL_MALPRACTICE_09,1,0.3272494188564913,0.0
30.34962199643497,1,0.8850704404634117,1.0,0,TC_NAGPUR_01,0,,
0.5628886947022713,17,,,1,TC_NAGPUR_01,1,0.2387553153949179,0.0
21.156513052897008,1,0.9414337764130607,1.0,0,TC_PUNE_03,0,,
47.31392790006009,1,0.8365850316788557,1.0,0,TC_MUMBAI_01,0,,
27.423899496901825,1,0.6393207011652086,1.0,0,TC_MUMBAI_01,0,,
42.29643364530035,1,0.6831848546292673,1.0,0,TC_PUNE_03,0,,
42.26643404749359,1,0.7628522230744941,1.0,0,TC_NASHIK_02,0,,
42.98115586926873,1,0.8443724205855122,1.0,0,TC_PUNE_03,0,,
33.0793511785428,1,0.8108231110367908,1.0,0,TC_MUMBAI_01,0,,
24.84233470504634,1,0.6402053396840172,1.0,0,TC_NAGPUR_01,0,,
59.14102416575163,1,0.7804589156726848,1.0,0,TC_PUNE_03,0,,
25.259472612182503,1,0.729665960724357,1.0,0,TC_PUNE_03,0,,
31.45319384948689,1,0.9899471786491452,1.0,1,TC_NAGPUR_01,0,,
19.377160181752025,1,0.753257230524685,1.0,0,TC_MUMBAI_01,0,,
28.464207339285174,1,0.9912396956075589,1.0,0,TC_MUMBAI_01,0,,
30.960187402495677,1,0.7831928138470836,1.0,0,TC_NASHIK_02,0,,
27.211799548043064,2,0.7481225926633007,1.0,0,TC_NAGPUR_01,0,,
73.15191407225142,1,0.9737291475592216,1.0,0,TC_NAGPUR_01,0,,
38.18325504779973,1,0.8978660459673086,1.0,0,TC_NASHIK_02,0,,
0.3131507937954847,8,,,1,TC_RURAL_MALPRACTICE_09,1,0.4764983042671209,0.0
38.160194728419654,1,0.7888805763399114,1.0,0,TC_MUMBAI_01,0,,
34.01126811677146,1,0.8513786710680336,1.0,0,TC_PUNE_03,0,,
38.704286562263015,1,0.8927196753360946,1.0,0,TC_PUNE_03,0,,
55.04817813604396,1,0.9577131656414625,1.0,0,TC_NAGPUR_01,0,,
22.380920061098006,1,0.6580708899248255,1.0,0,TC_MUMBAI_01,0,,
46.61546123365373,1,0.9431507730441092,1.0,0,TC_PUNE_03,0,,
30.51986688819761,1,0.9771062356989743,1.0,0,TC_PUNE_03,0,,
53.47192615644356,1,0.9192225648896679,1.0,0,TC_NASHIK_02,0,,
58.2476898540485,1,0.630492227459542,1.0,0,TC_NASHIK_02,0,,
64.64521195442704,1,0.6733745548906143,1.0,0,TC_NASHIK_02,0,,
34.328926157560836,1,0.8303291062370477,1.0,0,TC_PUNE_03,0,,
32.42608324191244,2,0.9564666261596925,1.0,0,TC_PUNE_03,0,,
27.19500958539604,1,0.6506919935526757,1.0,0,TC_MUMBAI_01,0,,
49.032538141309324,1,0.7093213372208236,1.0,0,TC_NAGPUR_01,0,,
32.368110341191645,1,0.861825730578604,1.0,0,TC_PUNE_03,0,,
48.444802648086146,1,0.5622266518978785,1.0,0,TC_NAGPUR_01,0,,
25.53897374582586,1,0.9449108408918362,1.0,1,TC_PUNE_03,0,,
68.86720871723955,1,0.66401463382984,1.0,0,TC_MUMBAI_01,0,,
43.30010941802401,1,0.6780927418991796,1.0,0,TC_NAGPUR_01,0,,
39.42772898547816,1,0.769382640359959,1.0,0,TC_PUNE_03,0,,
28.06968125606111,1,0.8745344621616972,1.0,0,TC_MUMBAI_01,0,,
27.684946976264563,1,0.8636632909521225,1.0,0,TC_PUNE_03,0,,
30.737340314471208,1,0.42111817721724654,1.0,0,TC_PUNE_03,0,,
32.37175522676232,1,0.949664347440654,1.0,0,TC_NAGPUR_01,0,,
28.52826854196229,1,0.8834526668190035,1.0,0,TC_MUMBAI_01,0,,
26.339329594270186,1,0.8883906646586645,1.0,0,TC_MUMBAI_01,0,,
1.1405032657595637,21,,,1,TC_RURAL_MALPRACTICE_09,1,0.3308170380503477,0.0
44.65596448516282,1,0.6577954763713172,1.0,0,TC_MUMBAI_01,0,,
44.025685586667805,1,0.967280338571087,1.0,0,TC_NASHIK_02,0,,
21.20710641846337,1,0.8781368998681309,1.0,0,TC_NASHIK_02,0,,
24.801616973564315,1,0.9469459224475825,1.0,0,TC_MUMBAI_01,0,,
36.9307551257169,1,0.9126416240954714,1.0,0,TC_MUMBAI_01,0,,
49.995180796709676,1,0.8555770031630687,1.0,0,TC_MUMBAI_01,0,,
40.236281406251045,1,0.7689805280981722,1.0,0,TC_PUNE_03,0,,
62.477171465793724,1,0.9648818193478721,1.0,0,TC_PUNE_03,0,,
37.65496645167065,1,0.833301147952388,1.0,0,TC_PUNE_03,0,,
0.31276825070169895,14,,,0,TC_NAGPUR_01,1,0.21398647735373283,0.0
61.722333295417265,1,0.9983358382490379,1.0,0,TC_NAGPUR_01,0,,
61.17087116256057,1,0.9618364145454986,1.0,0,TC_PUNE_03,0,,
1.6580262926014788,13,,,0,TC_RURAL_MALPRACTICE_09,1,0.3752574050772814,0.0
23.170681350103024,1,0.8488977120610119,1.0,0,TC_MUMBAI_01,0,,
14.056593572436443,1,0.9605083082064668,1.0,0,TC_PUNE_03,0,,
36.25091248327284,1,0.852860357095218,1.0,0,TC_NAGPUR_01,0,,
39.89787972460975,1,0.9600033961740052,1.0,0,TC_NAGPUR_01,0,,
42.029212763939334,1,0.8745753040281378,1.0,0,TC_PUNE_03,0,,
36.05724912176342,1,0.7405250970690413,1.0,0,TC_PUNE_03,0,,
25.565880117094405,1,0.845493245398368,1.0,0,TC_NASHIK_02,0,,
34.69048641923675,1,0.6487060912131867,1.0,0,TC_MUMBAI_01,0,,
56.20384532507436,1,0.7789751008387731,1.0,0,TC_NAGPUR_01,0,,
29.944099300275962,1,0.7814192783980175,1.0,0,TC_NAGPUR_01,0,,
29.134619012958634,1,0.9982529417794549,1.0,0,TC_PUNE_03,0,,
2.1672303526011834,9,,,1,TC_NAGPUR_01,1,0.2264079724485173,0.0
29.44930685719306,1,0.9334280484132994,1.0,0,TC_NAGPUR_01,0,,
45.783427026970465,1,0.8916063998009456,1.0,0,TC_MUMBAI_01,0,,
51.58509396754767,2,0.8593010045728882,1.0,0,TC_NAGPUR_01,0,,
41.20856038688002,1,0.6242904833020586,1.0,0,TC_MUMBAI_01,0,,
59.89831583362948,1,0.7484112516633808,1.0,0,TC_NAGPUR_01,0,,
70.03051713023832,1,0.8636835771670265,1.0,0,TC_NASHIK_02,0,,
39.36841453453932,1,0.9071810072801237,1.0,0,TC_MUMBAI_01,0,,
50.603148526788054,1,0.8371966012050899,1.0,0,TC_NAGPUR_01,0,,
43.22086028347097,1,0.6440590600870237,1.0,0,TC_PUNE_03,0,,
49.19411915779227,1,0.8408567457687876,1.0,0,TC_MUMBAI_01,0,,
25.190651810833238,1,0.8154511042988877,1.0,0,TC_NASHIK_02,0,,
29.62602861780397,1,0.837289114677717,1.0,0,TC_MUMBAI_01,0,,
49.25809598090286,1,0.9115764611808091,1.0,0,TC_PUNE_03,0,,
28.244741034631883,1,0.8138092045798201,1.0,0,TC_NASHIK_02,0,,
22.60574871970478,1,0.648229417951059,1.0,0,TC_MUMBAI_01,0,,
54.79998101276901,1,0.9688244128598207,1.0,0,TC_NAGPUR_01,0,,
28.31288917591557,1,0.8730499848154267,1.0,0,TC_NAGPUR_01,0,,
30.681653450178963,2,0.9258153877465608,1.0,0,TC_NASHIK_02,0,,
36.25739021895802,1,0.9247039313423083,1.0,0,TC_NAGPUR_01,0,,
41.06340543351877,2,0.9078143925912393,1.0,0,TC_NASHIK_02,0,,
72.56987448627217,1,0.9258876073955481,1.0,0,TC_PUNE_03,0,,
46.21927220503655,1,0.7004312420468524,1.0,0,TC_NAGPUR_01,0,,
65.07809164170507,1,0.9837106502335337,1.0,0,TC_PUNE_03,0,,
57.6545375061883,2,0.6598045443643387,1.0,0,TC_PUNE_03,0,,
23.615222257680795,1,0.7522981099209904,1.0,1,TC_NASHIK_02,0,,
52.11366147765691,1,0.8434584196448063,1.0,0,TC_NAGPUR_01,0,,
21.2568100410919,1,0.9429119097848961,1.0,0,TC_PUNE_03,0,,
48.79528959526964,1,0.7767795564953355,1.0,0,TC_NASHIK_02,0,,
31.695202781787437,1,0.918468746354455,1.0,0,TC_NASHIK_02,0,,
76.38922880250618,1,0.8824271525747854,1.0,0,TC_PUNE_03,0,,
25.250513722012517,1,0.9970492953661261,1.0,0,TC_MUMBAI_01,0,,
20.277251651425225,2,0.923598927909078,1.0,0,TC_NASHIK_02,0,,
40.215630853528786,1,0.5644295597099085,1.0,0,TC_NAGPUR_01,0,,
32.59912831930407,1,0.752441019520136,1.0,0,TC_NASHIK_02,0,,
33.36511709753414,1,0.6924278094356098,1.0,0,TC_NAGPUR_01,0,,
46.85117088191267,1,0.8012845052817764,1.0,0,TC_NASHIK_02,0,,
37.65521619139919,1,0.7342567249690931,1.0,0,TC_MUMBAI_01,0,,
28.99705943507661,2,0.7140130941424327,1.0,0,TC_PUNE_03,0,,
42.70465047952759,1,0.7778844210674749,1.0,0,TC_MUMBAI_01,0,,
40.136334567717846,1,0.9133887568975922,1.0,0,TC_NASHIK_02,0,,
56.071187728912435,1,0.8885944804563536,1.0,0,TC_PUNE_03,0,,
58.964613139680104,1,0.6322500666775294,1.0,0,TC_PUNE_03,0,,
18.783861613583724,1,0.9248935020614011,1.0,0,TC_PUNE_03,0,,
20.22983809592655,2,0.7617195559131595,1.0,0,TC_NASHIK_02,0,,
95.0495612371038,1,0.7032224631399668,1.0,0,TC_PUNE_03,0,,
34.333437791167654,1,0.8542077894032601,1.0,0,TC_NASHIK_02,0,,
17.150512765104658,1,0.918324305503934,1.0,0,TC_MUMBAI_01,0,,
35.06618209365824,1,0.9153734605732453,1.0,0,TC_NASHIK_02,0,,
75.80663945799252,2,0.9828717498917408,1.0,0,TC_PUNE_03,0,,
33.05450541065388,1,0.8534330879263652,1.0,0,TC_NASHIK_02,0,,
44.23447376009586,1,0.9134349779665623,1.0,0,TC_NAGPUR_01,0,,
34.00381727473902,1,0.928264537903229,1.0,0,TC_PUNE_03,0,,
29.85834572810222,1,0.9168316105991886,1.0,0,TC_PUNE_03,0,,
38.37609237864416,1,0.8786376265867206,1.0,0,TC_MUMBAI_01,0,,
1.2028824955028594,17,,,1,TC_RURAL_MALPRACTICE_09,1,0.2296307021556281,0.0
21.130535720056876,1,0.9510500833392327,1.0,0,TC_PUNE_03,0,,
63.45175418551374,2,0.9661635811616837,1.0,0,TC_PUNE_03,0,,
23.217540299373454,1,0.8636693179233171,1.0,0,TC_PUNE_03,0,,
48.52280099610903,1,0.7886567375159759,1.0,0,TC_PUNE_03,0,,
38.56900726583089,2,0.9520449411152933,1.0,0,TC_MUMBAI_01,0,,
31.155045002129516,1,0.9145544449323865,1.0,0,TC_PUNE_03,0,,
26.230032726283,1,0.7090901565936535,1.0,0,TC_MUMBAI_01,0,,
52.92373090294789,1,0.6923809400174763,1.0,0,TC_MUMBAI_01,0,,
0.460314869243068,14,,,0,TC_RURAL_MALPRACTICE_09,1,0.3844580696877541,0.0
36.121421630167006,1,0.9209808500285314,1.0,0,TC_MUMBAI_01,0,,
31.34560803792801,1,0.8339285505038941,1.0,0,TC_NASHIK_02,0,,
27.60002400080636,2,0.963552837949759,1.0,0,TC_MUMBAI_01,0,,
29.288788623789806,1,0.9876714081248885,1.0,0,TC_NAGPUR_01,0,,
1.2771456771560896,9,,,1,TC_RURAL_MALPRACTICE_09,1,0.21579486873137121,0.0
33.48790781453446,1,0.9805143849625033,1.0,0,TC_NASHIK_02,0,,
61.40374882341585,1,0.7650658679958351,1.0,0,TC_MUMBAI_01,0,,
94.76541854378209,1,0.9085673907576839,1.0,0,TC_NAGPUR_01,0,,
29.024832649347886,1,0.9646289305774974,1.0,0,TC_MUMBAI_01,0,,
39.515733431669815,1,0.9181465745956088,1.0,0,TC_MUMBAI_01,0,,
35.958451490404514,1,0.7635678043263611,1.0,0,TC_NASHIK_02,0,,
52.83041190186196,1,0.8766612967727736,1.0,1,TC_NASHIK_02,0,,
26.705977425544038,1,0.9015789350431356,1.0,0,TC_NAGPUR_01,0,,
51.03085655455169,1,0.8196492040724583,1.0,0,TC_MUMBAI_01,0,,
56.43549813938261,2,0.917524532259671,1.0,0,TC_PUNE_03,0,,
1.3866442880123409,21,,,1,TC_RURAL_MALPRACTICE_09,1,0.19152692987895914,0.0
35.197690277863146,1,0.9431374018399941,1.0,0,TC_PUNE_03,0,,
40.41813306213843,1,0.8662278420220987,1.0,0,TC_NAGPUR_01,0,,
25.980566323526592,1,0.8316008438854844,1.0,0,TC_NAGPUR_01,0,,
36.02437588664738,1,0.8053487153885875,1.0,0,TC_PUNE_03,0,,
31.64576141300995,1,0.9742629786256528,1.0,0,TC_PUNE_03,0,,
14.293530144959693,1,0.718666246115233,1.0,0,TC_PUNE_03,0,,
57.71519999968474,1,0.8269928723957198,1.0,0,TC_NASHIK_02,0,,
0.5634470927475363,12,,,1,TC_NAGPUR_01,1,0.40698715920983675,0.0
63.64739060377054,2,0.6022134354396037,1.0,0,TC_NAGPUR_01,0,,
17.191946282879982,2,0.9956256358197961,1.0,0,TC_MUMBAI_01,0,,
67.9119193971178,1,0.9531096751479791,0.0,0,TC_NAGPUR_01,0,,
60.52448717069858,1,0.7324566171299232,1.0,0,TC_PUNE_03,0,,
20.135826724622063,1,0.8993946776974339,1.0,0,TC_NASHIK_02,0,,
70.27326584454043,1,0.8693250774168276,1.0,0,TC_NASHIK_02,0,,
1.94876827756999,19,,,1,TC_RURAL_MALPRACTICE_09,1,0.30454918293710775,0.0
48.958388506053026,1,0.8905906814747531,1.0,0,TC_MUMBAI_01,0,,
31.398784218914333,2,0.9037337778190612,1.0,0,TC_NASHIK_02,0,,
37.84421996400871,1,0.7550369906485357,1.0,0,TC_NASHIK_02,0,,
20.103850681503932,1,0.831009587987322,1.0,0,TC_MUMBAI_01,0,,
51.93957997575317,1,0.853029203946335,1.0,0,TC_MUMBAI_01,0,,
50.6430515218208,1,0.8875922573179026,1.0,0,TC_PUNE_03,0,,
38.49085655593376,1,0.5998651894391912,1.0,0,TC_PUNE_03,0,,
36.45574013470463,1,0.8044457867281604,1.0,0,TC_PUNE_03,0,,
32.29089538478577,1,0.927918423422009,1.0,0,TC_NAGPUR_01,0,,
24.626670360178498,2,0.9345676147890704,1.0,0,TC_PUNE_03,0,,
27.610722309499955,1,0.8584887097954509,1.0,0,TC_NAGPUR_01,0,,
41.11289450844823,1,0.7647256237570615,1.0,0,TC_NASHIK_02,0,,
29.494660487766147,1,0.8522423879988987,1.0,0,TC_PUNE_03,0,,
44.9415072294712,1,0.7083301843147845,1.0,0,TC_MUMBAI_01,0,,
37.77841682348304,1,0.9632797727324127,1.0,0,TC_PUNE_03,0,,
26.160855298016653,1,0.9203137458761669,1.0,0,TC_NASHIK_02,0,,
30.968160856417505,1,0.8063975070000445,1.0,1,TC_PUNE_03,0,,
32.75068235067564,2,0.7669977407039894,1.0,0,TC_NAGPUR_01,0,,
2.4600600241038326,18,,,1,TC_RURAL_MALPRACTICE_09,1,0.16196663163002029,0.0
2.020571926457527,24,,,1,TC_RURAL_MALPRACTICE_09,1,0.47453312989659013,0.0
49.952748853480266,1,0.7789840717131372,1.0,0,TC_MUMBAI_01,0,,
39.45222269447289,1,0.9225530614561915,1.0,0,TC_NASHIK_02,0,,
35.430527787485474,1,0.9288674105160847,1.0,0,TC_NASHIK_02,0,,
25.33383430985187,1,0.9595536202238035,1.0,0,TC_PUNE_03,0,,
36.38095832639517,2,0.9890330843732132,1.0,0,TC_PUNE_03,0,,
42.59914476404532,1,0.7476018407634752,1.0,0,TC_MUMBAI_01,0,,
80.41439620462265,1,0.7025271348007772,1.0,0,TC_NAGPUR_01,0,,
58.326653575286805,1,0.9336487078416855,1.0,0,TC_NAGPUR_01,0,,
32.27246720110426,2,0.5388477746844528,1.0,0,TC_NASHIK_02,0,,
28.46628795138991,1,0.9363211470844837,1.0,0,TC_PUNE_03,0,,
28.163875230432264,1,0.8757098649482056,1.0,1,TC_MUMBAI_01,0,,
39.5968759918057,1,0.8816879188758201,1.0,0,TC_NAGPUR_01,0,,
33.65749152641919,1,0.9512832129006495,1.0,0,TC_PUNE_03,0,,
49.50155766889642,1,0.9712006786752321,1.0,0,TC_NASHIK_02,0,,
39.178118120825246,1,0.8417422760356379,1.0,0,TC_PUNE_03,0,,
43.64046282992372,1,0.8016548583654725,1.0,0,TC_NASHIK_02,0,,
33.552778937100285,1,0.9333760814345647,1.0,0,TC_MUMBAI_01,0,,
45.8247809923554,1,0.9907918893267663,1.0,0,TC_PUNE_03,0,,
21.98890181488864,1,0.8724688656341918,1.0,0,TC_PUNE_03,0,,
54.36908207155149,1,0.8986889723440916,1.0,0,TC_NAGPUR_01,0,,
25.129882851647004,1,0.8977032917850212,1.0,0,TC_PUNE_03,0,,
35.9177526525355,1,0.7418121434826213,1.0,0,TC_PUNE_03,0,,
0.32945456670661716,13,,,1,TC_RURAL_MALPRACTICE_09,1,0.22775358760419961,0.0
31.143291481815897,1,0.996710250984893,1.0,0,TC_NASHIK_02,0,,
53.47992617083946,1,0.8339850290993519,1.0,0,TC_NAGPUR_01,0,,
53.694698764364226,1,0.9379426542622099,1.0,0,TC_NAGPUR_01,0,,
41.797147360108966,1,0.9611406870954116,1.0,0,TC_NAGPUR_01,0,,
69.67311477638009,1,0.8514486861872084,1.0,0,TC_NASHIK_02,0,,
34.06662437138499,1,0.9030794929554489,1.0,0,TC_PUNE_03,0,,
20.642585660454845,1,0.8808569147756113,1.0,0,TC_PUNE_03,0,,
47.014373517074944,1,0.8787253245531651,1.0,0,TC_NAGPUR_01,0,,
72.92139422411884,1,0.9668057225572478,1.0,0,TC_PUNE_03,0,,
1.893180891565134,22,,,1,TC_RURAL_MALPRACTICE_09,1,0.3672172900641968,0.0
41.22950674617397,1,0.939123302339835,1.0,0,TC_MUMBAI_01,0,,
59.03189593727486,1,0.8261028178740438,1.0,0,TC_NAGPUR_01,0,,
0.9088832101395206,14,,,1,TC_RURAL_MALPRACTICE_09,1,0.4802906219602988,0.0
47.48856322617109,1,0.6840118384804407,1.0,0,TC_NASHIK_02,0,,
22.586133695340305,1,0.6684776570614087,1.0,0,TC_MUMBAI_01,0,,
45.69129171925744,1,0.9317666811460461,1.0,0,TC_PUNE_03,0,,
52.10874668401911,1,0.748030035902468,1.0,0,TC_NAGPUR_01,0,,
32.8865922440306,1,0.9322358139647575,1.0,0,TC_PUNE_03,0,,
35.85260257415611,1,0.9498864993304681,1.0,0,TC_NASHIK_02,0,,
32.56493642189477,1,0.9241006467882652,1.0,0,TC_NASHIK_02,0,,
19.24013952087011,1,0.891520777347587,1.0,0,TC_NAGPUR_01,0,,
23.92668763923487,1,0.8023965554131133,1.0,0,TC_NAGPUR_01,0,,
42.54918969364119,2,0.523384063901753,1.0,0,TC_NASHIK_02,0,,
47.32623849303308,1,0.8922470775657583,1.0,0,TC_PUNE_03,0,,
30.90071934767955,1,0.7901487575939,1.0,0,TC_MUMBAI_01,0,,
27.050311936424265,1,0.8678643553933628,1.0,0,TC_NASHIK_02,0,,
54.86017670442656,1,0.7853983475727949,1.0,0,TC_NASHIK_02,0,,
43.032723409796304,1,0.9713878631212154,1.0,0,TC_NASHIK_02,0,,
48.9802647892265,2,0.9729417798704976,1.0,0,TC_NAGPUR_01,0,,
50.499706339025764,2,0.971724549142045,1.0,0,TC_NASHIK_02,0,,
22.824121501446527,1,0.9320355026477839,1.0,0,TC_PUNE_03,0,,
42.433116960048885,1,0.9910939771711871,1.0,0,TC_NAGPUR_01,0,,
69.97520343417483,1,0.7106995023964205,1.0,0,TC_NAGPUR_01,0,,
61.43110914734686,1,0.8438373262316534,1.0,0,TC_PUNE_03,0,,
32.83241946417121,1,0.7612731007933025,1.0,0,TC_MUMBAI_01,0,,
27.24813030282366,1,0.9714843017967658,1.0,1,TC_MUMBAI_01,0,,
26.208062583807664,1,0.6102655481551555,1.0,0,TC_PUNE_03,0,,
48.502605214292814,1,0.5548839042816607,1.0,0,TC_MUMBAI_01,0,,
44.201383114234105,2,0.9032361439967115,1.0,0,TC_PUNE_03,0,,
46.49260215424703,1,0.9776545547084288,1.0,0,TC_NAGPUR_01,0,,
29.733510191441773,1,0.7923330557317132,1.0,0,TC_NAGPUR_01,0,,
58.08937701479271,1,0.45323888859412337,1.0,0,TC_NASHIK_02,0,,
27.069754782660258,1,0.9564661074750397,1.0,0,TC_PUNE_03,0,,
80.30356487891011,1,0.8735368406937436,1.0,1,TC_PUNE_03,0,,
43.210675661195815,1,0.9197344828793489,1.0,0,TC_NASHIK_02,0,,
25.416032835932146,1,0.7700572358622431,1.0,0,TC_NAGPUR_01,0,,
46.76016581023282,1,0.6420216896857556,1.0,0,TC_NAGPUR_01,0,,
37.3159525982858,1,0.9778985975532932,1.0,0,TC_PUNE_03,0,,
37.365460999781995,1,0.7282732153215377,1.0,0,TC_PUNE_03,0,,
48.2295807438386,1,0.7569409194074053,1.0,0,TC_NASHIK_02,0,,
29.46624491980472,1,0.949783019340553,1.0,0,TC_NAGPUR_01,0,,
23.922820521954346,1,0.8398291051092994,1.0,0,TC_MUMBAI_01,0,,
51.44743063196383,1,0.8487727187940252,1.0,0,TC_PUNE_03,0,,
23.30854134971358,1,0.9414693089865844,1.0,0,TC_PUNE_03,0,,
35.840626088674256,1,0.662310721896558,1.0,0,TC_NASHIK_02,0,,
34.54945277012449,1,0.878999444864401,1.0,0,TC_MUMBAI_01,0,,
45.31677633680417,1,0.9566401121394644,1.0,0,TC_MUMBAI_01,0,,
50.81823832909334,1,0.839956315599603,1.0,0,TC_NASHIK_02,0,,
43.71187799030951,1,0.913289129358884,1.0,0,TC_PUNE_03,0,,
22.27392314460737,1,0.8214650138948932,1.0,0,TC_NASHIK_02,0,,
26.85337851395319,1,0.8518712270956937,1.0,0,TC_MUMBAI_01,0,,
78.87963059594476,2,0.8443973549184961,1.0,0,TC_MUMBAI_01,0,,
63.70628040818895,1,0.9879843960279546,1.0,0,TC_MUMBAI_01,0,,
59.357279452974026,2,0.8504626357282449,1.0,0,TC_NASHIK_02,0,,
50.95898219375861,1,0.7825034473971703,1.0,0,TC_PUNE_03,0,,
29.55122065415558,1,0.904627256316994,1.0,0,TC_NASHIK_02,0,,
51.68301745744647,1,0.7178903201016018,1.0,0,TC_MUMBAI_01,0,,
50.83327377383366,2,0.7059742386138372,1.0,0,TC_NAGPUR_01,0,,
37.27745162490058,1,0.7982581117633667,1.0,1,TC_NASHIK_02,0,,
43.713405676842854,1,0.6801965466446911,1.0,0,TC_NASHIK_02,0,,
23.389947421065617,1,0.5417371822948048,1.0,0,TC_NAGPUR_01,0,,
24.92260828267179,1,0.8078404933051395,1.0,1,TC_PUNE_03,0,,
39.15630935276042,2,0.8534116170151581,1.0,0,TC_NASHIK_02,0,,
28.967067148196495,1,0.9528409123418385,1.0,0,TC_NAGPUR_01,0,,
24.23497105528426,1,0.7764926785099101,1.0,0,TC_NASHIK_02,0,,
36.292851930989244,1,0.8167111164833198,1.0,0,TC_MUMBAI_01,0,,
52.43421611909775,1,0.8382772775145476,1.0,0,TC_NASHIK_02,0,,
49.720847584228004,1,0.9240951226964896,1.0,0,TC_PUNE_03,0,,
68.0424473082615,1,0.8101933696686585,1.0,0,TC_NASHIK_02,0,,
22.767434168286318,1,0.8481484222075172,1.0,0,TC_NAGPUR_01,0,,
37.89862427576993,1,0.9669508959374621,1.0,0,TC_MUMBAI_01,0,,
34.12059521918356,1,0.7582835888479734,1.0,0,TC_PUNE_03,0,,
41.69719492083911,1,0.8977755781547725,1.0,0,TC_NAGPUR_01,0,,
45.90023218658394,1,0.9402264029614964,1.0,0,TC_NASHIK_02,0,,
1.9993269900094246,19,,,0,TC_RURAL_MALPRACTICE_09,1,0.23082585296773966,0.0
30.519243090006164,1,0.873841037686086,1.0,0,TC_NAGPUR_01,0,,
40.046886015074215,1,0.9874532247330748,1.0,0,TC_MUMBAI_01,0,,
27.256998982670858,1,0.9556630347168704,1.0,0,TC_PUNE_03,0,,
2.386842300653822,17,,,1,TC_RURAL_MALPRACTICE_09,1,0.34042741646982516,0.0
51.327681068451085,1,0.7552903569329946,1.0,0,TC_NAGPUR_01,0,,
26.96504479779278,1,0.870378430088647,1.0,0,TC_MUMBAI_01,0,,
61.267124830053426,1,0.826469749219602,1.0,0,TC_NAGPUR_01,0,,
42.81055734730984,1,0.9570868668412473,1.0,0,TC_NAGPUR_01,0,,
34.59365211762828,1,0.5868108663778012,1.0,0,TC_PUNE_03,0,,
24.070692529557295,1,0.9950393361053006,1.0,0,TC_NASHIK_02,0,,
39.83097560599379,1,0.9617185721563533,1.0,0,TC_NAGPUR_01,0,,
50.36921727539555,1,0.9351809180565934,1.0,0,TC_PUNE_03,0,,
38.382859737488644,1,0.7824159016931453,1.0,0,TC_PUNE_03,0,,
32.602888914853935,1,0.8830069898916356,1.0,0,TC_NASHIK_02,0,,
33.56757952911661,1,0.7500392335360577,1.0,0,TC_NAGPUR_01,0,,
19.583008025827596,1,0.992482378969635,1.0,0,TC_MUMBAI_01,0,,
50.21118131476331,1,0.9763825077322106,1.0,0,TC_NAGPUR_01,0,,
24.13086019677497,1,0.9377815373478754,1.0,0,TC_NAGPUR_01,0,,
26.556314440518808,1,0.8013499756006696,1.0,0,TC_MUMBAI_01,0,,
38.02918200584632,1,0.6998809153569229,1.0,0,TC_NAGPUR_01,0,,
75.7332300908565,1,0.9759063263509776,1.0,0,TC_NASHIK_02,0,,
31.325024756160875,1,0.9574590796627191,1.0,0,TC_NASHIK_02,0,,
68.60822333039926,1,0.8345305705461414,1.0,0,TC_NASHIK_02,0,,
1.7003178459737571,13,,,0,TC_NAGPUR_01,1,0.5337044924091506,0.0
17.728941422854255,1,0.8752557169379577,1.0,0,TC_NAGPUR_01,0,,
48.69537419796842,1,0.9380420366732466,1.0,0,TC_NAGPUR_01,0,,
62.38455768591153,1,0.760445502604267,1.0,0,TC_NAGPUR_01,0,,
15.352258539384922,1,0.8865359928273364,1.0,0,TC_MUMBAI_01,0,,
29.819061246812527,1,0.7155371194293949,1.0,0,TC_NAGPUR_01,0,,
51.01732540609539,1,0.7967935577803271,1.0,0,TC_NAGPUR_01,0,,
37.08450050626682,1,0.8577920538619062,1.0,0,TC_NAGPUR_01,0,,
22.670739075790873,2,0.6405999336249831,1.0,0,TC_NASHIK_02,0,,
16.53863424466016,1,0.8155958319519606,1.0,0,TC_PUNE_03,0,,
2.13529498047271,17,,,1,TC_NAGPUR_01,1,0.43058191065607676,0.0
28.2197481249567,1,0.8362163066932978,1.0,0,TC_MUMBAI_01,0,,
23.86229813446232,2,0.7277525912870144,1.0,0,TC_MUMBAI_01,0,,
39.941197124041025,1,0.938596195172648,1.0,0,TC_PUNE_03,0,,
53.80084952287533,1,0.5908033490219111,1.0,0,TC_NAGPUR_01,0,,
27.438369635989684,1,0.8979674538570426,1.0,0,TC_MUMBAI_01,0,,
33.0627205044179,1,0.9981709291654991,1.0,0,TC_MUMBAI_01,0,,
35.55118233242198,1,0.8268904594527274,1.0,0,TC_MUMBAI_01,0,,
32.49744552712629,1,0.775892776483743,1.0,0,TC_NAGPUR_01,0,,
37.42851796502172,1,0.8008115649090708,1.0,0,TC_MUMBAI_01,0,,
33.1145440630398,1,0.8732111422156723,1.0,0,TC_PUNE_03,0,,
36.629980582212404,1,0.9438230546838908,1.0,0,TC_NAGPUR_01,0,,
36.34489091690384,1,0.8605228579446037,1.0,0,TC_NASHIK_02,0,,
56.68023207067857,1,0.8186524675298349,1.0,0,TC_NASHIK_02,0,,
49.826319092166756,1,0.8484657735636185,1.0,0,TC_PUNE_03,0,,
33.56520099233755,1,0.8256768676234889,1.0,0,TC_MUMBAI_01,0,,
40.1539421588247,1,0.8286374201021429,1.0,0,TC_NASHIK_02,0,,
35.75218166624312,1,0.8919535218161385,1.0,0,TC_NASHIK_02,0,,
33.38870274376238,2,0.9291026895793252,1.0,0,TC_NAGPUR_01,0,,
67.28839651482562,1,0.9488303502359637,1.0,0,TC_MUMBAI_01,0,,
16.259872989175506,1,0.8438515252304524,1.0,0,TC_PUNE_03,0,,
48.69103942942926,1,0.8189519729848541,1.0,0,TC_MUMBAI_01,0,,
47.786266461584596,1,0.9000328896757654,1.0,0,TC_NAGPUR_01,0,,
41.1948173813114,1,0.9343376495704186,0.0,0,TC_PUNE_03,0,,
32.233837647256266,1,0.916664748267836,1.0,0,TC_MUMBAI_01,0,,
38.44066706291481,1,0.8113162086819978,1.0,0,TC_NASHIK_02,0,,
28.067782415828223,1,0.9021257732326117,1.0,0,TC_NASHIK_02,0,,
0.9911905934910805,12,,,1,TC_NAGPUR_01,1,0.18511133941864397,1.0
34.423917757868466,1,0.911224854272233,1.0,0,TC_PUNE_03,0,,
41.54094622200797,1,0.9454326470411113,1.0,0,TC_NAGPUR_01,0,,
24.41036831172119,1,0.9812034669103854,1.0,0,TC_PUNE_03,0,,
78.31934171460568,1,0.8171509521221553,1.0,0,TC_PUNE_03,0,,
36.47007993288504,1,0.8531260194513038,1.0,0,TC_NASHIK_02,0,,
23.06653099279958,1,0.8992170195898719,1.0,0,TC_NASHIK_02,0,,
41.84981728964974,1,0.9734300812086568,1.0,0,TC_MUMBAI_01,0,,
20.551913840661072,1,0.8802787537915098,1.0,0,TC_NASHIK_02,0,,
25.896765088828246,1,0.9234342312273298,1.0,0,TC_MUMBAI_01,0,,
2.078598965276066,6,,,0,TC_RURAL_MALPRACTICE_09,1,0.3446268443358921,0.0
37.99248708791608,1,0.921937346574437,1.0,0,TC_PUNE_03,0,,
1.311340238063592,23,,,1,TC_RURAL_MALPRACTICE_09,1,0.15653465539962227,0.0
42.75539838840094,1,0.6576774137603375,1.0,0,TC_NAGPUR_01,0,,
34.11769251152274,1,0.7454702516338557,1.0,0,TC_NASHIK_02,0,,
68.94268181293783,1,0.9209187355455423,1.0,0,TC_PUNE_03,0,,
0.9763640990933284,21,,,1,TC_RURAL_MALPRACTICE_09,1,0.29659390977300515,0.0
23.049726301846626,1,0.934267562281463,1.0,0,TC_PUNE_03,0,,
36.29131445527388,1,0.8271155791524953,1.0,0,TC_NASHIK_02,0,,
39.69973568125397,1,0.7104041098167174,1.0,0,TC_MUMBAI_01,0,,
20.54899383717285,1,0.7694766519596632,1.0,0,TC_PUNE_03,0,,
31.427919410819207,1,0.903078892952681,1.0,0,TC_MUMBAI_01,0,,
34.36529751409806,1,0.9426060361600969,1.0,0,TC_NASHIK_02,0,,
27.29023623009419,1,0.7817428654917902,1.0,0,TC_NASHIK_02,0,,
26.013957225509028,1,0.8438536435628572,1.0,0,TC_NASHIK_02,0,,
43.10959878632257,2,0.6499956049778053,1.0,0,TC_PUNE_03,0,,
59.243854849150786,1,0.9253429783438182,1.0,0,TC_MUMBAI_01,0,,
35.88461911898521,1,0.9425027986611113,1.0,0,TC_NASHIK_02,0,,
48.860464154581436,1,0.6179747057763302,1.0,0,TC_MUMBAI_01,0,,
1.7024982736480854,10,,,0,TC_RURAL_MALPRACTICE_09,1,0.30503046017668367,0.0
72.12823330801767,2,0.8686211793509977,1.0,0,TC_PUNE_03,0,,
27.83274422547411,1,0.8219800227262197,1.0,0,TC_NASHIK_02,0,,
73.37309663446445,1,0.7920896638321308,1.0,0,TC_PUNE_03,0,,
18.48753116141683,1,0.8272133614505681,1.0,0,TC_MUMBAI_01,0,,
58.25393802544687,1,0.8070247088651791,1.0,0,TC_NAGPUR_01,0,,
22.80954638992059,1,0.9144829108859022,1.0,0,TC_PUNE_03,0,,
1.1424398961046798,23,,,1,TC_RURAL_MALPRACTICE_09,1,0.19996663750176197,0.0
60.60920320036668,1,0.7189236715004963,1.0,0,TC_MUMBAI_01,0,,
47.23707866756228,1,0.7519865399312206,1.0,0,TC_NAGPUR_01,0,,
48.73553763539851,1,0.9111028090781594,1.0,0,TC_NAGPUR_01,0,,
33.63330875769428,1,0.5840151191189248,1.0,0,TC_NAGPUR_01,0,,
24.31204861751577,1,0.8300535988902847,1.0,0,TC_NASHIK_02,0,,
43.097478031946125,1,0.8565634063874124,1.0,0,TC_MUMBAI_01,0,,
29.320112287239184,1,0.9362146816616316,1.0,0,TC_NAGPUR_01,0,,
47.337223192973354,1,0.8988839189434961,1.0,0,TC_MUMBAI_01,0,,
40.0179741154749,1,0.9078366389108419,1.0,0,TC_PUNE_03,0,,
31.320996565340135,1,0.9843181308747216,1.0,0,TC_MUMBAI_01,0,,
36.88757751080285,1,0.8810360587742939,1.0,0,TC_NAGPUR_01,0,,
29.22048113194568,1,0.5600199248611015,1.0,0,TC_NASHIK_02,0,,
37.572973969222744,1,0.7081963475665335,1.0,1,TC_NAGPUR_01,0,,
32.89537291568656,1,0.9600661607789449,1.0,0,TC_MUMBAI_01,0,,
30.033982051751288,1,0.7749172689320357,1.0,0,TC_NAGPUR_01,0,,
40.91550902021313,1,0.7522548170838891,1.0,0,TC_MUMBAI_01,0,,
0.6073662834812764,18,,,0,TC_NAGPUR_01,1,0.23559689419088028,0.0
21.658675647880745,1,0.9278646477403646,1.0,0,TC_PUNE_03,0,,
